15:50:24.959 [main] INFO  testCases.Tc_login - loginfunctionality test starting
15:50:25.007 [main] INFO  testCases.Tc_login - User Data Input start
15:50:25.506 [main] INFO  testCases.Tc_login - verify the login sucessful or not 
15:55:49.199 [main] INFO  testCases.Tc_login - loginfunctionality test starting
15:55:49.271 [main] INFO  testCases.Tc_login - User Data Input start
15:55:49.271 [main] INFO  testCases.Tc_login - username input
15:55:49.408 [main] INFO  testCases.Tc_login - passwd input
15:55:49.510 [main] INFO  testCases.Tc_login - click on T&C Radio button
15:55:49.600 [main] INFO  testCases.Tc_login - Click On Signin button
15:55:49.752 [main] INFO  testCases.Tc_login - verify the login sucessful or not 
15:56:14.026 [main] INFO  testCases.Tc_login - loginfunctionality test finished
16:04:31.525 [main] INFO  testCases.Tc_login - loginfunctionality test starting
16:04:31.581 [main] INFO  testCases.Tc_login - User Data Input start
16:04:31.581 [main] INFO  testCases.Tc_login - username input
16:04:31.709 [main] INFO  testCases.Tc_login - passwd input
16:04:31.871 [main] INFO  testCases.Tc_login - click on T&C Radio button
16:04:32.003 [main] INFO  testCases.Tc_login - Click On Signin button
16:04:32.124 [main] INFO  testCases.Tc_login - verify the login sucessful or not 
16:04:56.485 [main] INFO  testCases.Tc_login - loginfunctionality test finished
16:30:32.860 [main] INFO  testCases.Tc_login - OS: windows
16:30:32.864 [main] INFO  testCases.Tc_login - Browser: chrome
16:30:39.732 [main] INFO  testCases.Tc_login - loginfunctionality test starting
16:30:39.771 [main] INFO  testCases.Tc_login - User Data Input start
16:30:39.771 [main] INFO  testCases.Tc_login - username input
16:30:39.887 [main] INFO  testCases.Tc_login - passwd input
16:30:39.991 [main] INFO  testCases.Tc_login - click on T&C Radio button
16:30:40.094 [main] INFO  testCases.Tc_login - Click On Signin button
16:30:40.221 [main] INFO  testCases.Tc_login - verify the login sucessful or not 
16:31:04.521 [main] INFO  testCases.Tc_login - loginfunctionality test finished
16:35:54.684 [main] INFO  testCases.Tc_login - OS: windows
16:35:54.688 [main] INFO  testCases.Tc_login - Browser: chrome
16:35:59.041 [main] INFO  testCases.Tc_login - loginfunctionality test starting
16:35:59.069 [main] INFO  testCases.Tc_login - User Data Input start
16:35:59.069 [main] INFO  testCases.Tc_login - username input
16:35:59.192 [main] INFO  testCases.Tc_login - passwd input
16:35:59.310 [main] INFO  testCases.Tc_login - click on T&C Radio button
16:35:59.407 [main] INFO  testCases.Tc_login - Click On Signin button
16:35:59.518 [main] INFO  testCases.Tc_login - verify the login sucessful or not 
16:36:02.824 [main] INFO  testCases.Tc_login - loginfunctionality test finished
16:36:03.148 [main] INFO  testCases.Tc_login - OS: windows
16:36:03.149 [main] INFO  testCases.Tc_login - Browser: edge
16:36:03.382 [main] INFO  testCases.Tc_login - OS: windows
16:36:03.382 [main] INFO  testCases.Tc_login - Browser: firefox
16:36:09.263 [main] INFO  testCases.Tc_login - loginfunctionality test starting
16:36:09.263 [main] INFO  testCases.Tc_login - User Data Input start
16:36:09.263 [main] INFO  testCases.Tc_login - username input
16:36:09.413 [main] INFO  testCases.Tc_login - passwd input
16:36:09.513 [main] INFO  testCases.Tc_login - click on T&C Radio button
16:36:09.646 [main] INFO  testCases.Tc_login - Click On Signin button
16:36:10.051 [main] INFO  testCases.Tc_login - verify the login sucessful or not 
16:36:12.353 [main] INFO  testCases.Tc_login - loginfunctionality test finished
17:17:53.490 [main] INFO  testCases.Tc_login - OS: windows
17:17:53.494 [main] INFO  testCases.Tc_login - Browser: chrome
12:45:17.513 [main] INFO  testCases.Tc_loginDDT - OS: windows
12:45:17.517 [main] INFO  testCases.Tc_loginDDT - Browser: chrome
12:47:00.599 [main] INFO  testCases.Tc_loginDDT - OS: windows
12:47:00.603 [main] INFO  testCases.Tc_loginDDT - Browser: chrome
12:55:33.325 [main] INFO  testCases.Tc_login - OS: windows
12:55:33.332 [main] INFO  testCases.Tc_login - Browser: chrome
12:55:36.057 [main] INFO  testCases.Tc_login - OS: windows
12:55:36.058 [main] INFO  testCases.Tc_login - Browser: edge
12:55:36.422 [main] INFO  testCases.Tc_login - OS: windows
12:55:36.422 [main] INFO  testCases.Tc_login - Browser: firefox
12:59:49.866 [main] INFO  testCases.Tc_login - OS: windows
12:59:49.885 [main] INFO  testCases.Tc_login - Browser: chrome
12:59:55.415 [main] INFO  testCases.Tc_login - loginfunctionality test starting
12:59:55.474 [main] INFO  testCases.Tc_login - User Data Input start
12:59:55.474 [main] INFO  testCases.Tc_login - username input
12:59:55.687 [main] INFO  testCases.Tc_login - passwd input
12:59:55.873 [main] INFO  testCases.Tc_login - click on T&C Radio button
12:59:56.114 [main] INFO  testCases.Tc_login - Click On Signin button
12:59:56.292 [main] INFO  testCases.Tc_login - verify the login sucessful or not 
12:59:59.178 [main] INFO  testCases.Tc_login - loginfunctionality test finished
12:59:59.593 [main] INFO  testCases.Tc_login - OS: windows
12:59:59.593 [main] INFO  testCases.Tc_login - Browser: edge
13:00:00.085 [main] INFO  testCases.Tc_login - OS: windows
13:00:00.085 [main] INFO  testCases.Tc_login - Browser: firefox
13:01:04.391 [main] INFO  testCases.Tc_loginDDT - OS: windows
13:01:04.394 [main] INFO  testCases.Tc_loginDDT - Browser: chrome
13:13:38.855 [main] INFO  testCases.Tc_loginDDT - OS: windows
13:13:38.857 [main] INFO  testCases.Tc_loginDDT - Browser: chrome
13:14:55.685 [main] INFO  testCases.Tc_loginDDT - OS: windows
13:14:55.690 [main] INFO  testCases.Tc_loginDDT - Browser: chrome
13:18:48.816 [main] INFO  testCases.Tc_loginDDT - OS: windows
13:18:48.820 [main] INFO  testCases.Tc_loginDDT - Browser: chrome
13:19:07.185 [main] INFO  testCases.Tc_loginDDT - OS: windows
13:19:07.188 [main] INFO  testCases.Tc_loginDDT - Browser: chrome
13:19:27.648 [main] INFO  testCases.Tc_loginDDT - OS: windows
13:19:27.652 [main] INFO  testCases.Tc_loginDDT - Browser: chrome
13:20:09.046 [main] INFO  testCases.Tc_loginDDT - OS: windows
13:20:09.048 [main] INFO  testCases.Tc_loginDDT - Browser: chrome
13:20:33.479 [main] INFO  testCases.Tc_loginDDT - OS: windows
13:20:33.482 [main] INFO  testCases.Tc_loginDDT - Browser: chrome
13:22:40.777 [main] INFO  testCases.Tc_loginDDT - OS: windows
13:22:40.779 [main] INFO  testCases.Tc_loginDDT - Browser: chrome
13:28:12.580 [main] INFO  testCases.Tc_loginDDT - OS: windows
13:28:12.585 [main] INFO  testCases.Tc_loginDDT - Browser: chrome
13:30:38.622 [main] INFO  testCases.Tc_loginDDT - OS: windows
13:30:38.626 [main] INFO  testCases.Tc_loginDDT - Browser: chrome
13:33:42.279 [main] INFO  testCases.Tc_loginDDT - OS: windows
13:33:42.282 [main] INFO  testCases.Tc_loginDDT - Browser: chrome
13:34:44.081 [main] INFO  testCases.Tc_loginDDT - OS: windows
13:34:44.084 [main] INFO  testCases.Tc_loginDDT - Browser: chrome
13:35:20.802 [main] INFO  testCases.Tc_loginDDT - OS: windows
13:35:20.804 [main] INFO  testCases.Tc_loginDDT - Browser: chrome
13:36:06.759 [main] INFO  testCases.Tc_loginDDT - OS: windows
13:36:06.764 [main] INFO  testCases.Tc_loginDDT - Browser: chrome
13:41:23.942 [main] INFO  testCases.Tc_loginDDT - OS: windows
13:41:23.947 [main] INFO  testCases.Tc_loginDDT - Browser: chrome
13:42:49.313 [main] INFO  testCases.Tc_loginDDT - OS: windows
13:42:49.316 [main] INFO  testCases.Tc_loginDDT - Browser: chrome
13:45:44.185 [main] INFO  testCases.Tc_loginDDT - OS: windows
13:45:44.188 [main] INFO  testCases.Tc_loginDDT - Browser: chrome
14:10:38.994 [main] INFO  testCases.Tc_loginDDT - OS: windows
14:10:38.999 [main] INFO  testCases.Tc_loginDDT - Browser: chrome
14:12:49.570 [main] INFO  testCases.Tc_loginDDT - OS: windows
14:12:49.574 [main] INFO  testCases.Tc_loginDDT - Browser: chrome
14:16:00.237 [main] INFO  testCases.Tc_loginDDT - OS: windows
14:16:00.240 [main] INFO  testCases.Tc_loginDDT - Browser: chrome
14:16:31.867 [main] INFO  testCases.Tc_loginDDT - OS: windows
14:16:31.871 [main] INFO  testCases.Tc_loginDDT - Browser: chrome
14:19:07.045 [main] INFO  testCases.Tc_loginDDT - OS: windows
14:19:07.050 [main] INFO  testCases.Tc_loginDDT - Browser: chrome
14:22:46.914 [main] INFO  testCases.Tc_loginDDT - OS: windows
14:22:46.916 [main] INFO  testCases.Tc_loginDDT - Browser: chrome
14:23:39.902 [main] INFO  testCases.Tc_loginDDT - OS: windows
14:23:39.905 [main] INFO  testCases.Tc_loginDDT - Browser: chrome
14:25:34.591 [main] INFO  testCases.Tc_loginDDT - OS: windows
14:25:34.595 [main] INFO  testCases.Tc_loginDDT - Browser: chrome
14:50:48.271 [main] DEBUG org.apache.poi.openxml4j.opc.ZipPackage - Save core properties part
14:50:48.274 [main] DEBUG org.apache.poi.openxml4j.opc.ZipPackage - Save content types part
14:50:48.406 [main] DEBUG org.apache.poi.openxml4j.opc.ZipPackage - Save package relationships
14:50:48.422 [main] DEBUG org.apache.poi.openxml4j.opc.ZipPackage - Save part 'docProps/app.xml'
14:50:48.428 [main] DEBUG org.apache.poi.openxml4j.opc.ZipPackage - Save part 'docProps/core.xml'
14:50:48.435 [main] DEBUG org.apache.poi.openxml4j.opc.ZipPackage - Save part 'xl/sharedStrings.xml'
14:50:48.435 [main] DEBUG org.apache.poi.openxml4j.opc.ZipPackage - Save part 'xl/styles.xml'
14:50:48.436 [main] DEBUG org.apache.poi.openxml4j.opc.ZipPackage - Save part 'xl/workbook.xml'
14:50:48.438 [main] DEBUG org.apache.poi.openxml4j.opc.ZipPackage - Save part 'xl/worksheets/sheet1.xml'
14:50:48.442 [main] DEBUG org.apache.poi.openxml4j.opc.ZipPackage - Save content types part
14:50:48.443 [main] DEBUG org.apache.poi.openxml4j.opc.ZipPackage - Save package relationships
14:50:48.444 [main] DEBUG org.apache.poi.openxml4j.opc.ZipPackage - Save part 'docProps/app.xml'
14:50:48.445 [main] DEBUG org.apache.poi.openxml4j.opc.ZipPackage - Save part 'docProps/core.xml'
14:50:48.446 [main] DEBUG org.apache.poi.openxml4j.opc.ZipPackage - Save part 'xl/sharedStrings.xml'
14:50:48.446 [main] DEBUG org.apache.poi.openxml4j.opc.ZipPackage - Save part 'xl/styles.xml'
14:50:48.447 [main] DEBUG org.apache.poi.openxml4j.opc.ZipPackage - Save part 'xl/workbook.xml'
14:50:48.448 [main] DEBUG org.apache.poi.openxml4j.opc.ZipPackage - Save part 'xl/worksheets/sheet1.xml'
14:55:17.011 [main] INFO  testCases.Tc_loginDDT - OS: windows
14:55:17.016 [main] INFO  testCases.Tc_loginDDT - Browser: chrome
14:57:50.490 [main] INFO  testCases.Tc_login - OS: windows
14:57:50.493 [main] INFO  testCases.Tc_login - Browser: chrome
14:57:53.920 [main] INFO  testCases.Tc_login - loginfunctionality test starting
14:57:53.945 [main] INFO  testCases.Tc_login - User Data Input start
14:57:53.945 [main] INFO  testCases.Tc_login - username input
14:57:54.072 [main] INFO  testCases.Tc_login - passwd input
14:57:54.177 [main] INFO  testCases.Tc_login - click on T&C Radio button
14:57:54.274 [main] INFO  testCases.Tc_login - Click On Signin button
14:57:54.377 [main] INFO  testCases.Tc_login - verify the login sucessful or not 
14:57:57.061 [main] INFO  testCases.Tc_login - loginfunctionality test finished
14:57:57.227 [main] INFO  testCases.Tc_login - OS: windows
14:57:57.227 [main] INFO  testCases.Tc_login - Browser: edge
14:57:57.455 [main] INFO  testCases.Tc_login - OS: windows
14:57:57.455 [main] INFO  testCases.Tc_login - Browser: firefox
14:58:02.388 [main] INFO  testCases.Tc_login - loginfunctionality test starting
14:58:02.388 [main] INFO  testCases.Tc_login - User Data Input start
14:58:02.388 [main] INFO  testCases.Tc_login - username input
14:58:02.528 [main] INFO  testCases.Tc_login - passwd input
14:58:02.671 [main] INFO  testCases.Tc_login - click on T&C Radio button
14:58:02.870 [main] INFO  testCases.Tc_login - Click On Signin button
14:58:03.219 [main] INFO  testCases.Tc_login - verify the login sucessful or not 
14:58:05.490 [main] INFO  testCases.Tc_login - loginfunctionality test finished
14:58:12.499 [main] INFO  testCases.Tc_login - OS: windows
14:58:12.502 [main] INFO  testCases.Tc_login - Browser: chrome
14:58:16.477 [main] INFO  testCases.Tc_login - loginfunctionality test starting
14:58:16.500 [main] INFO  testCases.Tc_login - User Data Input start
14:58:16.500 [main] INFO  testCases.Tc_login - username input
14:58:16.611 [main] INFO  testCases.Tc_login - passwd input
14:58:16.718 [main] INFO  testCases.Tc_login - click on T&C Radio button
14:58:16.815 [main] INFO  testCases.Tc_login - Click On Signin button
14:58:16.932 [main] INFO  testCases.Tc_login - verify the login sucessful or not 
14:58:19.494 [main] INFO  testCases.Tc_login - loginfunctionality test finished
14:58:19.745 [main] INFO  testCases.Tc_login - OS: windows
14:58:19.745 [main] INFO  testCases.Tc_login - Browser: edge
14:58:19.959 [main] INFO  testCases.Tc_login - OS: windows
14:58:19.959 [main] INFO  testCases.Tc_login - Browser: firefox
14:58:23.824 [main] INFO  testCases.Tc_login - loginfunctionality test starting
14:58:23.825 [main] INFO  testCases.Tc_login - User Data Input start
14:58:23.825 [main] INFO  testCases.Tc_login - username input
14:58:24.008 [main] INFO  testCases.Tc_login - passwd input
14:58:24.123 [main] INFO  testCases.Tc_login - click on T&C Radio button
14:58:24.287 [main] INFO  testCases.Tc_login - Click On Signin button
14:58:24.549 [main] INFO  testCases.Tc_login - verify the login sucessful or not 
14:58:26.931 [main] INFO  testCases.Tc_login - loginfunctionality test finished
14:58:45.528 [main] INFO  testCases.Tc_login - OS: windows
14:58:45.532 [main] INFO  testCases.Tc_login - Browser: chrome
14:58:49.007 [main] INFO  testCases.Tc_login - loginfunctionality test starting
14:58:49.034 [main] INFO  testCases.Tc_login - User Data Input start
14:58:49.034 [main] INFO  testCases.Tc_login - username input
14:58:49.135 [main] INFO  testCases.Tc_login - passwd input
14:58:49.243 [main] INFO  testCases.Tc_login - click on T&C Radio button
14:58:49.339 [main] INFO  testCases.Tc_login - Click On Signin button
14:58:49.450 [main] INFO  testCases.Tc_login - verify the login sucessful or not 
14:58:52.030 [main] INFO  testCases.Tc_login - loginfunctionality test finished
14:58:52.306 [main] INFO  testCases.Tc_login - OS: windows
14:58:52.306 [main] INFO  testCases.Tc_login - Browser: edge
14:58:52.472 [main] INFO  testCases.Tc_login - OS: windows
14:58:52.472 [main] INFO  testCases.Tc_login - Browser: firefox
14:58:57.739 [main] INFO  testCases.Tc_login - loginfunctionality test starting
14:58:57.740 [main] INFO  testCases.Tc_login - User Data Input start
14:58:57.740 [main] INFO  testCases.Tc_login - username input
14:58:57.843 [main] ERROR testCases.Tc_login - Test case failed
14:59:21.320 [main] INFO  testCases.Tc_login - OS: windows
14:59:21.323 [main] INFO  testCases.Tc_login - Browser: chrome
14:59:24.792 [main] INFO  testCases.Tc_login - loginfunctionality test starting
14:59:24.820 [main] INFO  testCases.Tc_login - User Data Input start
14:59:24.820 [main] INFO  testCases.Tc_login - username input
14:59:24.923 [main] INFO  testCases.Tc_login - passwd input
14:59:25.032 [main] INFO  testCases.Tc_login - click on T&C Radio button
14:59:25.128 [main] INFO  testCases.Tc_login - Click On Signin button
14:59:25.238 [main] INFO  testCases.Tc_login - verify the login sucessful or not 
14:59:26.866 [main] ERROR testCases.Tc_login - Test case failed
14:59:27.024 [main] INFO  testCases.Tc_login - OS: windows
14:59:27.025 [main] INFO  testCases.Tc_login - Browser: edge
14:59:27.208 [main] INFO  testCases.Tc_login - OS: windows
14:59:27.208 [main] INFO  testCases.Tc_login - Browser: firefox
14:59:30.991 [main] INFO  testCases.Tc_login - loginfunctionality test starting
14:59:30.992 [main] INFO  testCases.Tc_login - User Data Input start
14:59:30.992 [main] INFO  testCases.Tc_login - username input
14:59:31.187 [main] INFO  testCases.Tc_login - passwd input
14:59:31.337 [main] INFO  testCases.Tc_login - click on T&C Radio button
14:59:31.718 [main] INFO  testCases.Tc_login - Click On Signin button
14:59:31.878 [main] INFO  testCases.Tc_login - verify the login sucessful or not 
14:59:34.386 [main] INFO  testCases.Tc_login - loginfunctionality test finished
14:59:59.276 [main] INFO  testCases.Tc_loginDDT - OS: windows
14:59:59.279 [main] INFO  testCases.Tc_loginDDT - Browser: chrome
15:00:38.098 [main] INFO  testCases.Tc_loginDDT - OS: windows
15:00:38.101 [main] INFO  testCases.Tc_loginDDT - Browser: chrome
15:04:05.985 [main] INFO  testCases.Tc_loginDDT - OS: windows
15:04:05.988 [main] INFO  testCases.Tc_loginDDT - Browser: chrome
15:05:13.975 [main] DEBUG org.apache.poi.openxml4j.opc.PackageRelationshipCollection - Parsing relationship: /xl/_rels/workbook.xml.rels
15:05:13.987 [main] DEBUG org.apache.poi.openxml4j.opc.PackageRelationshipCollection - Parsing relationship: /_rels/.rels
15:05:18.805 [main] INFO  testCases.Tc_loginDDT - OS: windows
15:05:18.808 [main] INFO  testCases.Tc_loginDDT - Browser: chrome
15:07:33.811 [main] DEBUG org.apache.poi.openxml4j.opc.PackageRelationshipCollection - Parsing relationship: /xl/_rels/workbook.xml.rels
15:07:33.822 [main] DEBUG org.apache.poi.openxml4j.opc.PackageRelationshipCollection - Parsing relationship: /_rels/.rels
15:08:01.562 [main] DEBUG org.apache.poi.openxml4j.opc.PackageRelationshipCollection - Parsing relationship: /xl/_rels/workbook.xml.rels
15:08:01.577 [main] DEBUG org.apache.poi.openxml4j.opc.PackageRelationshipCollection - Parsing relationship: /_rels/.rels
15:08:45.047 [main] DEBUG org.apache.poi.openxml4j.opc.PackageRelationshipCollection - Parsing relationship: /xl/_rels/workbook.xml.rels
15:08:45.058 [main] DEBUG org.apache.poi.openxml4j.opc.PackageRelationshipCollection - Parsing relationship: /_rels/.rels
15:08:50.386 [main] INFO  testCases.Tc_loginDDT - loginfunctionality_DDT test starting
15:08:50.427 [main] INFO  testCases.Tc_loginDDT - User Data Input start
15:08:50.427 [main] INFO  testCases.Tc_loginDDT - username input
15:08:50.557 [main] INFO  testCases.Tc_loginDDT - passwd input
15:08:50.663 [main] INFO  testCases.Tc_loginDDT - click on T&C Radio button
15:08:50.779 [main] INFO  testCases.Tc_loginDDT - Click On Signin button
15:08:50.910 [main] INFO  testCases.Tc_loginDDT - verify the login sucessful or not 
15:09:00.979 [main] ERROR testCases.Tc_loginDDT - Test case failed
15:11:10.141 [main] INFO  testCases.Tc_loginDDT - OS: windows
15:11:10.143 [main] INFO  testCases.Tc_loginDDT - Browser: chrome
15:11:14.495 [main] DEBUG org.apache.poi.openxml4j.opc.PackageRelationshipCollection - Parsing relationship: /xl/_rels/workbook.xml.rels
15:11:14.497 [main] DEBUG org.apache.poi.openxml4j.opc.PackageRelationshipCollection - Parsing relationship: /xl/worksheets/_rels/sheet1.xml.rels
15:11:14.498 [main] DEBUG org.apache.poi.openxml4j.opc.PackageRelationshipCollection - Parsing relationship: /_rels/.rels
15:11:14.867 [main] DEBUG org.apache.poi.ooxml.POIXMLFactory - using default POIXMLDocumentPart for http://schemas.microsoft.com/office/2017/10/relationships/person
15:11:14.971 [main] DEBUG org.apache.poi.openxml4j.opc.PackageRelationshipCollection - Parsing relationship: /xl/_rels/workbook.xml.rels
15:11:14.972 [main] DEBUG org.apache.poi.openxml4j.opc.PackageRelationshipCollection - Parsing relationship: /xl/worksheets/_rels/sheet1.xml.rels
15:11:14.973 [main] DEBUG org.apache.poi.openxml4j.opc.PackageRelationshipCollection - Parsing relationship: /_rels/.rels
15:11:14.983 [main] DEBUG org.apache.poi.ooxml.POIXMLFactory - using default POIXMLDocumentPart for http://schemas.microsoft.com/office/2017/10/relationships/person
15:11:14.999 [main] DEBUG org.apache.poi.openxml4j.opc.PackageRelationshipCollection - Parsing relationship: /xl/_rels/workbook.xml.rels
15:11:15.000 [main] DEBUG org.apache.poi.openxml4j.opc.PackageRelationshipCollection - Parsing relationship: /xl/worksheets/_rels/sheet1.xml.rels
15:11:15.001 [main] DEBUG org.apache.poi.openxml4j.opc.PackageRelationshipCollection - Parsing relationship: /_rels/.rels
15:11:15.013 [main] DEBUG org.apache.poi.ooxml.POIXMLFactory - using default POIXMLDocumentPart for http://schemas.microsoft.com/office/2017/10/relationships/person
15:11:15.041 [main] DEBUG org.apache.poi.openxml4j.opc.PackageRelationshipCollection - Parsing relationship: /xl/_rels/workbook.xml.rels
15:11:15.042 [main] DEBUG org.apache.poi.openxml4j.opc.PackageRelationshipCollection - Parsing relationship: /xl/worksheets/_rels/sheet1.xml.rels
15:11:15.042 [main] DEBUG org.apache.poi.openxml4j.opc.PackageRelationshipCollection - Parsing relationship: /_rels/.rels
15:11:15.051 [main] DEBUG org.apache.poi.ooxml.POIXMLFactory - using default POIXMLDocumentPart for http://schemas.microsoft.com/office/2017/10/relationships/person
15:11:15.069 [main] DEBUG org.apache.poi.openxml4j.opc.PackageRelationshipCollection - Parsing relationship: /xl/_rels/workbook.xml.rels
15:11:15.071 [main] DEBUG org.apache.poi.openxml4j.opc.PackageRelationshipCollection - Parsing relationship: /xl/worksheets/_rels/sheet1.xml.rels
15:11:15.072 [main] DEBUG org.apache.poi.openxml4j.opc.PackageRelationshipCollection - Parsing relationship: /_rels/.rels
15:11:15.079 [main] DEBUG org.apache.poi.ooxml.POIXMLFactory - using default POIXMLDocumentPart for http://schemas.microsoft.com/office/2017/10/relationships/person
15:11:15.093 [main] DEBUG org.apache.poi.openxml4j.opc.PackageRelationshipCollection - Parsing relationship: /xl/_rels/workbook.xml.rels
15:11:15.093 [main] DEBUG org.apache.poi.openxml4j.opc.PackageRelationshipCollection - Parsing relationship: /xl/worksheets/_rels/sheet1.xml.rels
15:11:15.094 [main] DEBUG org.apache.poi.openxml4j.opc.PackageRelationshipCollection - Parsing relationship: /_rels/.rels
15:11:15.101 [main] DEBUG org.apache.poi.ooxml.POIXMLFactory - using default POIXMLDocumentPart for http://schemas.microsoft.com/office/2017/10/relationships/person
15:11:15.114 [main] DEBUG org.apache.poi.openxml4j.opc.PackageRelationshipCollection - Parsing relationship: /xl/_rels/workbook.xml.rels
15:11:15.115 [main] DEBUG org.apache.poi.openxml4j.opc.PackageRelationshipCollection - Parsing relationship: /xl/worksheets/_rels/sheet1.xml.rels
15:11:15.116 [main] DEBUG org.apache.poi.openxml4j.opc.PackageRelationshipCollection - Parsing relationship: /_rels/.rels
15:11:15.125 [main] DEBUG org.apache.poi.ooxml.POIXMLFactory - using default POIXMLDocumentPart for http://schemas.microsoft.com/office/2017/10/relationships/person
15:11:31.323 [main] INFO  testCases.Tc_loginDDT - OS: windows
15:11:31.326 [main] INFO  testCases.Tc_loginDDT - Browser: chrome
15:12:03.593 [main] DEBUG org.apache.poi.openxml4j.opc.PackageRelationshipCollection - Parsing relationship: /xl/_rels/workbook.xml.rels
15:12:03.613 [main] DEBUG org.apache.poi.openxml4j.opc.PackageRelationshipCollection - Parsing relationship: /xl/worksheets/_rels/sheet1.xml.rels
15:12:03.619 [main] DEBUG org.apache.poi.openxml4j.opc.PackageRelationshipCollection - Parsing relationship: /_rels/.rels
15:12:06.162 [main] DEBUG org.apache.poi.ooxml.POIXMLFactory - using default POIXMLDocumentPart for http://schemas.microsoft.com/office/2017/10/relationships/person
15:13:17.150 [main] DEBUG org.apache.poi.openxml4j.opc.PackageRelationshipCollection - Parsing relationship: /xl/_rels/workbook.xml.rels
15:13:17.163 [main] DEBUG org.apache.poi.openxml4j.opc.PackageRelationshipCollection - Parsing relationship: /xl/worksheets/_rels/sheet1.xml.rels
15:13:17.170 [main] DEBUG org.apache.poi.openxml4j.opc.PackageRelationshipCollection - Parsing relationship: /_rels/.rels
15:13:17.266 [main] DEBUG org.apache.poi.ooxml.POIXMLFactory - using default POIXMLDocumentPart for http://schemas.microsoft.com/office/2017/10/relationships/person
15:13:30.844 [main] DEBUG org.apache.poi.openxml4j.opc.PackageRelationshipCollection - Parsing relationship: /xl/_rels/workbook.xml.rels
15:13:30.855 [main] DEBUG org.apache.poi.openxml4j.opc.PackageRelationshipCollection - Parsing relationship: /xl/worksheets/_rels/sheet1.xml.rels
15:13:30.864 [main] DEBUG org.apache.poi.openxml4j.opc.PackageRelationshipCollection - Parsing relationship: /_rels/.rels
15:13:30.958 [main] DEBUG org.apache.poi.ooxml.POIXMLFactory - using default POIXMLDocumentPart for http://schemas.microsoft.com/office/2017/10/relationships/person
15:14:07.063 [main] DEBUG org.apache.poi.openxml4j.opc.PackageRelationshipCollection - Parsing relationship: /xl/_rels/workbook.xml.rels
15:14:07.076 [main] DEBUG org.apache.poi.openxml4j.opc.PackageRelationshipCollection - Parsing relationship: /xl/worksheets/_rels/sheet1.xml.rels
15:14:07.083 [main] DEBUG org.apache.poi.openxml4j.opc.PackageRelationshipCollection - Parsing relationship: /_rels/.rels
15:14:07.193 [main] DEBUG org.apache.poi.ooxml.POIXMLFactory - using default POIXMLDocumentPart for http://schemas.microsoft.com/office/2017/10/relationships/person
15:14:23.968 [main] DEBUG org.apache.poi.openxml4j.opc.PackageRelationshipCollection - Parsing relationship: /xl/_rels/workbook.xml.rels
15:14:23.981 [main] DEBUG org.apache.poi.openxml4j.opc.PackageRelationshipCollection - Parsing relationship: /xl/worksheets/_rels/sheet1.xml.rels
15:14:23.988 [main] DEBUG org.apache.poi.openxml4j.opc.PackageRelationshipCollection - Parsing relationship: /_rels/.rels
15:14:24.078 [main] DEBUG org.apache.poi.ooxml.POIXMLFactory - using default POIXMLDocumentPart for http://schemas.microsoft.com/office/2017/10/relationships/person
15:14:52.044 [main] DEBUG org.apache.poi.openxml4j.opc.PackageRelationshipCollection - Parsing relationship: /xl/_rels/workbook.xml.rels
15:14:52.057 [main] DEBUG org.apache.poi.openxml4j.opc.PackageRelationshipCollection - Parsing relationship: /xl/worksheets/_rels/sheet1.xml.rels
15:14:52.065 [main] DEBUG org.apache.poi.openxml4j.opc.PackageRelationshipCollection - Parsing relationship: /_rels/.rels
15:14:52.156 [main] DEBUG org.apache.poi.ooxml.POIXMLFactory - using default POIXMLDocumentPart for http://schemas.microsoft.com/office/2017/10/relationships/person
15:15:25.933 [main] DEBUG org.apache.poi.openxml4j.opc.PackageRelationshipCollection - Parsing relationship: /xl/_rels/workbook.xml.rels
15:15:25.945 [main] DEBUG org.apache.poi.openxml4j.opc.PackageRelationshipCollection - Parsing relationship: /xl/worksheets/_rels/sheet1.xml.rels
15:15:25.953 [main] DEBUG org.apache.poi.openxml4j.opc.PackageRelationshipCollection - Parsing relationship: /_rels/.rels
15:15:26.048 [main] DEBUG org.apache.poi.ooxml.POIXMLFactory - using default POIXMLDocumentPart for http://schemas.microsoft.com/office/2017/10/relationships/person
15:16:10.861 [main] INFO  testCases.Tc_loginDDT - OS: windows
15:16:10.864 [main] INFO  testCases.Tc_loginDDT - Browser: chrome
15:16:15.442 [main] DEBUG org.apache.poi.openxml4j.opc.PackageRelationshipCollection - Parsing relationship: /xl/_rels/workbook.xml.rels
15:16:15.446 [main] DEBUG org.apache.poi.openxml4j.opc.PackageRelationshipCollection - Parsing relationship: /xl/worksheets/_rels/sheet1.xml.rels
15:16:15.447 [main] DEBUG org.apache.poi.openxml4j.opc.PackageRelationshipCollection - Parsing relationship: /_rels/.rels
15:16:15.819 [main] DEBUG org.apache.poi.ooxml.POIXMLFactory - using default POIXMLDocumentPart for http://schemas.microsoft.com/office/2017/10/relationships/person
15:16:15.939 [main] DEBUG org.apache.poi.openxml4j.opc.PackageRelationshipCollection - Parsing relationship: /xl/_rels/workbook.xml.rels
15:16:15.941 [main] DEBUG org.apache.poi.openxml4j.opc.PackageRelationshipCollection - Parsing relationship: /xl/worksheets/_rels/sheet1.xml.rels
15:16:15.942 [main] DEBUG org.apache.poi.openxml4j.opc.PackageRelationshipCollection - Parsing relationship: /_rels/.rels
15:16:15.953 [main] DEBUG org.apache.poi.ooxml.POIXMLFactory - using default POIXMLDocumentPart for http://schemas.microsoft.com/office/2017/10/relationships/person
15:16:15.965 [main] DEBUG org.apache.poi.openxml4j.opc.PackageRelationshipCollection - Parsing relationship: /xl/_rels/workbook.xml.rels
15:16:15.966 [main] DEBUG org.apache.poi.openxml4j.opc.PackageRelationshipCollection - Parsing relationship: /xl/worksheets/_rels/sheet1.xml.rels
15:16:15.967 [main] DEBUG org.apache.poi.openxml4j.opc.PackageRelationshipCollection - Parsing relationship: /_rels/.rels
15:16:15.975 [main] DEBUG org.apache.poi.ooxml.POIXMLFactory - using default POIXMLDocumentPart for http://schemas.microsoft.com/office/2017/10/relationships/person
15:16:15.996 [main] DEBUG org.apache.poi.openxml4j.opc.PackageRelationshipCollection - Parsing relationship: /xl/_rels/workbook.xml.rels
15:16:15.997 [main] DEBUG org.apache.poi.openxml4j.opc.PackageRelationshipCollection - Parsing relationship: /xl/worksheets/_rels/sheet1.xml.rels
15:16:15.998 [main] DEBUG org.apache.poi.openxml4j.opc.PackageRelationshipCollection - Parsing relationship: /_rels/.rels
15:16:16.006 [main] DEBUG org.apache.poi.ooxml.POIXMLFactory - using default POIXMLDocumentPart for http://schemas.microsoft.com/office/2017/10/relationships/person
15:16:16.022 [main] DEBUG org.apache.poi.openxml4j.opc.PackageRelationshipCollection - Parsing relationship: /xl/_rels/workbook.xml.rels
15:16:16.023 [main] DEBUG org.apache.poi.openxml4j.opc.PackageRelationshipCollection - Parsing relationship: /xl/worksheets/_rels/sheet1.xml.rels
15:16:16.024 [main] DEBUG org.apache.poi.openxml4j.opc.PackageRelationshipCollection - Parsing relationship: /_rels/.rels
15:16:16.035 [main] DEBUG org.apache.poi.ooxml.POIXMLFactory - using default POIXMLDocumentPart for http://schemas.microsoft.com/office/2017/10/relationships/person
15:16:16.051 [main] DEBUG org.apache.poi.openxml4j.opc.PackageRelationshipCollection - Parsing relationship: /xl/_rels/workbook.xml.rels
15:16:16.053 [main] DEBUG org.apache.poi.openxml4j.opc.PackageRelationshipCollection - Parsing relationship: /xl/worksheets/_rels/sheet1.xml.rels
15:16:16.053 [main] DEBUG org.apache.poi.openxml4j.opc.PackageRelationshipCollection - Parsing relationship: /_rels/.rels
15:16:16.062 [main] DEBUG org.apache.poi.ooxml.POIXMLFactory - using default POIXMLDocumentPart for http://schemas.microsoft.com/office/2017/10/relationships/person
15:16:16.075 [main] DEBUG org.apache.poi.openxml4j.opc.PackageRelationshipCollection - Parsing relationship: /xl/_rels/workbook.xml.rels
15:16:16.078 [main] DEBUG org.apache.poi.openxml4j.opc.PackageRelationshipCollection - Parsing relationship: /xl/worksheets/_rels/sheet1.xml.rels
15:16:16.079 [main] DEBUG org.apache.poi.openxml4j.opc.PackageRelationshipCollection - Parsing relationship: /_rels/.rels
15:16:16.086 [main] DEBUG org.apache.poi.ooxml.POIXMLFactory - using default POIXMLDocumentPart for http://schemas.microsoft.com/office/2017/10/relationships/person
15:21:25.171 [main] INFO  testCases.Tc_loginDDT - OS: windows
15:21:25.175 [main] INFO  testCases.Tc_loginDDT - Browser: chrome
15:21:29.028 [main] DEBUG org.apache.poi.openxml4j.opc.PackageRelationshipCollection - Parsing relationship: /xl/_rels/workbook.xml.rels
15:21:29.030 [main] DEBUG org.apache.poi.openxml4j.opc.PackageRelationshipCollection - Parsing relationship: /xl/worksheets/_rels/sheet1.xml.rels
15:21:29.031 [main] DEBUG org.apache.poi.openxml4j.opc.PackageRelationshipCollection - Parsing relationship: /_rels/.rels
15:21:29.369 [main] DEBUG org.apache.poi.ooxml.POIXMLFactory - using default POIXMLDocumentPart for http://schemas.microsoft.com/office/2017/10/relationships/person
15:21:29.464 [main] DEBUG org.apache.poi.openxml4j.opc.PackageRelationshipCollection - Parsing relationship: /xl/_rels/workbook.xml.rels
15:21:29.466 [main] DEBUG org.apache.poi.openxml4j.opc.PackageRelationshipCollection - Parsing relationship: /xl/worksheets/_rels/sheet1.xml.rels
15:21:29.466 [main] DEBUG org.apache.poi.openxml4j.opc.PackageRelationshipCollection - Parsing relationship: /_rels/.rels
15:21:29.477 [main] DEBUG org.apache.poi.ooxml.POIXMLFactory - using default POIXMLDocumentPart for http://schemas.microsoft.com/office/2017/10/relationships/person
15:21:29.491 [main] DEBUG org.apache.poi.openxml4j.opc.PackageRelationshipCollection - Parsing relationship: /xl/_rels/workbook.xml.rels
15:21:29.492 [main] DEBUG org.apache.poi.openxml4j.opc.PackageRelationshipCollection - Parsing relationship: /xl/worksheets/_rels/sheet1.xml.rels
15:21:29.493 [main] DEBUG org.apache.poi.openxml4j.opc.PackageRelationshipCollection - Parsing relationship: /_rels/.rels
15:21:29.504 [main] DEBUG org.apache.poi.ooxml.POIXMLFactory - using default POIXMLDocumentPart for http://schemas.microsoft.com/office/2017/10/relationships/person
15:21:29.532 [main] DEBUG org.apache.poi.openxml4j.opc.PackageRelationshipCollection - Parsing relationship: /xl/_rels/workbook.xml.rels
15:21:29.533 [main] DEBUG org.apache.poi.openxml4j.opc.PackageRelationshipCollection - Parsing relationship: /xl/worksheets/_rels/sheet1.xml.rels
15:21:29.534 [main] DEBUG org.apache.poi.openxml4j.opc.PackageRelationshipCollection - Parsing relationship: /_rels/.rels
15:21:29.545 [main] DEBUG org.apache.poi.ooxml.POIXMLFactory - using default POIXMLDocumentPart for http://schemas.microsoft.com/office/2017/10/relationships/person
15:21:29.560 [main] DEBUG org.apache.poi.openxml4j.opc.PackageRelationshipCollection - Parsing relationship: /xl/_rels/workbook.xml.rels
15:21:29.561 [main] DEBUG org.apache.poi.openxml4j.opc.PackageRelationshipCollection - Parsing relationship: /xl/worksheets/_rels/sheet1.xml.rels
15:21:29.562 [main] DEBUG org.apache.poi.openxml4j.opc.PackageRelationshipCollection - Parsing relationship: /_rels/.rels
15:21:29.574 [main] DEBUG org.apache.poi.ooxml.POIXMLFactory - using default POIXMLDocumentPart for http://schemas.microsoft.com/office/2017/10/relationships/person
15:21:29.585 [main] DEBUG org.apache.poi.openxml4j.opc.PackageRelationshipCollection - Parsing relationship: /xl/_rels/workbook.xml.rels
15:21:29.588 [main] DEBUG org.apache.poi.openxml4j.opc.PackageRelationshipCollection - Parsing relationship: /xl/worksheets/_rels/sheet1.xml.rels
15:21:29.589 [main] DEBUG org.apache.poi.openxml4j.opc.PackageRelationshipCollection - Parsing relationship: /_rels/.rels
15:21:29.596 [main] DEBUG org.apache.poi.ooxml.POIXMLFactory - using default POIXMLDocumentPart for http://schemas.microsoft.com/office/2017/10/relationships/person
15:21:29.609 [main] DEBUG org.apache.poi.openxml4j.opc.PackageRelationshipCollection - Parsing relationship: /xl/_rels/workbook.xml.rels
15:21:29.610 [main] DEBUG org.apache.poi.openxml4j.opc.PackageRelationshipCollection - Parsing relationship: /xl/worksheets/_rels/sheet1.xml.rels
15:21:29.611 [main] DEBUG org.apache.poi.openxml4j.opc.PackageRelationshipCollection - Parsing relationship: /_rels/.rels
15:21:29.618 [main] DEBUG org.apache.poi.ooxml.POIXMLFactory - using default POIXMLDocumentPart for http://schemas.microsoft.com/office/2017/10/relationships/person
15:23:03.027 [main] DEBUG org.apache.poi.openxml4j.opc.PackageRelationshipCollection - Parsing relationship: /xl/_rels/workbook.xml.rels
15:23:03.032 [main] DEBUG org.apache.poi.openxml4j.opc.PackageRelationshipCollection - Parsing relationship: /xl/worksheets/_rels/sheet1.xml.rels
15:23:03.033 [main] DEBUG org.apache.poi.openxml4j.opc.PackageRelationshipCollection - Parsing relationship: /_rels/.rels
15:23:03.429 [main] DEBUG org.apache.poi.ooxml.POIXMLFactory - using default POIXMLDocumentPart for http://schemas.microsoft.com/office/2017/10/relationships/person
15:23:12.928 [main] DEBUG org.apache.poi.openxml4j.opc.PackageRelationshipCollection - Parsing relationship: /xl/_rels/workbook.xml.rels
15:23:12.930 [main] DEBUG org.apache.poi.openxml4j.opc.PackageRelationshipCollection - Parsing relationship: /xl/worksheets/_rels/sheet1.xml.rels
15:23:12.931 [main] DEBUG org.apache.poi.openxml4j.opc.PackageRelationshipCollection - Parsing relationship: /_rels/.rels
15:23:12.945 [main] DEBUG org.apache.poi.ooxml.POIXMLFactory - using default POIXMLDocumentPart for http://schemas.microsoft.com/office/2017/10/relationships/person
15:23:12.963 [main] DEBUG org.apache.poi.openxml4j.opc.PackageRelationshipCollection - Parsing relationship: /xl/_rels/workbook.xml.rels
15:23:12.966 [main] DEBUG org.apache.poi.openxml4j.opc.PackageRelationshipCollection - Parsing relationship: /xl/worksheets/_rels/sheet1.xml.rels
15:23:12.967 [main] DEBUG org.apache.poi.openxml4j.opc.PackageRelationshipCollection - Parsing relationship: /_rels/.rels
15:23:12.980 [main] DEBUG org.apache.poi.ooxml.POIXMLFactory - using default POIXMLDocumentPart for http://schemas.microsoft.com/office/2017/10/relationships/person
15:23:18.438 [main] DEBUG org.apache.poi.openxml4j.opc.PackageRelationshipCollection - Parsing relationship: /xl/_rels/workbook.xml.rels
15:23:18.441 [main] DEBUG org.apache.poi.openxml4j.opc.PackageRelationshipCollection - Parsing relationship: /xl/worksheets/_rels/sheet1.xml.rels
15:23:18.443 [main] DEBUG org.apache.poi.openxml4j.opc.PackageRelationshipCollection - Parsing relationship: /_rels/.rels
15:23:18.453 [main] DEBUG org.apache.poi.ooxml.POIXMLFactory - using default POIXMLDocumentPart for http://schemas.microsoft.com/office/2017/10/relationships/person
15:23:23.652 [main] DEBUG org.apache.poi.openxml4j.opc.PackageRelationshipCollection - Parsing relationship: /xl/_rels/workbook.xml.rels
15:23:23.656 [main] DEBUG org.apache.poi.openxml4j.opc.PackageRelationshipCollection - Parsing relationship: /xl/worksheets/_rels/sheet1.xml.rels
15:23:23.658 [main] DEBUG org.apache.poi.openxml4j.opc.PackageRelationshipCollection - Parsing relationship: /_rels/.rels
15:23:23.668 [main] DEBUG org.apache.poi.ooxml.POIXMLFactory - using default POIXMLDocumentPart for http://schemas.microsoft.com/office/2017/10/relationships/person
15:23:29.857 [main] DEBUG org.apache.poi.openxml4j.opc.PackageRelationshipCollection - Parsing relationship: /xl/_rels/workbook.xml.rels
15:23:29.858 [main] DEBUG org.apache.poi.openxml4j.opc.PackageRelationshipCollection - Parsing relationship: /xl/worksheets/_rels/sheet1.xml.rels
15:23:29.859 [main] DEBUG org.apache.poi.openxml4j.opc.PackageRelationshipCollection - Parsing relationship: /_rels/.rels
15:23:29.868 [main] DEBUG org.apache.poi.ooxml.POIXMLFactory - using default POIXMLDocumentPart for http://schemas.microsoft.com/office/2017/10/relationships/person
15:23:34.867 [main] DEBUG org.apache.poi.openxml4j.opc.PackageRelationshipCollection - Parsing relationship: /xl/_rels/workbook.xml.rels
15:23:34.869 [main] DEBUG org.apache.poi.openxml4j.opc.PackageRelationshipCollection - Parsing relationship: /xl/worksheets/_rels/sheet1.xml.rels
15:23:34.870 [main] DEBUG org.apache.poi.openxml4j.opc.PackageRelationshipCollection - Parsing relationship: /_rels/.rels
15:23:34.881 [main] DEBUG org.apache.poi.ooxml.POIXMLFactory - using default POIXMLDocumentPart for http://schemas.microsoft.com/office/2017/10/relationships/person
15:25:21.608 [main] DEBUG org.apache.poi.openxml4j.opc.PackageRelationshipCollection - Parsing relationship: /xl/_rels/workbook.xml.rels
15:25:21.614 [main] DEBUG org.apache.poi.openxml4j.opc.PackageRelationshipCollection - Parsing relationship: /xl/worksheets/_rels/sheet1.xml.rels
15:25:21.615 [main] DEBUG org.apache.poi.openxml4j.opc.PackageRelationshipCollection - Parsing relationship: /_rels/.rels
15:25:21.970 [main] DEBUG org.apache.poi.ooxml.POIXMLFactory - using default POIXMLDocumentPart for http://schemas.microsoft.com/office/2017/10/relationships/person
15:25:26.515 [main] DEBUG org.apache.poi.openxml4j.opc.PackageRelationshipCollection - Parsing relationship: /xl/_rels/workbook.xml.rels
15:25:26.517 [main] DEBUG org.apache.poi.openxml4j.opc.PackageRelationshipCollection - Parsing relationship: /xl/worksheets/_rels/sheet1.xml.rels
15:25:26.518 [main] DEBUG org.apache.poi.openxml4j.opc.PackageRelationshipCollection - Parsing relationship: /_rels/.rels
15:25:26.531 [main] DEBUG org.apache.poi.ooxml.POIXMLFactory - using default POIXMLDocumentPart for http://schemas.microsoft.com/office/2017/10/relationships/person
15:25:26.551 [main] DEBUG org.apache.poi.openxml4j.opc.PackageRelationshipCollection - Parsing relationship: /xl/_rels/workbook.xml.rels
15:25:26.553 [main] DEBUG org.apache.poi.openxml4j.opc.PackageRelationshipCollection - Parsing relationship: /xl/worksheets/_rels/sheet1.xml.rels
15:25:26.554 [main] DEBUG org.apache.poi.openxml4j.opc.PackageRelationshipCollection - Parsing relationship: /_rels/.rels
15:25:26.568 [main] DEBUG org.apache.poi.ooxml.POIXMLFactory - using default POIXMLDocumentPart for http://schemas.microsoft.com/office/2017/10/relationships/person
15:25:35.500 [main] DEBUG org.apache.poi.openxml4j.opc.PackageRelationshipCollection - Parsing relationship: /xl/_rels/workbook.xml.rels
15:25:35.502 [main] DEBUG org.apache.poi.openxml4j.opc.PackageRelationshipCollection - Parsing relationship: /xl/worksheets/_rels/sheet1.xml.rels
15:25:35.504 [main] DEBUG org.apache.poi.openxml4j.opc.PackageRelationshipCollection - Parsing relationship: /_rels/.rels
15:25:35.516 [main] DEBUG org.apache.poi.ooxml.POIXMLFactory - using default POIXMLDocumentPart for http://schemas.microsoft.com/office/2017/10/relationships/person
15:25:40.482 [main] DEBUG org.apache.poi.openxml4j.opc.PackageRelationshipCollection - Parsing relationship: /xl/_rels/workbook.xml.rels
15:25:40.483 [main] DEBUG org.apache.poi.openxml4j.opc.PackageRelationshipCollection - Parsing relationship: /xl/worksheets/_rels/sheet1.xml.rels
15:25:40.484 [main] DEBUG org.apache.poi.openxml4j.opc.PackageRelationshipCollection - Parsing relationship: /_rels/.rels
15:25:40.495 [main] DEBUG org.apache.poi.ooxml.POIXMLFactory - using default POIXMLDocumentPart for http://schemas.microsoft.com/office/2017/10/relationships/person
15:25:45.059 [main] DEBUG org.apache.poi.openxml4j.opc.PackageRelationshipCollection - Parsing relationship: /xl/_rels/workbook.xml.rels
15:25:45.063 [main] DEBUG org.apache.poi.openxml4j.opc.PackageRelationshipCollection - Parsing relationship: /xl/worksheets/_rels/sheet1.xml.rels
15:25:45.065 [main] DEBUG org.apache.poi.openxml4j.opc.PackageRelationshipCollection - Parsing relationship: /_rels/.rels
15:25:45.079 [main] DEBUG org.apache.poi.ooxml.POIXMLFactory - using default POIXMLDocumentPart for http://schemas.microsoft.com/office/2017/10/relationships/person
15:25:49.356 [main] DEBUG org.apache.poi.openxml4j.opc.PackageRelationshipCollection - Parsing relationship: /xl/_rels/workbook.xml.rels
15:25:49.358 [main] DEBUG org.apache.poi.openxml4j.opc.PackageRelationshipCollection - Parsing relationship: /xl/worksheets/_rels/sheet1.xml.rels
15:25:49.359 [main] DEBUG org.apache.poi.openxml4j.opc.PackageRelationshipCollection - Parsing relationship: /_rels/.rels
15:25:49.368 [main] DEBUG org.apache.poi.ooxml.POIXMLFactory - using default POIXMLDocumentPart for http://schemas.microsoft.com/office/2017/10/relationships/person
15:33:23.433 [main] INFO  testCases.Tc_loginDDT - OS: windows
15:33:23.436 [main] INFO  testCases.Tc_loginDDT - Browser: chrome
15:33:28.517 [main] DEBUG org.apache.poi.openxml4j.opc.PackageRelationshipCollection - Parsing relationship: /xl/_rels/workbook.xml.rels
15:33:28.519 [main] DEBUG org.apache.poi.openxml4j.opc.PackageRelationshipCollection - Parsing relationship: /xl/worksheets/_rels/sheet1.xml.rels
15:33:28.520 [main] DEBUG org.apache.poi.openxml4j.opc.PackageRelationshipCollection - Parsing relationship: /_rels/.rels
15:33:28.935 [main] DEBUG org.apache.poi.ooxml.POIXMLFactory - using default POIXMLDocumentPart for http://schemas.microsoft.com/office/2017/10/relationships/person
15:33:29.032 [main] DEBUG org.apache.poi.openxml4j.opc.PackageRelationshipCollection - Parsing relationship: /xl/_rels/workbook.xml.rels
15:33:29.033 [main] DEBUG org.apache.poi.openxml4j.opc.PackageRelationshipCollection - Parsing relationship: /xl/worksheets/_rels/sheet1.xml.rels
15:33:29.033 [main] DEBUG org.apache.poi.openxml4j.opc.PackageRelationshipCollection - Parsing relationship: /_rels/.rels
15:33:29.044 [main] DEBUG org.apache.poi.ooxml.POIXMLFactory - using default POIXMLDocumentPart for http://schemas.microsoft.com/office/2017/10/relationships/person
15:33:29.054 [main] DEBUG org.apache.poi.openxml4j.opc.PackageRelationshipCollection - Parsing relationship: /xl/_rels/workbook.xml.rels
15:33:29.055 [main] DEBUG org.apache.poi.openxml4j.opc.PackageRelationshipCollection - Parsing relationship: /xl/worksheets/_rels/sheet1.xml.rels
15:33:29.056 [main] DEBUG org.apache.poi.openxml4j.opc.PackageRelationshipCollection - Parsing relationship: /_rels/.rels
15:33:29.063 [main] DEBUG org.apache.poi.ooxml.POIXMLFactory - using default POIXMLDocumentPart for http://schemas.microsoft.com/office/2017/10/relationships/person
15:33:29.081 [main] DEBUG org.apache.poi.openxml4j.opc.PackageRelationshipCollection - Parsing relationship: /xl/_rels/workbook.xml.rels
15:33:29.083 [main] DEBUG org.apache.poi.openxml4j.opc.PackageRelationshipCollection - Parsing relationship: /xl/worksheets/_rels/sheet1.xml.rels
15:33:29.083 [main] DEBUG org.apache.poi.openxml4j.opc.PackageRelationshipCollection - Parsing relationship: /_rels/.rels
15:33:29.091 [main] DEBUG org.apache.poi.ooxml.POIXMLFactory - using default POIXMLDocumentPart for http://schemas.microsoft.com/office/2017/10/relationships/person
15:33:29.102 [main] DEBUG org.apache.poi.openxml4j.opc.PackageRelationshipCollection - Parsing relationship: /xl/_rels/workbook.xml.rels
15:33:29.103 [main] DEBUG org.apache.poi.openxml4j.opc.PackageRelationshipCollection - Parsing relationship: /xl/worksheets/_rels/sheet1.xml.rels
15:33:29.104 [main] DEBUG org.apache.poi.openxml4j.opc.PackageRelationshipCollection - Parsing relationship: /_rels/.rels
15:33:29.111 [main] DEBUG org.apache.poi.ooxml.POIXMLFactory - using default POIXMLDocumentPart for http://schemas.microsoft.com/office/2017/10/relationships/person
15:33:29.120 [main] DEBUG org.apache.poi.openxml4j.opc.PackageRelationshipCollection - Parsing relationship: /xl/_rels/workbook.xml.rels
15:33:29.121 [main] DEBUG org.apache.poi.openxml4j.opc.PackageRelationshipCollection - Parsing relationship: /xl/worksheets/_rels/sheet1.xml.rels
15:33:29.122 [main] DEBUG org.apache.poi.openxml4j.opc.PackageRelationshipCollection - Parsing relationship: /_rels/.rels
15:33:29.129 [main] DEBUG org.apache.poi.ooxml.POIXMLFactory - using default POIXMLDocumentPart for http://schemas.microsoft.com/office/2017/10/relationships/person
15:33:29.139 [main] DEBUG org.apache.poi.openxml4j.opc.PackageRelationshipCollection - Parsing relationship: /xl/_rels/workbook.xml.rels
15:33:29.141 [main] DEBUG org.apache.poi.openxml4j.opc.PackageRelationshipCollection - Parsing relationship: /xl/worksheets/_rels/sheet1.xml.rels
15:33:29.141 [main] DEBUG org.apache.poi.openxml4j.opc.PackageRelationshipCollection - Parsing relationship: /_rels/.rels
15:33:29.147 [main] DEBUG org.apache.poi.ooxml.POIXMLFactory - using default POIXMLDocumentPart for http://schemas.microsoft.com/office/2017/10/relationships/person
15:33:52.335 [main] DEBUG org.apache.poi.openxml4j.opc.PackageRelationshipCollection - Parsing relationship: /xl/_rels/workbook.xml.rels
15:33:52.360 [main] DEBUG org.apache.poi.openxml4j.opc.PackageRelationshipCollection - Parsing relationship: /xl/worksheets/_rels/sheet1.xml.rels
15:33:52.366 [main] DEBUG org.apache.poi.openxml4j.opc.PackageRelationshipCollection - Parsing relationship: /_rels/.rels
15:33:54.823 [main] DEBUG org.apache.poi.ooxml.POIXMLFactory - using default POIXMLDocumentPart for http://schemas.microsoft.com/office/2017/10/relationships/person
15:34:10.602 [main] DEBUG org.apache.poi.openxml4j.opc.PackageRelationshipCollection - Parsing relationship: /xl/_rels/workbook.xml.rels
15:34:10.605 [main] DEBUG org.apache.poi.openxml4j.opc.PackageRelationshipCollection - Parsing relationship: /xl/worksheets/_rels/sheet1.xml.rels
15:34:10.607 [main] DEBUG org.apache.poi.openxml4j.opc.PackageRelationshipCollection - Parsing relationship: /_rels/.rels
15:34:10.635 [main] DEBUG org.apache.poi.ooxml.POIXMLFactory - using default POIXMLDocumentPart for http://schemas.microsoft.com/office/2017/10/relationships/person
15:34:10.666 [main] DEBUG org.apache.poi.openxml4j.opc.PackageRelationshipCollection - Parsing relationship: /xl/_rels/workbook.xml.rels
15:34:10.668 [main] DEBUG org.apache.poi.openxml4j.opc.PackageRelationshipCollection - Parsing relationship: /xl/worksheets/_rels/sheet1.xml.rels
15:34:10.670 [main] DEBUG org.apache.poi.openxml4j.opc.PackageRelationshipCollection - Parsing relationship: /_rels/.rels
15:34:10.693 [main] DEBUG org.apache.poi.ooxml.POIXMLFactory - using default POIXMLDocumentPart for http://schemas.microsoft.com/office/2017/10/relationships/person
15:34:14.391 [main] DEBUG org.apache.poi.openxml4j.opc.PackageRelationshipCollection - Parsing relationship: /xl/_rels/workbook.xml.rels
15:34:14.393 [main] DEBUG org.apache.poi.openxml4j.opc.PackageRelationshipCollection - Parsing relationship: /xl/worksheets/_rels/sheet1.xml.rels
15:34:14.395 [main] DEBUG org.apache.poi.openxml4j.opc.PackageRelationshipCollection - Parsing relationship: /_rels/.rels
15:34:14.415 [main] DEBUG org.apache.poi.ooxml.POIXMLFactory - using default POIXMLDocumentPart for http://schemas.microsoft.com/office/2017/10/relationships/person
15:34:32.329 [main] DEBUG org.apache.poi.openxml4j.opc.PackageRelationshipCollection - Parsing relationship: /xl/_rels/workbook.xml.rels
15:34:32.330 [main] DEBUG org.apache.poi.openxml4j.opc.PackageRelationshipCollection - Parsing relationship: /xl/worksheets/_rels/sheet1.xml.rels
15:34:32.331 [main] DEBUG org.apache.poi.openxml4j.opc.PackageRelationshipCollection - Parsing relationship: /_rels/.rels
15:34:32.346 [main] DEBUG org.apache.poi.ooxml.POIXMLFactory - using default POIXMLDocumentPart for http://schemas.microsoft.com/office/2017/10/relationships/person
15:34:50.173 [main] DEBUG org.apache.poi.openxml4j.opc.PackageRelationshipCollection - Parsing relationship: /xl/_rels/workbook.xml.rels
15:34:50.176 [main] DEBUG org.apache.poi.openxml4j.opc.PackageRelationshipCollection - Parsing relationship: /xl/worksheets/_rels/sheet1.xml.rels
15:34:50.177 [main] DEBUG org.apache.poi.openxml4j.opc.PackageRelationshipCollection - Parsing relationship: /_rels/.rels
15:34:50.194 [main] DEBUG org.apache.poi.ooxml.POIXMLFactory - using default POIXMLDocumentPart for http://schemas.microsoft.com/office/2017/10/relationships/person
15:34:54.786 [main] DEBUG org.apache.poi.openxml4j.opc.PackageRelationshipCollection - Parsing relationship: /xl/_rels/workbook.xml.rels
15:34:54.788 [main] DEBUG org.apache.poi.openxml4j.opc.PackageRelationshipCollection - Parsing relationship: /xl/worksheets/_rels/sheet1.xml.rels
15:34:54.789 [main] DEBUG org.apache.poi.openxml4j.opc.PackageRelationshipCollection - Parsing relationship: /_rels/.rels
15:34:54.824 [main] DEBUG org.apache.poi.ooxml.POIXMLFactory - using default POIXMLDocumentPart for http://schemas.microsoft.com/office/2017/10/relationships/person
15:36:10.117 [main] DEBUG org.apache.poi.openxml4j.opc.PackageRelationshipCollection - Parsing relationship: /xl/_rels/workbook.xml.rels
15:36:10.123 [main] DEBUG org.apache.poi.openxml4j.opc.PackageRelationshipCollection - Parsing relationship: /xl/worksheets/_rels/sheet1.xml.rels
15:36:10.125 [main] DEBUG org.apache.poi.openxml4j.opc.PackageRelationshipCollection - Parsing relationship: /_rels/.rels
15:36:10.537 [main] DEBUG org.apache.poi.ooxml.POIXMLFactory - using default POIXMLDocumentPart for http://schemas.microsoft.com/office/2017/10/relationships/person
15:36:14.096 [main] DEBUG org.apache.poi.openxml4j.opc.PackageRelationshipCollection - Parsing relationship: /xl/_rels/workbook.xml.rels
15:36:14.098 [main] DEBUG org.apache.poi.openxml4j.opc.PackageRelationshipCollection - Parsing relationship: /xl/worksheets/_rels/sheet1.xml.rels
15:36:14.099 [main] DEBUG org.apache.poi.openxml4j.opc.PackageRelationshipCollection - Parsing relationship: /_rels/.rels
15:36:14.114 [main] DEBUG org.apache.poi.ooxml.POIXMLFactory - using default POIXMLDocumentPart for http://schemas.microsoft.com/office/2017/10/relationships/person
15:36:14.133 [main] DEBUG org.apache.poi.openxml4j.opc.PackageRelationshipCollection - Parsing relationship: /xl/_rels/workbook.xml.rels
15:36:14.134 [main] DEBUG org.apache.poi.openxml4j.opc.PackageRelationshipCollection - Parsing relationship: /xl/worksheets/_rels/sheet1.xml.rels
15:36:14.135 [main] DEBUG org.apache.poi.openxml4j.opc.PackageRelationshipCollection - Parsing relationship: /_rels/.rels
15:36:14.150 [main] DEBUG org.apache.poi.ooxml.POIXMLFactory - using default POIXMLDocumentPart for http://schemas.microsoft.com/office/2017/10/relationships/person
15:36:17.781 [main] DEBUG org.apache.poi.openxml4j.opc.PackageRelationshipCollection - Parsing relationship: /xl/_rels/workbook.xml.rels
15:36:17.783 [main] DEBUG org.apache.poi.openxml4j.opc.PackageRelationshipCollection - Parsing relationship: /xl/worksheets/_rels/sheet1.xml.rels
15:36:17.784 [main] DEBUG org.apache.poi.openxml4j.opc.PackageRelationshipCollection - Parsing relationship: /_rels/.rels
15:36:17.795 [main] DEBUG org.apache.poi.ooxml.POIXMLFactory - using default POIXMLDocumentPart for http://schemas.microsoft.com/office/2017/10/relationships/person
15:36:21.073 [main] DEBUG org.apache.poi.openxml4j.opc.PackageRelationshipCollection - Parsing relationship: /xl/_rels/workbook.xml.rels
15:36:21.075 [main] DEBUG org.apache.poi.openxml4j.opc.PackageRelationshipCollection - Parsing relationship: /xl/worksheets/_rels/sheet1.xml.rels
15:36:21.076 [main] DEBUG org.apache.poi.openxml4j.opc.PackageRelationshipCollection - Parsing relationship: /_rels/.rels
15:36:21.087 [main] DEBUG org.apache.poi.ooxml.POIXMLFactory - using default POIXMLDocumentPart for http://schemas.microsoft.com/office/2017/10/relationships/person
15:36:29.469 [main] DEBUG org.apache.poi.openxml4j.opc.PackageRelationshipCollection - Parsing relationship: /xl/_rels/workbook.xml.rels
15:36:29.470 [main] DEBUG org.apache.poi.openxml4j.opc.PackageRelationshipCollection - Parsing relationship: /xl/worksheets/_rels/sheet1.xml.rels
15:36:29.471 [main] DEBUG org.apache.poi.openxml4j.opc.PackageRelationshipCollection - Parsing relationship: /_rels/.rels
15:36:29.480 [main] DEBUG org.apache.poi.ooxml.POIXMLFactory - using default POIXMLDocumentPart for http://schemas.microsoft.com/office/2017/10/relationships/person
15:36:34.674 [main] DEBUG org.apache.poi.openxml4j.opc.PackageRelationshipCollection - Parsing relationship: /xl/_rels/workbook.xml.rels
15:36:34.675 [main] DEBUG org.apache.poi.openxml4j.opc.PackageRelationshipCollection - Parsing relationship: /xl/worksheets/_rels/sheet1.xml.rels
15:36:34.676 [main] DEBUG org.apache.poi.openxml4j.opc.PackageRelationshipCollection - Parsing relationship: /_rels/.rels
15:36:34.685 [main] DEBUG org.apache.poi.ooxml.POIXMLFactory - using default POIXMLDocumentPart for http://schemas.microsoft.com/office/2017/10/relationships/person
15:36:40.674 [main] DEBUG org.apache.poi.openxml4j.opc.PackageRelationshipCollection - Parsing relationship: /xl/_rels/workbook.xml.rels
15:36:40.675 [main] DEBUG org.apache.poi.openxml4j.opc.PackageRelationshipCollection - Parsing relationship: /xl/worksheets/_rels/sheet1.xml.rels
15:36:40.676 [main] DEBUG org.apache.poi.openxml4j.opc.PackageRelationshipCollection - Parsing relationship: /_rels/.rels
15:36:40.685 [main] DEBUG org.apache.poi.ooxml.POIXMLFactory - using default POIXMLDocumentPart for http://schemas.microsoft.com/office/2017/10/relationships/person
15:36:43.607 [main] DEBUG org.apache.poi.openxml4j.opc.PackageRelationshipCollection - Parsing relationship: /xl/_rels/workbook.xml.rels
15:36:43.608 [main] DEBUG org.apache.poi.openxml4j.opc.PackageRelationshipCollection - Parsing relationship: /xl/worksheets/_rels/sheet1.xml.rels
15:36:43.608 [main] DEBUG org.apache.poi.openxml4j.opc.PackageRelationshipCollection - Parsing relationship: /_rels/.rels
15:36:43.619 [main] DEBUG org.apache.poi.ooxml.POIXMLFactory - using default POIXMLDocumentPart for http://schemas.microsoft.com/office/2017/10/relationships/person
15:37:10.471 [main] INFO  testCases.Tc_loginDDT - OS: windows
15:37:10.476 [main] INFO  testCases.Tc_loginDDT - Browser: chrome
15:37:14.944 [main] DEBUG org.apache.poi.openxml4j.opc.PackageRelationshipCollection - Parsing relationship: /xl/_rels/workbook.xml.rels
15:37:14.949 [main] DEBUG org.apache.poi.openxml4j.opc.PackageRelationshipCollection - Parsing relationship: /xl/worksheets/_rels/sheet1.xml.rels
15:37:14.950 [main] DEBUG org.apache.poi.openxml4j.opc.PackageRelationshipCollection - Parsing relationship: /_rels/.rels
15:37:15.323 [main] DEBUG org.apache.poi.ooxml.POIXMLFactory - using default POIXMLDocumentPart for http://schemas.microsoft.com/office/2017/10/relationships/person
15:37:15.428 [main] DEBUG org.apache.poi.openxml4j.opc.PackageRelationshipCollection - Parsing relationship: /xl/_rels/workbook.xml.rels
15:37:15.430 [main] DEBUG org.apache.poi.openxml4j.opc.PackageRelationshipCollection - Parsing relationship: /xl/worksheets/_rels/sheet1.xml.rels
15:37:15.431 [main] DEBUG org.apache.poi.openxml4j.opc.PackageRelationshipCollection - Parsing relationship: /_rels/.rels
15:37:15.441 [main] DEBUG org.apache.poi.ooxml.POIXMLFactory - using default POIXMLDocumentPart for http://schemas.microsoft.com/office/2017/10/relationships/person
15:37:15.453 [main] DEBUG org.apache.poi.openxml4j.opc.PackageRelationshipCollection - Parsing relationship: /xl/_rels/workbook.xml.rels
15:37:15.454 [main] DEBUG org.apache.poi.openxml4j.opc.PackageRelationshipCollection - Parsing relationship: /xl/worksheets/_rels/sheet1.xml.rels
15:37:15.455 [main] DEBUG org.apache.poi.openxml4j.opc.PackageRelationshipCollection - Parsing relationship: /_rels/.rels
15:37:15.466 [main] DEBUG org.apache.poi.ooxml.POIXMLFactory - using default POIXMLDocumentPart for http://schemas.microsoft.com/office/2017/10/relationships/person
15:37:15.485 [main] DEBUG org.apache.poi.openxml4j.opc.PackageRelationshipCollection - Parsing relationship: /xl/_rels/workbook.xml.rels
15:37:15.486 [main] DEBUG org.apache.poi.openxml4j.opc.PackageRelationshipCollection - Parsing relationship: /xl/worksheets/_rels/sheet1.xml.rels
15:37:15.486 [main] DEBUG org.apache.poi.openxml4j.opc.PackageRelationshipCollection - Parsing relationship: /_rels/.rels
15:37:15.494 [main] DEBUG org.apache.poi.ooxml.POIXMLFactory - using default POIXMLDocumentPart for http://schemas.microsoft.com/office/2017/10/relationships/person
15:37:15.507 [main] DEBUG org.apache.poi.openxml4j.opc.PackageRelationshipCollection - Parsing relationship: /xl/_rels/workbook.xml.rels
15:37:15.508 [main] DEBUG org.apache.poi.openxml4j.opc.PackageRelationshipCollection - Parsing relationship: /xl/worksheets/_rels/sheet1.xml.rels
15:37:15.508 [main] DEBUG org.apache.poi.openxml4j.opc.PackageRelationshipCollection - Parsing relationship: /_rels/.rels
15:37:15.516 [main] DEBUG org.apache.poi.ooxml.POIXMLFactory - using default POIXMLDocumentPart for http://schemas.microsoft.com/office/2017/10/relationships/person
15:37:15.527 [main] DEBUG org.apache.poi.openxml4j.opc.PackageRelationshipCollection - Parsing relationship: /xl/_rels/workbook.xml.rels
15:37:15.528 [main] DEBUG org.apache.poi.openxml4j.opc.PackageRelationshipCollection - Parsing relationship: /xl/worksheets/_rels/sheet1.xml.rels
15:37:15.529 [main] DEBUG org.apache.poi.openxml4j.opc.PackageRelationshipCollection - Parsing relationship: /_rels/.rels
15:37:15.536 [main] DEBUG org.apache.poi.ooxml.POIXMLFactory - using default POIXMLDocumentPart for http://schemas.microsoft.com/office/2017/10/relationships/person
15:37:15.545 [main] DEBUG org.apache.poi.openxml4j.opc.PackageRelationshipCollection - Parsing relationship: /xl/_rels/workbook.xml.rels
15:37:15.547 [main] DEBUG org.apache.poi.openxml4j.opc.PackageRelationshipCollection - Parsing relationship: /xl/worksheets/_rels/sheet1.xml.rels
15:37:15.547 [main] DEBUG org.apache.poi.openxml4j.opc.PackageRelationshipCollection - Parsing relationship: /_rels/.rels
15:37:15.552 [main] DEBUG org.apache.poi.ooxml.POIXMLFactory - using default POIXMLDocumentPart for http://schemas.microsoft.com/office/2017/10/relationships/person
15:37:15.563 [main] DEBUG org.apache.poi.openxml4j.opc.PackageRelationshipCollection - Parsing relationship: /xl/_rels/workbook.xml.rels
15:37:15.564 [main] DEBUG org.apache.poi.openxml4j.opc.PackageRelationshipCollection - Parsing relationship: /xl/worksheets/_rels/sheet1.xml.rels
15:37:15.565 [main] DEBUG org.apache.poi.openxml4j.opc.PackageRelationshipCollection - Parsing relationship: /_rels/.rels
15:37:15.570 [main] DEBUG org.apache.poi.ooxml.POIXMLFactory - using default POIXMLDocumentPart for http://schemas.microsoft.com/office/2017/10/relationships/person
15:37:15.585 [main] DEBUG org.apache.poi.openxml4j.opc.PackageRelationshipCollection - Parsing relationship: /xl/_rels/workbook.xml.rels
15:37:15.586 [main] DEBUG org.apache.poi.openxml4j.opc.PackageRelationshipCollection - Parsing relationship: /xl/worksheets/_rels/sheet1.xml.rels
15:37:15.587 [main] DEBUG org.apache.poi.openxml4j.opc.PackageRelationshipCollection - Parsing relationship: /_rels/.rels
15:37:15.593 [main] DEBUG org.apache.poi.ooxml.POIXMLFactory - using default POIXMLDocumentPart for http://schemas.microsoft.com/office/2017/10/relationships/person
15:41:58.177 [main] INFO  testCases.Tc_loginDDT - OS: windows
15:41:58.182 [main] INFO  testCases.Tc_loginDDT - Browser: chrome
15:42:02.096 [main] DEBUG org.apache.poi.openxml4j.opc.PackageRelationshipCollection - Parsing relationship: /xl/_rels/workbook.xml.rels
15:42:02.099 [main] DEBUG org.apache.poi.openxml4j.opc.PackageRelationshipCollection - Parsing relationship: /xl/worksheets/_rels/sheet1.xml.rels
15:42:02.100 [main] DEBUG org.apache.poi.openxml4j.opc.PackageRelationshipCollection - Parsing relationship: /_rels/.rels
15:42:02.452 [main] DEBUG org.apache.poi.ooxml.POIXMLFactory - using default POIXMLDocumentPart for http://schemas.microsoft.com/office/2017/10/relationships/person
15:42:02.541 [main] DEBUG org.apache.poi.openxml4j.opc.PackageRelationshipCollection - Parsing relationship: /xl/_rels/workbook.xml.rels
15:42:02.542 [main] DEBUG org.apache.poi.openxml4j.opc.PackageRelationshipCollection - Parsing relationship: /xl/worksheets/_rels/sheet1.xml.rels
15:42:02.542 [main] DEBUG org.apache.poi.openxml4j.opc.PackageRelationshipCollection - Parsing relationship: /_rels/.rels
15:42:02.555 [main] DEBUG org.apache.poi.ooxml.POIXMLFactory - using default POIXMLDocumentPart for http://schemas.microsoft.com/office/2017/10/relationships/person
15:42:02.569 [main] DEBUG org.apache.poi.openxml4j.opc.PackageRelationshipCollection - Parsing relationship: /xl/_rels/workbook.xml.rels
15:42:02.572 [main] DEBUG org.apache.poi.openxml4j.opc.PackageRelationshipCollection - Parsing relationship: /xl/worksheets/_rels/sheet1.xml.rels
15:42:02.572 [main] DEBUG org.apache.poi.openxml4j.opc.PackageRelationshipCollection - Parsing relationship: /_rels/.rels
15:42:02.585 [main] DEBUG org.apache.poi.ooxml.POIXMLFactory - using default POIXMLDocumentPart for http://schemas.microsoft.com/office/2017/10/relationships/person
15:42:02.612 [main] DEBUG org.apache.poi.openxml4j.opc.PackageRelationshipCollection - Parsing relationship: /xl/_rels/workbook.xml.rels
15:42:02.613 [main] DEBUG org.apache.poi.openxml4j.opc.PackageRelationshipCollection - Parsing relationship: /xl/worksheets/_rels/sheet1.xml.rels
15:42:02.614 [main] DEBUG org.apache.poi.openxml4j.opc.PackageRelationshipCollection - Parsing relationship: /_rels/.rels
15:42:02.623 [main] DEBUG org.apache.poi.ooxml.POIXMLFactory - using default POIXMLDocumentPart for http://schemas.microsoft.com/office/2017/10/relationships/person
15:42:02.634 [main] DEBUG org.apache.poi.openxml4j.opc.PackageRelationshipCollection - Parsing relationship: /xl/_rels/workbook.xml.rels
15:42:02.636 [main] DEBUG org.apache.poi.openxml4j.opc.PackageRelationshipCollection - Parsing relationship: /xl/worksheets/_rels/sheet1.xml.rels
15:42:02.638 [main] DEBUG org.apache.poi.openxml4j.opc.PackageRelationshipCollection - Parsing relationship: /_rels/.rels
15:42:02.644 [main] DEBUG org.apache.poi.ooxml.POIXMLFactory - using default POIXMLDocumentPart for http://schemas.microsoft.com/office/2017/10/relationships/person
15:42:02.659 [main] DEBUG org.apache.poi.openxml4j.opc.PackageRelationshipCollection - Parsing relationship: /xl/_rels/workbook.xml.rels
15:42:02.660 [main] DEBUG org.apache.poi.openxml4j.opc.PackageRelationshipCollection - Parsing relationship: /xl/worksheets/_rels/sheet1.xml.rels
15:42:02.661 [main] DEBUG org.apache.poi.openxml4j.opc.PackageRelationshipCollection - Parsing relationship: /_rels/.rels
15:42:02.670 [main] DEBUG org.apache.poi.ooxml.POIXMLFactory - using default POIXMLDocumentPart for http://schemas.microsoft.com/office/2017/10/relationships/person
15:42:02.680 [main] DEBUG org.apache.poi.openxml4j.opc.PackageRelationshipCollection - Parsing relationship: /xl/_rels/workbook.xml.rels
15:42:02.681 [main] DEBUG org.apache.poi.openxml4j.opc.PackageRelationshipCollection - Parsing relationship: /xl/worksheets/_rels/sheet1.xml.rels
15:42:02.682 [main] DEBUG org.apache.poi.openxml4j.opc.PackageRelationshipCollection - Parsing relationship: /_rels/.rels
15:42:02.692 [main] DEBUG org.apache.poi.ooxml.POIXMLFactory - using default POIXMLDocumentPart for http://schemas.microsoft.com/office/2017/10/relationships/person
15:42:02.704 [main] DEBUG org.apache.poi.openxml4j.opc.PackageRelationshipCollection - Parsing relationship: /xl/_rels/workbook.xml.rels
15:42:02.705 [main] DEBUG org.apache.poi.openxml4j.opc.PackageRelationshipCollection - Parsing relationship: /xl/worksheets/_rels/sheet1.xml.rels
15:42:02.706 [main] DEBUG org.apache.poi.openxml4j.opc.PackageRelationshipCollection - Parsing relationship: /_rels/.rels
15:42:02.712 [main] DEBUG org.apache.poi.ooxml.POIXMLFactory - using default POIXMLDocumentPart for http://schemas.microsoft.com/office/2017/10/relationships/person
15:42:02.724 [main] DEBUG org.apache.poi.openxml4j.opc.PackageRelationshipCollection - Parsing relationship: /xl/_rels/workbook.xml.rels
15:42:02.725 [main] DEBUG org.apache.poi.openxml4j.opc.PackageRelationshipCollection - Parsing relationship: /xl/worksheets/_rels/sheet1.xml.rels
15:42:02.725 [main] DEBUG org.apache.poi.openxml4j.opc.PackageRelationshipCollection - Parsing relationship: /_rels/.rels
15:42:02.732 [main] DEBUG org.apache.poi.ooxml.POIXMLFactory - using default POIXMLDocumentPart for http://schemas.microsoft.com/office/2017/10/relationships/person
15:42:02.747 [main] DEBUG org.apache.poi.openxml4j.opc.PackageRelationshipCollection - Parsing relationship: /xl/_rels/workbook.xml.rels
15:42:02.748 [main] DEBUG org.apache.poi.openxml4j.opc.PackageRelationshipCollection - Parsing relationship: /xl/worksheets/_rels/sheet1.xml.rels
15:42:02.749 [main] DEBUG org.apache.poi.openxml4j.opc.PackageRelationshipCollection - Parsing relationship: /_rels/.rels
15:42:02.758 [main] DEBUG org.apache.poi.ooxml.POIXMLFactory - using default POIXMLDocumentPart for http://schemas.microsoft.com/office/2017/10/relationships/person
15:42:02.767 [main] DEBUG org.apache.poi.openxml4j.opc.PackageRelationshipCollection - Parsing relationship: /xl/_rels/workbook.xml.rels
15:42:02.768 [main] DEBUG org.apache.poi.openxml4j.opc.PackageRelationshipCollection - Parsing relationship: /xl/worksheets/_rels/sheet1.xml.rels
15:42:02.769 [main] DEBUG org.apache.poi.openxml4j.opc.PackageRelationshipCollection - Parsing relationship: /_rels/.rels
15:42:02.778 [main] DEBUG org.apache.poi.ooxml.POIXMLFactory - using default POIXMLDocumentPart for http://schemas.microsoft.com/office/2017/10/relationships/person
15:42:02.790 [main] DEBUG org.apache.poi.openxml4j.opc.PackageRelationshipCollection - Parsing relationship: /xl/_rels/workbook.xml.rels
15:42:02.791 [main] DEBUG org.apache.poi.openxml4j.opc.PackageRelationshipCollection - Parsing relationship: /xl/worksheets/_rels/sheet1.xml.rels
15:42:02.792 [main] DEBUG org.apache.poi.openxml4j.opc.PackageRelationshipCollection - Parsing relationship: /_rels/.rels
15:42:02.800 [main] DEBUG org.apache.poi.ooxml.POIXMLFactory - using default POIXMLDocumentPart for http://schemas.microsoft.com/office/2017/10/relationships/person
15:42:02.812 [main] DEBUG org.apache.poi.openxml4j.opc.PackageRelationshipCollection - Parsing relationship: /xl/_rels/workbook.xml.rels
15:42:02.813 [main] DEBUG org.apache.poi.openxml4j.opc.PackageRelationshipCollection - Parsing relationship: /xl/worksheets/_rels/sheet1.xml.rels
15:42:02.813 [main] DEBUG org.apache.poi.openxml4j.opc.PackageRelationshipCollection - Parsing relationship: /_rels/.rels
15:42:02.819 [main] DEBUG org.apache.poi.ooxml.POIXMLFactory - using default POIXMLDocumentPart for http://schemas.microsoft.com/office/2017/10/relationships/person
15:42:02.829 [main] DEBUG org.apache.poi.openxml4j.opc.PackageRelationshipCollection - Parsing relationship: /xl/_rels/workbook.xml.rels
15:42:02.830 [main] DEBUG org.apache.poi.openxml4j.opc.PackageRelationshipCollection - Parsing relationship: /xl/worksheets/_rels/sheet1.xml.rels
15:42:02.831 [main] DEBUG org.apache.poi.openxml4j.opc.PackageRelationshipCollection - Parsing relationship: /_rels/.rels
15:42:02.837 [main] DEBUG org.apache.poi.ooxml.POIXMLFactory - using default POIXMLDocumentPart for http://schemas.microsoft.com/office/2017/10/relationships/person
15:42:02.848 [main] DEBUG org.apache.poi.openxml4j.opc.PackageRelationshipCollection - Parsing relationship: /xl/_rels/workbook.xml.rels
15:42:02.849 [main] DEBUG org.apache.poi.openxml4j.opc.PackageRelationshipCollection - Parsing relationship: /xl/worksheets/_rels/sheet1.xml.rels
15:42:02.850 [main] DEBUG org.apache.poi.openxml4j.opc.PackageRelationshipCollection - Parsing relationship: /_rels/.rels
15:42:02.858 [main] DEBUG org.apache.poi.ooxml.POIXMLFactory - using default POIXMLDocumentPart for http://schemas.microsoft.com/office/2017/10/relationships/person
15:42:02.880 [main] INFO  testCases.Tc_loginDDT - loginfunctionality_DDT test starting
15:42:02.914 [main] INFO  testCases.Tc_loginDDT - User Data Input start
15:42:02.914 [main] INFO  testCases.Tc_loginDDT - username input
15:42:03.003 [main] INFO  testCases.Tc_loginDDT - passwd input
15:42:03.094 [main] INFO  testCases.Tc_loginDDT - click on T&C Radio button
15:42:03.187 [main] INFO  testCases.Tc_loginDDT - Click On Signin button
15:42:03.271 [main] INFO  testCases.Tc_loginDDT - verify the login sucessful or not 
15:42:13.342 [main] ERROR testCases.Tc_loginDDT - Test case failed
15:42:13.357 [main] INFO  testCases.Tc_loginDDT - loginfunctionality_DDT test starting
15:42:13.357 [main] INFO  testCases.Tc_loginDDT - User Data Input start
15:42:13.357 [main] INFO  testCases.Tc_loginDDT - username input
15:42:13.435 [main] INFO  testCases.Tc_loginDDT - passwd input
15:42:13.503 [main] INFO  testCases.Tc_loginDDT - click on T&C Radio button
15:42:13.591 [main] INFO  testCases.Tc_loginDDT - Click On Signin button
15:42:13.674 [main] INFO  testCases.Tc_loginDDT - verify the login sucessful or not 
15:42:21.034 [main] ERROR testCases.Tc_loginDDT - Test case failed
15:42:21.042 [main] INFO  testCases.Tc_loginDDT - loginfunctionality_DDT test starting
15:42:21.043 [main] INFO  testCases.Tc_loginDDT - User Data Input start
15:42:21.043 [main] INFO  testCases.Tc_loginDDT - username input
15:42:21.150 [main] ERROR testCases.Tc_loginDDT - Test case failed
15:42:21.157 [main] INFO  testCases.Tc_loginDDT - loginfunctionality_DDT test starting
15:42:21.158 [main] INFO  testCases.Tc_loginDDT - User Data Input start
15:42:21.159 [main] INFO  testCases.Tc_loginDDT - username input
15:42:21.167 [main] ERROR testCases.Tc_loginDDT - Test case failed
15:42:21.173 [main] INFO  testCases.Tc_loginDDT - loginfunctionality_DDT test starting
15:42:21.174 [main] INFO  testCases.Tc_loginDDT - User Data Input start
15:42:21.174 [main] INFO  testCases.Tc_loginDDT - username input
15:42:21.178 [main] ERROR testCases.Tc_loginDDT - Test case failed
15:42:21.181 [main] INFO  testCases.Tc_loginDDT - loginfunctionality_DDT test starting
15:42:21.182 [main] INFO  testCases.Tc_loginDDT - User Data Input start
15:42:21.182 [main] INFO  testCases.Tc_loginDDT - username input
15:42:21.186 [main] ERROR testCases.Tc_loginDDT - Test case failed
15:42:21.190 [main] INFO  testCases.Tc_loginDDT - loginfunctionality_DDT test starting
15:42:21.190 [main] INFO  testCases.Tc_loginDDT - User Data Input start
15:42:21.190 [main] INFO  testCases.Tc_loginDDT - username input
15:42:21.194 [main] ERROR testCases.Tc_loginDDT - Test case failed
15:42:21.196 [main] INFO  testCases.Tc_loginDDT - loginfunctionality_DDT test starting
15:42:21.197 [main] INFO  testCases.Tc_loginDDT - User Data Input start
15:42:21.197 [main] INFO  testCases.Tc_loginDDT - username input
15:42:21.201 [main] ERROR testCases.Tc_loginDDT - Test case failed
15:42:21.203 [main] INFO  testCases.Tc_loginDDT - loginfunctionality_DDT test starting
15:42:21.204 [main] INFO  testCases.Tc_loginDDT - User Data Input start
15:42:21.205 [main] INFO  testCases.Tc_loginDDT - username input
15:42:21.209 [main] ERROR testCases.Tc_loginDDT - Test case failed
15:45:08.699 [main] INFO  testCases.Tc_loginDDT - OS: windows
15:45:08.701 [main] INFO  testCases.Tc_loginDDT - Browser: chrome
15:45:12.847 [main] DEBUG org.apache.poi.openxml4j.opc.PackageRelationshipCollection - Parsing relationship: /xl/_rels/workbook.xml.rels
15:45:12.849 [main] DEBUG org.apache.poi.openxml4j.opc.PackageRelationshipCollection - Parsing relationship: /xl/worksheets/_rels/sheet1.xml.rels
15:45:12.850 [main] DEBUG org.apache.poi.openxml4j.opc.PackageRelationshipCollection - Parsing relationship: /_rels/.rels
15:45:13.189 [main] DEBUG org.apache.poi.ooxml.POIXMLFactory - using default POIXMLDocumentPart for http://schemas.microsoft.com/office/2017/10/relationships/person
15:45:13.279 [main] DEBUG org.apache.poi.openxml4j.opc.PackageRelationshipCollection - Parsing relationship: /xl/_rels/workbook.xml.rels
15:45:13.280 [main] DEBUG org.apache.poi.openxml4j.opc.PackageRelationshipCollection - Parsing relationship: /xl/worksheets/_rels/sheet1.xml.rels
15:45:13.281 [main] DEBUG org.apache.poi.openxml4j.opc.PackageRelationshipCollection - Parsing relationship: /_rels/.rels
15:45:13.290 [main] DEBUG org.apache.poi.ooxml.POIXMLFactory - using default POIXMLDocumentPart for http://schemas.microsoft.com/office/2017/10/relationships/person
15:45:13.306 [main] DEBUG org.apache.poi.openxml4j.opc.PackageRelationshipCollection - Parsing relationship: /xl/_rels/workbook.xml.rels
15:45:13.307 [main] DEBUG org.apache.poi.openxml4j.opc.PackageRelationshipCollection - Parsing relationship: /xl/worksheets/_rels/sheet1.xml.rels
15:45:13.308 [main] DEBUG org.apache.poi.openxml4j.opc.PackageRelationshipCollection - Parsing relationship: /_rels/.rels
15:45:13.320 [main] DEBUG org.apache.poi.ooxml.POIXMLFactory - using default POIXMLDocumentPart for http://schemas.microsoft.com/office/2017/10/relationships/person
15:45:13.347 [main] DEBUG org.apache.poi.openxml4j.opc.PackageRelationshipCollection - Parsing relationship: /xl/_rels/workbook.xml.rels
15:45:13.348 [main] DEBUG org.apache.poi.openxml4j.opc.PackageRelationshipCollection - Parsing relationship: /xl/worksheets/_rels/sheet1.xml.rels
15:45:13.349 [main] DEBUG org.apache.poi.openxml4j.opc.PackageRelationshipCollection - Parsing relationship: /_rels/.rels
15:45:13.357 [main] DEBUG org.apache.poi.ooxml.POIXMLFactory - using default POIXMLDocumentPart for http://schemas.microsoft.com/office/2017/10/relationships/person
15:45:13.372 [main] DEBUG org.apache.poi.openxml4j.opc.PackageRelationshipCollection - Parsing relationship: /xl/_rels/workbook.xml.rels
15:45:13.373 [main] DEBUG org.apache.poi.openxml4j.opc.PackageRelationshipCollection - Parsing relationship: /xl/worksheets/_rels/sheet1.xml.rels
15:45:13.374 [main] DEBUG org.apache.poi.openxml4j.opc.PackageRelationshipCollection - Parsing relationship: /_rels/.rels
15:45:13.383 [main] DEBUG org.apache.poi.ooxml.POIXMLFactory - using default POIXMLDocumentPart for http://schemas.microsoft.com/office/2017/10/relationships/person
15:45:13.398 [main] DEBUG org.apache.poi.openxml4j.opc.PackageRelationshipCollection - Parsing relationship: /xl/_rels/workbook.xml.rels
15:45:13.398 [main] DEBUG org.apache.poi.openxml4j.opc.PackageRelationshipCollection - Parsing relationship: /xl/worksheets/_rels/sheet1.xml.rels
15:45:13.399 [main] DEBUG org.apache.poi.openxml4j.opc.PackageRelationshipCollection - Parsing relationship: /_rels/.rels
15:45:13.406 [main] DEBUG org.apache.poi.ooxml.POIXMLFactory - using default POIXMLDocumentPart for http://schemas.microsoft.com/office/2017/10/relationships/person
15:45:13.419 [main] DEBUG org.apache.poi.openxml4j.opc.PackageRelationshipCollection - Parsing relationship: /xl/_rels/workbook.xml.rels
15:45:13.420 [main] DEBUG org.apache.poi.openxml4j.opc.PackageRelationshipCollection - Parsing relationship: /xl/worksheets/_rels/sheet1.xml.rels
15:45:13.420 [main] DEBUG org.apache.poi.openxml4j.opc.PackageRelationshipCollection - Parsing relationship: /_rels/.rels
15:45:13.430 [main] DEBUG org.apache.poi.ooxml.POIXMLFactory - using default POIXMLDocumentPart for http://schemas.microsoft.com/office/2017/10/relationships/person
15:45:13.445 [main] DEBUG org.apache.poi.openxml4j.opc.PackageRelationshipCollection - Parsing relationship: /xl/_rels/workbook.xml.rels
15:45:13.446 [main] DEBUG org.apache.poi.openxml4j.opc.PackageRelationshipCollection - Parsing relationship: /xl/worksheets/_rels/sheet1.xml.rels
15:45:13.447 [main] DEBUG org.apache.poi.openxml4j.opc.PackageRelationshipCollection - Parsing relationship: /_rels/.rels
15:45:13.454 [main] DEBUG org.apache.poi.ooxml.POIXMLFactory - using default POIXMLDocumentPart for http://schemas.microsoft.com/office/2017/10/relationships/person
15:45:13.469 [main] DEBUG org.apache.poi.openxml4j.opc.PackageRelationshipCollection - Parsing relationship: /xl/_rels/workbook.xml.rels
15:45:13.470 [main] DEBUG org.apache.poi.openxml4j.opc.PackageRelationshipCollection - Parsing relationship: /xl/worksheets/_rels/sheet1.xml.rels
15:45:13.471 [main] DEBUG org.apache.poi.openxml4j.opc.PackageRelationshipCollection - Parsing relationship: /_rels/.rels
15:45:13.484 [main] DEBUG org.apache.poi.ooxml.POIXMLFactory - using default POIXMLDocumentPart for http://schemas.microsoft.com/office/2017/10/relationships/person
15:45:13.497 [main] DEBUG org.apache.poi.openxml4j.opc.PackageRelationshipCollection - Parsing relationship: /xl/_rels/workbook.xml.rels
15:45:13.498 [main] DEBUG org.apache.poi.openxml4j.opc.PackageRelationshipCollection - Parsing relationship: /xl/worksheets/_rels/sheet1.xml.rels
15:45:13.499 [main] DEBUG org.apache.poi.openxml4j.opc.PackageRelationshipCollection - Parsing relationship: /_rels/.rels
15:45:13.507 [main] DEBUG org.apache.poi.ooxml.POIXMLFactory - using default POIXMLDocumentPart for http://schemas.microsoft.com/office/2017/10/relationships/person
15:45:13.520 [main] DEBUG org.apache.poi.openxml4j.opc.PackageRelationshipCollection - Parsing relationship: /xl/_rels/workbook.xml.rels
15:45:13.520 [main] DEBUG org.apache.poi.openxml4j.opc.PackageRelationshipCollection - Parsing relationship: /xl/worksheets/_rels/sheet1.xml.rels
15:45:13.521 [main] DEBUG org.apache.poi.openxml4j.opc.PackageRelationshipCollection - Parsing relationship: /_rels/.rels
15:45:13.530 [main] DEBUG org.apache.poi.ooxml.POIXMLFactory - using default POIXMLDocumentPart for http://schemas.microsoft.com/office/2017/10/relationships/person
15:45:13.539 [main] DEBUG org.apache.poi.openxml4j.opc.PackageRelationshipCollection - Parsing relationship: /xl/_rels/workbook.xml.rels
15:45:13.540 [main] DEBUG org.apache.poi.openxml4j.opc.PackageRelationshipCollection - Parsing relationship: /xl/worksheets/_rels/sheet1.xml.rels
15:45:13.541 [main] DEBUG org.apache.poi.openxml4j.opc.PackageRelationshipCollection - Parsing relationship: /_rels/.rels
15:45:13.550 [main] DEBUG org.apache.poi.ooxml.POIXMLFactory - using default POIXMLDocumentPart for http://schemas.microsoft.com/office/2017/10/relationships/person
15:45:13.561 [main] DEBUG org.apache.poi.openxml4j.opc.PackageRelationshipCollection - Parsing relationship: /xl/_rels/workbook.xml.rels
15:45:13.563 [main] DEBUG org.apache.poi.openxml4j.opc.PackageRelationshipCollection - Parsing relationship: /xl/worksheets/_rels/sheet1.xml.rels
15:45:13.563 [main] DEBUG org.apache.poi.openxml4j.opc.PackageRelationshipCollection - Parsing relationship: /_rels/.rels
15:45:13.570 [main] DEBUG org.apache.poi.ooxml.POIXMLFactory - using default POIXMLDocumentPart for http://schemas.microsoft.com/office/2017/10/relationships/person
15:45:13.583 [main] DEBUG org.apache.poi.openxml4j.opc.PackageRelationshipCollection - Parsing relationship: /xl/_rels/workbook.xml.rels
15:45:13.584 [main] DEBUG org.apache.poi.openxml4j.opc.PackageRelationshipCollection - Parsing relationship: /xl/worksheets/_rels/sheet1.xml.rels
15:45:13.585 [main] DEBUG org.apache.poi.openxml4j.opc.PackageRelationshipCollection - Parsing relationship: /_rels/.rels
15:45:13.592 [main] DEBUG org.apache.poi.ooxml.POIXMLFactory - using default POIXMLDocumentPart for http://schemas.microsoft.com/office/2017/10/relationships/person
15:45:13.602 [main] DEBUG org.apache.poi.openxml4j.opc.PackageRelationshipCollection - Parsing relationship: /xl/_rels/workbook.xml.rels
15:45:13.603 [main] DEBUG org.apache.poi.openxml4j.opc.PackageRelationshipCollection - Parsing relationship: /xl/worksheets/_rels/sheet1.xml.rels
15:45:13.604 [main] DEBUG org.apache.poi.openxml4j.opc.PackageRelationshipCollection - Parsing relationship: /_rels/.rels
15:45:13.613 [main] DEBUG org.apache.poi.ooxml.POIXMLFactory - using default POIXMLDocumentPart for http://schemas.microsoft.com/office/2017/10/relationships/person
15:45:13.640 [main] INFO  testCases.Tc_loginDDT - loginfunctionality_DDT test starting
15:45:13.665 [main] INFO  testCases.Tc_loginDDT - User Data Input start
15:45:13.666 [main] INFO  testCases.Tc_loginDDT - username input
15:45:13.749 [main] INFO  testCases.Tc_loginDDT - passwd input
15:45:13.847 [main] INFO  testCases.Tc_loginDDT - click on T&C Radio button
15:45:13.940 [main] INFO  testCases.Tc_loginDDT - Click On Signin button
15:45:14.080 [main] INFO  testCases.Tc_loginDDT - verify the login sucessful or not 
15:45:24.110 [main] ERROR testCases.Tc_loginDDT - Test case failed
15:45:24.121 [main] INFO  testCases.Tc_loginDDT - loginfunctionality_DDT test starting
15:45:24.122 [main] INFO  testCases.Tc_loginDDT - User Data Input start
15:45:24.122 [main] INFO  testCases.Tc_loginDDT - username input
15:45:24.180 [main] INFO  testCases.Tc_loginDDT - passwd input
15:45:24.244 [main] INFO  testCases.Tc_loginDDT - click on T&C Radio button
15:45:24.323 [main] INFO  testCases.Tc_loginDDT - Click On Signin button
15:45:24.432 [main] INFO  testCases.Tc_loginDDT - verify the login sucessful or not 
15:45:34.502 [main] ERROR testCases.Tc_loginDDT - Test case failed
15:45:34.508 [main] INFO  testCases.Tc_loginDDT - loginfunctionality_DDT test starting
15:45:34.510 [main] INFO  testCases.Tc_loginDDT - User Data Input start
15:45:34.510 [main] INFO  testCases.Tc_loginDDT - username input
15:45:34.524 [main] ERROR testCases.Tc_loginDDT - Test case failed
15:45:34.527 [main] INFO  testCases.Tc_loginDDT - loginfunctionality_DDT test starting
15:45:34.528 [main] INFO  testCases.Tc_loginDDT - User Data Input start
15:45:34.528 [main] INFO  testCases.Tc_loginDDT - username input
15:45:34.538 [main] ERROR testCases.Tc_loginDDT - Test case failed
15:45:34.541 [main] INFO  testCases.Tc_loginDDT - loginfunctionality_DDT test starting
15:45:34.541 [main] INFO  testCases.Tc_loginDDT - User Data Input start
15:45:34.541 [main] INFO  testCases.Tc_loginDDT - username input
15:45:34.553 [main] ERROR testCases.Tc_loginDDT - Test case failed
15:45:34.556 [main] INFO  testCases.Tc_loginDDT - loginfunctionality_DDT test starting
15:45:34.557 [main] INFO  testCases.Tc_loginDDT - User Data Input start
15:45:34.557 [main] INFO  testCases.Tc_loginDDT - username input
15:45:34.568 [main] ERROR testCases.Tc_loginDDT - Test case failed
15:45:34.571 [main] INFO  testCases.Tc_loginDDT - loginfunctionality_DDT test starting
15:45:34.572 [main] INFO  testCases.Tc_loginDDT - User Data Input start
15:45:34.572 [main] INFO  testCases.Tc_loginDDT - username input
15:45:34.583 [main] ERROR testCases.Tc_loginDDT - Test case failed
15:45:34.585 [main] INFO  testCases.Tc_loginDDT - loginfunctionality_DDT test starting
15:45:34.586 [main] INFO  testCases.Tc_loginDDT - User Data Input start
15:45:34.586 [main] INFO  testCases.Tc_loginDDT - username input
15:45:34.597 [main] ERROR testCases.Tc_loginDDT - Test case failed
15:45:34.599 [main] INFO  testCases.Tc_loginDDT - loginfunctionality_DDT test starting
15:45:34.600 [main] INFO  testCases.Tc_loginDDT - User Data Input start
15:45:34.600 [main] INFO  testCases.Tc_loginDDT - username input
15:45:34.611 [main] ERROR testCases.Tc_loginDDT - Test case failed
15:47:00.485 [main] INFO  testCases.Tc_loginDDT - OS: windows
15:47:00.490 [main] INFO  testCases.Tc_loginDDT - Browser: chrome
15:47:04.595 [main] DEBUG org.apache.poi.openxml4j.opc.PackageRelationshipCollection - Parsing relationship: /xl/_rels/workbook.xml.rels
15:47:04.602 [main] DEBUG org.apache.poi.openxml4j.opc.PackageRelationshipCollection - Parsing relationship: /xl/worksheets/_rels/sheet1.xml.rels
15:47:04.603 [main] DEBUG org.apache.poi.openxml4j.opc.PackageRelationshipCollection - Parsing relationship: /_rels/.rels
15:47:04.946 [main] DEBUG org.apache.poi.ooxml.POIXMLFactory - using default POIXMLDocumentPart for http://schemas.microsoft.com/office/2017/10/relationships/person
15:47:05.047 [main] DEBUG org.apache.poi.openxml4j.opc.PackageRelationshipCollection - Parsing relationship: /xl/_rels/workbook.xml.rels
15:47:05.049 [main] DEBUG org.apache.poi.openxml4j.opc.PackageRelationshipCollection - Parsing relationship: /xl/worksheets/_rels/sheet1.xml.rels
15:47:05.050 [main] DEBUG org.apache.poi.openxml4j.opc.PackageRelationshipCollection - Parsing relationship: /_rels/.rels
15:47:05.068 [main] DEBUG org.apache.poi.ooxml.POIXMLFactory - using default POIXMLDocumentPart for http://schemas.microsoft.com/office/2017/10/relationships/person
15:47:05.090 [main] DEBUG org.apache.poi.openxml4j.opc.PackageRelationshipCollection - Parsing relationship: /xl/_rels/workbook.xml.rels
15:47:05.092 [main] DEBUG org.apache.poi.openxml4j.opc.PackageRelationshipCollection - Parsing relationship: /xl/worksheets/_rels/sheet1.xml.rels
15:47:05.093 [main] DEBUG org.apache.poi.openxml4j.opc.PackageRelationshipCollection - Parsing relationship: /_rels/.rels
15:47:05.106 [main] DEBUG org.apache.poi.ooxml.POIXMLFactory - using default POIXMLDocumentPart for http://schemas.microsoft.com/office/2017/10/relationships/person
15:47:05.136 [main] DEBUG org.apache.poi.openxml4j.opc.PackageRelationshipCollection - Parsing relationship: /xl/_rels/workbook.xml.rels
15:47:05.137 [main] DEBUG org.apache.poi.openxml4j.opc.PackageRelationshipCollection - Parsing relationship: /xl/worksheets/_rels/sheet1.xml.rels
15:47:05.138 [main] DEBUG org.apache.poi.openxml4j.opc.PackageRelationshipCollection - Parsing relationship: /_rels/.rels
15:47:05.149 [main] DEBUG org.apache.poi.ooxml.POIXMLFactory - using default POIXMLDocumentPart for http://schemas.microsoft.com/office/2017/10/relationships/person
15:47:05.161 [main] DEBUG org.apache.poi.openxml4j.opc.PackageRelationshipCollection - Parsing relationship: /xl/_rels/workbook.xml.rels
15:47:05.164 [main] DEBUG org.apache.poi.openxml4j.opc.PackageRelationshipCollection - Parsing relationship: /xl/worksheets/_rels/sheet1.xml.rels
15:47:05.165 [main] DEBUG org.apache.poi.openxml4j.opc.PackageRelationshipCollection - Parsing relationship: /_rels/.rels
15:47:05.176 [main] DEBUG org.apache.poi.ooxml.POIXMLFactory - using default POIXMLDocumentPart for http://schemas.microsoft.com/office/2017/10/relationships/person
15:47:05.189 [main] DEBUG org.apache.poi.openxml4j.opc.PackageRelationshipCollection - Parsing relationship: /xl/_rels/workbook.xml.rels
15:47:05.190 [main] DEBUG org.apache.poi.openxml4j.opc.PackageRelationshipCollection - Parsing relationship: /xl/worksheets/_rels/sheet1.xml.rels
15:47:05.191 [main] DEBUG org.apache.poi.openxml4j.opc.PackageRelationshipCollection - Parsing relationship: /_rels/.rels
15:47:05.202 [main] DEBUG org.apache.poi.ooxml.POIXMLFactory - using default POIXMLDocumentPart for http://schemas.microsoft.com/office/2017/10/relationships/person
15:47:05.218 [main] DEBUG org.apache.poi.openxml4j.opc.PackageRelationshipCollection - Parsing relationship: /xl/_rels/workbook.xml.rels
15:47:05.219 [main] DEBUG org.apache.poi.openxml4j.opc.PackageRelationshipCollection - Parsing relationship: /xl/worksheets/_rels/sheet1.xml.rels
15:47:05.220 [main] DEBUG org.apache.poi.openxml4j.opc.PackageRelationshipCollection - Parsing relationship: /_rels/.rels
15:47:05.227 [main] DEBUG org.apache.poi.ooxml.POIXMLFactory - using default POIXMLDocumentPart for http://schemas.microsoft.com/office/2017/10/relationships/person
15:47:05.244 [main] DEBUG org.apache.poi.openxml4j.opc.PackageRelationshipCollection - Parsing relationship: /xl/_rels/workbook.xml.rels
15:47:05.248 [main] DEBUG org.apache.poi.openxml4j.opc.PackageRelationshipCollection - Parsing relationship: /xl/worksheets/_rels/sheet1.xml.rels
15:47:05.249 [main] DEBUG org.apache.poi.openxml4j.opc.PackageRelationshipCollection - Parsing relationship: /_rels/.rels
15:47:05.259 [main] DEBUG org.apache.poi.ooxml.POIXMLFactory - using default POIXMLDocumentPart for http://schemas.microsoft.com/office/2017/10/relationships/person
15:47:05.276 [main] DEBUG org.apache.poi.openxml4j.opc.PackageRelationshipCollection - Parsing relationship: /xl/_rels/workbook.xml.rels
15:47:05.277 [main] DEBUG org.apache.poi.openxml4j.opc.PackageRelationshipCollection - Parsing relationship: /xl/worksheets/_rels/sheet1.xml.rels
15:47:05.278 [main] DEBUG org.apache.poi.openxml4j.opc.PackageRelationshipCollection - Parsing relationship: /_rels/.rels
15:47:05.292 [main] DEBUG org.apache.poi.ooxml.POIXMLFactory - using default POIXMLDocumentPart for http://schemas.microsoft.com/office/2017/10/relationships/person
15:47:05.305 [main] DEBUG org.apache.poi.openxml4j.opc.PackageRelationshipCollection - Parsing relationship: /xl/_rels/workbook.xml.rels
15:47:05.306 [main] DEBUG org.apache.poi.openxml4j.opc.PackageRelationshipCollection - Parsing relationship: /xl/worksheets/_rels/sheet1.xml.rels
15:47:05.307 [main] DEBUG org.apache.poi.openxml4j.opc.PackageRelationshipCollection - Parsing relationship: /_rels/.rels
15:47:05.317 [main] DEBUG org.apache.poi.ooxml.POIXMLFactory - using default POIXMLDocumentPart for http://schemas.microsoft.com/office/2017/10/relationships/person
15:47:05.327 [main] DEBUG org.apache.poi.openxml4j.opc.PackageRelationshipCollection - Parsing relationship: /xl/_rels/workbook.xml.rels
15:47:05.328 [main] DEBUG org.apache.poi.openxml4j.opc.PackageRelationshipCollection - Parsing relationship: /xl/worksheets/_rels/sheet1.xml.rels
15:47:05.330 [main] DEBUG org.apache.poi.openxml4j.opc.PackageRelationshipCollection - Parsing relationship: /_rels/.rels
15:47:05.337 [main] DEBUG org.apache.poi.ooxml.POIXMLFactory - using default POIXMLDocumentPart for http://schemas.microsoft.com/office/2017/10/relationships/person
15:47:05.349 [main] DEBUG org.apache.poi.openxml4j.opc.PackageRelationshipCollection - Parsing relationship: /xl/_rels/workbook.xml.rels
15:47:05.350 [main] DEBUG org.apache.poi.openxml4j.opc.PackageRelationshipCollection - Parsing relationship: /xl/worksheets/_rels/sheet1.xml.rels
15:47:05.350 [main] DEBUG org.apache.poi.openxml4j.opc.PackageRelationshipCollection - Parsing relationship: /_rels/.rels
15:47:05.358 [main] DEBUG org.apache.poi.ooxml.POIXMLFactory - using default POIXMLDocumentPart for http://schemas.microsoft.com/office/2017/10/relationships/person
15:47:05.373 [main] DEBUG org.apache.poi.openxml4j.opc.PackageRelationshipCollection - Parsing relationship: /xl/_rels/workbook.xml.rels
15:47:05.375 [main] DEBUG org.apache.poi.openxml4j.opc.PackageRelationshipCollection - Parsing relationship: /xl/worksheets/_rels/sheet1.xml.rels
15:47:05.375 [main] DEBUG org.apache.poi.openxml4j.opc.PackageRelationshipCollection - Parsing relationship: /_rels/.rels
15:47:05.383 [main] DEBUG org.apache.poi.ooxml.POIXMLFactory - using default POIXMLDocumentPart for http://schemas.microsoft.com/office/2017/10/relationships/person
15:47:05.393 [main] DEBUG org.apache.poi.openxml4j.opc.PackageRelationshipCollection - Parsing relationship: /xl/_rels/workbook.xml.rels
15:47:05.394 [main] DEBUG org.apache.poi.openxml4j.opc.PackageRelationshipCollection - Parsing relationship: /xl/worksheets/_rels/sheet1.xml.rels
15:47:05.394 [main] DEBUG org.apache.poi.openxml4j.opc.PackageRelationshipCollection - Parsing relationship: /_rels/.rels
15:47:05.401 [main] DEBUG org.apache.poi.ooxml.POIXMLFactory - using default POIXMLDocumentPart for http://schemas.microsoft.com/office/2017/10/relationships/person
15:47:05.410 [main] DEBUG org.apache.poi.openxml4j.opc.PackageRelationshipCollection - Parsing relationship: /xl/_rels/workbook.xml.rels
15:47:05.411 [main] DEBUG org.apache.poi.openxml4j.opc.PackageRelationshipCollection - Parsing relationship: /xl/worksheets/_rels/sheet1.xml.rels
15:47:05.411 [main] DEBUG org.apache.poi.openxml4j.opc.PackageRelationshipCollection - Parsing relationship: /_rels/.rels
15:47:05.421 [main] DEBUG org.apache.poi.ooxml.POIXMLFactory - using default POIXMLDocumentPart for http://schemas.microsoft.com/office/2017/10/relationships/person
15:47:05.450 [main] INFO  testCases.Tc_loginDDT - loginfunctionality_DDT test starting
15:47:05.480 [main] INFO  testCases.Tc_loginDDT - User Data Input start
15:47:05.480 [main] INFO  testCases.Tc_loginDDT - username input
15:47:05.573 [main] INFO  testCases.Tc_loginDDT - passwd input
15:47:05.662 [main] INFO  testCases.Tc_loginDDT - click on T&C Radio button
15:47:05.772 [main] INFO  testCases.Tc_loginDDT - Click On Signin button
15:47:05.927 [main] INFO  testCases.Tc_loginDDT - verify the login sucessful or not 
15:47:15.977 [main] ERROR testCases.Tc_loginDDT - Test case failed
15:47:15.985 [main] INFO  testCases.Tc_loginDDT - loginfunctionality_DDT test starting
15:47:15.985 [main] INFO  testCases.Tc_loginDDT - User Data Input start
15:47:15.985 [main] INFO  testCases.Tc_loginDDT - username input
15:47:16.043 [main] INFO  testCases.Tc_loginDDT - passwd input
15:47:16.108 [main] INFO  testCases.Tc_loginDDT - click on T&C Radio button
15:47:16.170 [main] INFO  testCases.Tc_loginDDT - Click On Signin button
15:47:16.242 [main] INFO  testCases.Tc_loginDDT - verify the login sucessful or not 
15:47:26.281 [main] ERROR testCases.Tc_loginDDT - Test case failed
15:47:26.287 [main] INFO  testCases.Tc_loginDDT - loginfunctionality_DDT test starting
15:47:26.288 [main] INFO  testCases.Tc_loginDDT - User Data Input start
15:47:26.288 [main] INFO  testCases.Tc_loginDDT - username input
15:47:26.302 [main] ERROR testCases.Tc_loginDDT - Test case failed
15:47:26.304 [main] INFO  testCases.Tc_loginDDT - loginfunctionality_DDT test starting
15:47:26.305 [main] INFO  testCases.Tc_loginDDT - User Data Input start
15:47:26.305 [main] INFO  testCases.Tc_loginDDT - username input
15:47:26.316 [main] ERROR testCases.Tc_loginDDT - Test case failed
15:47:26.318 [main] INFO  testCases.Tc_loginDDT - loginfunctionality_DDT test starting
15:47:26.319 [main] INFO  testCases.Tc_loginDDT - User Data Input start
15:47:26.319 [main] INFO  testCases.Tc_loginDDT - username input
15:47:26.331 [main] ERROR testCases.Tc_loginDDT - Test case failed
15:47:26.334 [main] INFO  testCases.Tc_loginDDT - loginfunctionality_DDT test starting
15:47:26.335 [main] INFO  testCases.Tc_loginDDT - User Data Input start
15:47:26.335 [main] INFO  testCases.Tc_loginDDT - username input
15:47:26.346 [main] ERROR testCases.Tc_loginDDT - Test case failed
15:47:26.349 [main] INFO  testCases.Tc_loginDDT - loginfunctionality_DDT test starting
15:47:26.349 [main] INFO  testCases.Tc_loginDDT - User Data Input start
15:47:26.349 [main] INFO  testCases.Tc_loginDDT - username input
15:47:26.361 [main] ERROR testCases.Tc_loginDDT - Test case failed
15:47:26.365 [main] INFO  testCases.Tc_loginDDT - loginfunctionality_DDT test starting
15:47:26.365 [main] INFO  testCases.Tc_loginDDT - User Data Input start
15:47:26.365 [main] INFO  testCases.Tc_loginDDT - username input
15:47:26.377 [main] ERROR testCases.Tc_loginDDT - Test case failed
15:47:26.380 [main] INFO  testCases.Tc_loginDDT - loginfunctionality_DDT test starting
15:47:26.381 [main] INFO  testCases.Tc_loginDDT - User Data Input start
15:47:26.381 [main] INFO  testCases.Tc_loginDDT - username input
15:47:26.392 [main] ERROR testCases.Tc_loginDDT - Test case failed
15:54:22.306 [main] INFO  testCases.Tc_loginDDT - OS: windows
15:54:22.311 [main] INFO  testCases.Tc_loginDDT - Browser: chrome
15:54:25.993 [main] DEBUG org.apache.poi.openxml4j.opc.PackageRelationshipCollection - Parsing relationship: /xl/_rels/workbook.xml.rels
15:54:25.995 [main] DEBUG org.apache.poi.openxml4j.opc.PackageRelationshipCollection - Parsing relationship: /xl/worksheets/_rels/sheet1.xml.rels
15:54:25.996 [main] DEBUG org.apache.poi.openxml4j.opc.PackageRelationshipCollection - Parsing relationship: /_rels/.rels
15:54:26.363 [main] DEBUG org.apache.poi.ooxml.POIXMLFactory - using default POIXMLDocumentPart for http://schemas.microsoft.com/office/2017/10/relationships/person
15:54:26.516 [main] DEBUG org.apache.poi.openxml4j.opc.PackageRelationshipCollection - Parsing relationship: /xl/_rels/workbook.xml.rels
15:54:26.517 [main] DEBUG org.apache.poi.openxml4j.opc.PackageRelationshipCollection - Parsing relationship: /xl/worksheets/_rels/sheet1.xml.rels
15:54:26.518 [main] DEBUG org.apache.poi.openxml4j.opc.PackageRelationshipCollection - Parsing relationship: /_rels/.rels
15:54:26.530 [main] DEBUG org.apache.poi.ooxml.POIXMLFactory - using default POIXMLDocumentPart for http://schemas.microsoft.com/office/2017/10/relationships/person
15:54:26.554 [main] DEBUG org.apache.poi.openxml4j.opc.PackageRelationshipCollection - Parsing relationship: /xl/_rels/workbook.xml.rels
15:54:26.555 [main] DEBUG org.apache.poi.openxml4j.opc.PackageRelationshipCollection - Parsing relationship: /xl/worksheets/_rels/sheet1.xml.rels
15:54:26.556 [main] DEBUG org.apache.poi.openxml4j.opc.PackageRelationshipCollection - Parsing relationship: /_rels/.rels
15:54:26.569 [main] DEBUG org.apache.poi.ooxml.POIXMLFactory - using default POIXMLDocumentPart for http://schemas.microsoft.com/office/2017/10/relationships/person
15:54:26.599 [main] DEBUG org.apache.poi.openxml4j.opc.PackageRelationshipCollection - Parsing relationship: /xl/_rels/workbook.xml.rels
15:54:26.600 [main] DEBUG org.apache.poi.openxml4j.opc.PackageRelationshipCollection - Parsing relationship: /xl/worksheets/_rels/sheet1.xml.rels
15:54:26.600 [main] DEBUG org.apache.poi.openxml4j.opc.PackageRelationshipCollection - Parsing relationship: /_rels/.rels
15:54:26.606 [main] DEBUG org.apache.poi.ooxml.POIXMLFactory - using default POIXMLDocumentPart for http://schemas.microsoft.com/office/2017/10/relationships/person
15:54:26.631 [main] DEBUG org.apache.poi.openxml4j.opc.PackageRelationshipCollection - Parsing relationship: /xl/_rels/workbook.xml.rels
15:54:26.632 [main] DEBUG org.apache.poi.openxml4j.opc.PackageRelationshipCollection - Parsing relationship: /xl/worksheets/_rels/sheet1.xml.rels
15:54:26.633 [main] DEBUG org.apache.poi.openxml4j.opc.PackageRelationshipCollection - Parsing relationship: /_rels/.rels
15:54:26.640 [main] DEBUG org.apache.poi.ooxml.POIXMLFactory - using default POIXMLDocumentPart for http://schemas.microsoft.com/office/2017/10/relationships/person
15:54:26.661 [main] DEBUG org.apache.poi.openxml4j.opc.PackageRelationshipCollection - Parsing relationship: /xl/_rels/workbook.xml.rels
15:54:26.662 [main] DEBUG org.apache.poi.openxml4j.opc.PackageRelationshipCollection - Parsing relationship: /xl/worksheets/_rels/sheet1.xml.rels
15:54:26.663 [main] DEBUG org.apache.poi.openxml4j.opc.PackageRelationshipCollection - Parsing relationship: /_rels/.rels
15:54:26.669 [main] DEBUG org.apache.poi.ooxml.POIXMLFactory - using default POIXMLDocumentPart for http://schemas.microsoft.com/office/2017/10/relationships/person
15:54:26.694 [main] DEBUG org.apache.poi.openxml4j.opc.PackageRelationshipCollection - Parsing relationship: /xl/_rels/workbook.xml.rels
15:54:26.695 [main] DEBUG org.apache.poi.openxml4j.opc.PackageRelationshipCollection - Parsing relationship: /xl/worksheets/_rels/sheet1.xml.rels
15:54:26.695 [main] DEBUG org.apache.poi.openxml4j.opc.PackageRelationshipCollection - Parsing relationship: /_rels/.rels
15:54:26.703 [main] DEBUG org.apache.poi.ooxml.POIXMLFactory - using default POIXMLDocumentPart for http://schemas.microsoft.com/office/2017/10/relationships/person
15:54:26.722 [main] DEBUG org.apache.poi.openxml4j.opc.PackageRelationshipCollection - Parsing relationship: /xl/_rels/workbook.xml.rels
15:54:26.724 [main] DEBUG org.apache.poi.openxml4j.opc.PackageRelationshipCollection - Parsing relationship: /xl/worksheets/_rels/sheet1.xml.rels
15:54:26.726 [main] DEBUG org.apache.poi.openxml4j.opc.PackageRelationshipCollection - Parsing relationship: /_rels/.rels
15:54:26.734 [main] DEBUG org.apache.poi.ooxml.POIXMLFactory - using default POIXMLDocumentPart for http://schemas.microsoft.com/office/2017/10/relationships/person
15:54:26.754 [main] DEBUG org.apache.poi.openxml4j.opc.PackageRelationshipCollection - Parsing relationship: /xl/_rels/workbook.xml.rels
15:54:26.755 [main] DEBUG org.apache.poi.openxml4j.opc.PackageRelationshipCollection - Parsing relationship: /xl/worksheets/_rels/sheet1.xml.rels
15:54:26.756 [main] DEBUG org.apache.poi.openxml4j.opc.PackageRelationshipCollection - Parsing relationship: /_rels/.rels
15:54:26.768 [main] DEBUG org.apache.poi.ooxml.POIXMLFactory - using default POIXMLDocumentPart for http://schemas.microsoft.com/office/2017/10/relationships/person
15:54:26.788 [main] DEBUG org.apache.poi.openxml4j.opc.PackageRelationshipCollection - Parsing relationship: /xl/_rels/workbook.xml.rels
15:54:26.789 [main] DEBUG org.apache.poi.openxml4j.opc.PackageRelationshipCollection - Parsing relationship: /xl/worksheets/_rels/sheet1.xml.rels
15:54:26.789 [main] DEBUG org.apache.poi.openxml4j.opc.PackageRelationshipCollection - Parsing relationship: /_rels/.rels
15:54:26.798 [main] DEBUG org.apache.poi.ooxml.POIXMLFactory - using default POIXMLDocumentPart for http://schemas.microsoft.com/office/2017/10/relationships/person
15:54:26.816 [main] DEBUG org.apache.poi.openxml4j.opc.PackageRelationshipCollection - Parsing relationship: /xl/_rels/workbook.xml.rels
15:54:26.817 [main] DEBUG org.apache.poi.openxml4j.opc.PackageRelationshipCollection - Parsing relationship: /xl/worksheets/_rels/sheet1.xml.rels
15:54:26.818 [main] DEBUG org.apache.poi.openxml4j.opc.PackageRelationshipCollection - Parsing relationship: /_rels/.rels
15:54:26.824 [main] DEBUG org.apache.poi.ooxml.POIXMLFactory - using default POIXMLDocumentPart for http://schemas.microsoft.com/office/2017/10/relationships/person
15:54:26.839 [main] DEBUG org.apache.poi.openxml4j.opc.PackageRelationshipCollection - Parsing relationship: /xl/_rels/workbook.xml.rels
15:54:26.841 [main] DEBUG org.apache.poi.openxml4j.opc.PackageRelationshipCollection - Parsing relationship: /xl/worksheets/_rels/sheet1.xml.rels
15:54:26.843 [main] DEBUG org.apache.poi.openxml4j.opc.PackageRelationshipCollection - Parsing relationship: /_rels/.rels
15:54:26.848 [main] DEBUG org.apache.poi.ooxml.POIXMLFactory - using default POIXMLDocumentPart for http://schemas.microsoft.com/office/2017/10/relationships/person
15:54:26.864 [main] DEBUG org.apache.poi.openxml4j.opc.PackageRelationshipCollection - Parsing relationship: /xl/_rels/workbook.xml.rels
15:54:26.866 [main] DEBUG org.apache.poi.openxml4j.opc.PackageRelationshipCollection - Parsing relationship: /xl/worksheets/_rels/sheet1.xml.rels
15:54:26.866 [main] DEBUG org.apache.poi.openxml4j.opc.PackageRelationshipCollection - Parsing relationship: /_rels/.rels
15:54:26.876 [main] DEBUG org.apache.poi.ooxml.POIXMLFactory - using default POIXMLDocumentPart for http://schemas.microsoft.com/office/2017/10/relationships/person
15:54:26.895 [main] DEBUG org.apache.poi.openxml4j.opc.PackageRelationshipCollection - Parsing relationship: /xl/_rels/workbook.xml.rels
15:54:26.896 [main] DEBUG org.apache.poi.openxml4j.opc.PackageRelationshipCollection - Parsing relationship: /xl/worksheets/_rels/sheet1.xml.rels
15:54:26.897 [main] DEBUG org.apache.poi.openxml4j.opc.PackageRelationshipCollection - Parsing relationship: /_rels/.rels
15:54:26.903 [main] DEBUG org.apache.poi.ooxml.POIXMLFactory - using default POIXMLDocumentPart for http://schemas.microsoft.com/office/2017/10/relationships/person
15:54:26.920 [main] DEBUG org.apache.poi.openxml4j.opc.PackageRelationshipCollection - Parsing relationship: /xl/_rels/workbook.xml.rels
15:54:26.920 [main] DEBUG org.apache.poi.openxml4j.opc.PackageRelationshipCollection - Parsing relationship: /xl/worksheets/_rels/sheet1.xml.rels
15:54:26.921 [main] DEBUG org.apache.poi.openxml4j.opc.PackageRelationshipCollection - Parsing relationship: /_rels/.rels
15:54:26.931 [main] DEBUG org.apache.poi.ooxml.POIXMLFactory - using default POIXMLDocumentPart for http://schemas.microsoft.com/office/2017/10/relationships/person
15:54:26.947 [main] DEBUG org.apache.poi.openxml4j.opc.PackageRelationshipCollection - Parsing relationship: /xl/_rels/workbook.xml.rels
15:54:26.948 [main] DEBUG org.apache.poi.openxml4j.opc.PackageRelationshipCollection - Parsing relationship: /xl/worksheets/_rels/sheet1.xml.rels
15:54:26.949 [main] DEBUG org.apache.poi.openxml4j.opc.PackageRelationshipCollection - Parsing relationship: /_rels/.rels
15:54:26.960 [main] DEBUG org.apache.poi.ooxml.POIXMLFactory - using default POIXMLDocumentPart for http://schemas.microsoft.com/office/2017/10/relationships/person
15:54:26.977 [main] DEBUG org.apache.poi.openxml4j.opc.PackageRelationshipCollection - Parsing relationship: /xl/_rels/workbook.xml.rels
15:54:26.978 [main] DEBUG org.apache.poi.openxml4j.opc.PackageRelationshipCollection - Parsing relationship: /xl/worksheets/_rels/sheet1.xml.rels
15:54:26.978 [main] DEBUG org.apache.poi.openxml4j.opc.PackageRelationshipCollection - Parsing relationship: /_rels/.rels
15:54:26.984 [main] DEBUG org.apache.poi.ooxml.POIXMLFactory - using default POIXMLDocumentPart for http://schemas.microsoft.com/office/2017/10/relationships/person
15:54:27.004 [main] DEBUG org.apache.poi.openxml4j.opc.PackageRelationshipCollection - Parsing relationship: /xl/_rels/workbook.xml.rels
15:54:27.005 [main] DEBUG org.apache.poi.openxml4j.opc.PackageRelationshipCollection - Parsing relationship: /xl/worksheets/_rels/sheet1.xml.rels
15:54:27.005 [main] DEBUG org.apache.poi.openxml4j.opc.PackageRelationshipCollection - Parsing relationship: /_rels/.rels
15:54:27.013 [main] DEBUG org.apache.poi.ooxml.POIXMLFactory - using default POIXMLDocumentPart for http://schemas.microsoft.com/office/2017/10/relationships/person
15:54:27.030 [main] DEBUG org.apache.poi.openxml4j.opc.PackageRelationshipCollection - Parsing relationship: /xl/_rels/workbook.xml.rels
15:54:27.031 [main] DEBUG org.apache.poi.openxml4j.opc.PackageRelationshipCollection - Parsing relationship: /xl/worksheets/_rels/sheet1.xml.rels
15:54:27.036 [main] DEBUG org.apache.poi.openxml4j.opc.PackageRelationshipCollection - Parsing relationship: /_rels/.rels
15:54:27.056 [main] DEBUG org.apache.poi.ooxml.POIXMLFactory - using default POIXMLDocumentPart for http://schemas.microsoft.com/office/2017/10/relationships/person
15:54:27.079 [main] DEBUG org.apache.poi.openxml4j.opc.PackageRelationshipCollection - Parsing relationship: /xl/_rels/workbook.xml.rels
15:54:27.081 [main] DEBUG org.apache.poi.openxml4j.opc.PackageRelationshipCollection - Parsing relationship: /xl/worksheets/_rels/sheet1.xml.rels
15:54:27.081 [main] DEBUG org.apache.poi.openxml4j.opc.PackageRelationshipCollection - Parsing relationship: /_rels/.rels
15:54:27.086 [main] DEBUG org.apache.poi.ooxml.POIXMLFactory - using default POIXMLDocumentPart for http://schemas.microsoft.com/office/2017/10/relationships/person
15:54:27.104 [main] DEBUG org.apache.poi.openxml4j.opc.PackageRelationshipCollection - Parsing relationship: /xl/_rels/workbook.xml.rels
15:54:27.105 [main] DEBUG org.apache.poi.openxml4j.opc.PackageRelationshipCollection - Parsing relationship: /xl/worksheets/_rels/sheet1.xml.rels
15:54:27.107 [main] DEBUG org.apache.poi.openxml4j.opc.PackageRelationshipCollection - Parsing relationship: /_rels/.rels
15:54:27.118 [main] DEBUG org.apache.poi.ooxml.POIXMLFactory - using default POIXMLDocumentPart for http://schemas.microsoft.com/office/2017/10/relationships/person
15:54:27.139 [main] DEBUG org.apache.poi.openxml4j.opc.PackageRelationshipCollection - Parsing relationship: /xl/_rels/workbook.xml.rels
15:54:27.141 [main] DEBUG org.apache.poi.openxml4j.opc.PackageRelationshipCollection - Parsing relationship: /xl/worksheets/_rels/sheet1.xml.rels
15:54:27.142 [main] DEBUG org.apache.poi.openxml4j.opc.PackageRelationshipCollection - Parsing relationship: /_rels/.rels
15:54:27.153 [main] DEBUG org.apache.poi.ooxml.POIXMLFactory - using default POIXMLDocumentPart for http://schemas.microsoft.com/office/2017/10/relationships/person
15:54:27.179 [main] DEBUG org.apache.poi.openxml4j.opc.PackageRelationshipCollection - Parsing relationship: /xl/_rels/workbook.xml.rels
15:54:27.181 [main] DEBUG org.apache.poi.openxml4j.opc.PackageRelationshipCollection - Parsing relationship: /xl/worksheets/_rels/sheet1.xml.rels
15:54:27.182 [main] DEBUG org.apache.poi.openxml4j.opc.PackageRelationshipCollection - Parsing relationship: /_rels/.rels
15:54:27.193 [main] DEBUG org.apache.poi.ooxml.POIXMLFactory - using default POIXMLDocumentPart for http://schemas.microsoft.com/office/2017/10/relationships/person
15:54:27.214 [main] DEBUG org.apache.poi.openxml4j.opc.PackageRelationshipCollection - Parsing relationship: /xl/_rels/workbook.xml.rels
15:54:27.216 [main] DEBUG org.apache.poi.openxml4j.opc.PackageRelationshipCollection - Parsing relationship: /xl/worksheets/_rels/sheet1.xml.rels
15:54:27.217 [main] DEBUG org.apache.poi.openxml4j.opc.PackageRelationshipCollection - Parsing relationship: /_rels/.rels
15:54:27.228 [main] DEBUG org.apache.poi.ooxml.POIXMLFactory - using default POIXMLDocumentPart for http://schemas.microsoft.com/office/2017/10/relationships/person
15:54:27.253 [main] DEBUG org.apache.poi.openxml4j.opc.PackageRelationshipCollection - Parsing relationship: /xl/_rels/workbook.xml.rels
15:54:27.255 [main] DEBUG org.apache.poi.openxml4j.opc.PackageRelationshipCollection - Parsing relationship: /xl/worksheets/_rels/sheet1.xml.rels
15:54:27.257 [main] DEBUG org.apache.poi.openxml4j.opc.PackageRelationshipCollection - Parsing relationship: /_rels/.rels
15:54:27.266 [main] DEBUG org.apache.poi.ooxml.POIXMLFactory - using default POIXMLDocumentPart for http://schemas.microsoft.com/office/2017/10/relationships/person
15:54:27.286 [main] DEBUG org.apache.poi.openxml4j.opc.PackageRelationshipCollection - Parsing relationship: /xl/_rels/workbook.xml.rels
15:54:27.287 [main] DEBUG org.apache.poi.openxml4j.opc.PackageRelationshipCollection - Parsing relationship: /xl/worksheets/_rels/sheet1.xml.rels
15:54:27.288 [main] DEBUG org.apache.poi.openxml4j.opc.PackageRelationshipCollection - Parsing relationship: /_rels/.rels
15:54:27.298 [main] DEBUG org.apache.poi.ooxml.POIXMLFactory - using default POIXMLDocumentPart for http://schemas.microsoft.com/office/2017/10/relationships/person
15:54:27.319 [main] DEBUG org.apache.poi.openxml4j.opc.PackageRelationshipCollection - Parsing relationship: /xl/_rels/workbook.xml.rels
15:54:27.320 [main] DEBUG org.apache.poi.openxml4j.opc.PackageRelationshipCollection - Parsing relationship: /xl/worksheets/_rels/sheet1.xml.rels
15:54:27.321 [main] DEBUG org.apache.poi.openxml4j.opc.PackageRelationshipCollection - Parsing relationship: /_rels/.rels
15:54:27.328 [main] DEBUG org.apache.poi.ooxml.POIXMLFactory - using default POIXMLDocumentPart for http://schemas.microsoft.com/office/2017/10/relationships/person
15:54:27.346 [main] DEBUG org.apache.poi.openxml4j.opc.PackageRelationshipCollection - Parsing relationship: /xl/_rels/workbook.xml.rels
15:54:27.348 [main] DEBUG org.apache.poi.openxml4j.opc.PackageRelationshipCollection - Parsing relationship: /xl/worksheets/_rels/sheet1.xml.rels
15:54:27.349 [main] DEBUG org.apache.poi.openxml4j.opc.PackageRelationshipCollection - Parsing relationship: /_rels/.rels
15:54:27.361 [main] DEBUG org.apache.poi.ooxml.POIXMLFactory - using default POIXMLDocumentPart for http://schemas.microsoft.com/office/2017/10/relationships/person
15:54:27.384 [main] DEBUG org.apache.poi.openxml4j.opc.PackageRelationshipCollection - Parsing relationship: /xl/_rels/workbook.xml.rels
15:54:27.386 [main] DEBUG org.apache.poi.openxml4j.opc.PackageRelationshipCollection - Parsing relationship: /xl/worksheets/_rels/sheet1.xml.rels
15:54:27.387 [main] DEBUG org.apache.poi.openxml4j.opc.PackageRelationshipCollection - Parsing relationship: /_rels/.rels
15:54:27.400 [main] DEBUG org.apache.poi.ooxml.POIXMLFactory - using default POIXMLDocumentPart for http://schemas.microsoft.com/office/2017/10/relationships/person
15:54:27.423 [main] DEBUG org.apache.poi.openxml4j.opc.PackageRelationshipCollection - Parsing relationship: /xl/_rels/workbook.xml.rels
15:54:27.425 [main] DEBUG org.apache.poi.openxml4j.opc.PackageRelationshipCollection - Parsing relationship: /xl/worksheets/_rels/sheet1.xml.rels
15:54:27.426 [main] DEBUG org.apache.poi.openxml4j.opc.PackageRelationshipCollection - Parsing relationship: /_rels/.rels
15:54:27.433 [main] DEBUG org.apache.poi.ooxml.POIXMLFactory - using default POIXMLDocumentPart for http://schemas.microsoft.com/office/2017/10/relationships/person
15:54:27.445 [main] DEBUG org.apache.poi.openxml4j.opc.PackageRelationshipCollection - Parsing relationship: /xl/_rels/workbook.xml.rels
15:54:27.446 [main] DEBUG org.apache.poi.openxml4j.opc.PackageRelationshipCollection - Parsing relationship: /xl/worksheets/_rels/sheet1.xml.rels
15:54:27.446 [main] DEBUG org.apache.poi.openxml4j.opc.PackageRelationshipCollection - Parsing relationship: /_rels/.rels
15:54:27.451 [main] DEBUG org.apache.poi.ooxml.POIXMLFactory - using default POIXMLDocumentPart for http://schemas.microsoft.com/office/2017/10/relationships/person
15:54:27.463 [main] DEBUG org.apache.poi.openxml4j.opc.PackageRelationshipCollection - Parsing relationship: /xl/_rels/workbook.xml.rels
15:54:27.464 [main] DEBUG org.apache.poi.openxml4j.opc.PackageRelationshipCollection - Parsing relationship: /xl/worksheets/_rels/sheet1.xml.rels
15:54:27.465 [main] DEBUG org.apache.poi.openxml4j.opc.PackageRelationshipCollection - Parsing relationship: /_rels/.rels
15:54:27.469 [main] DEBUG org.apache.poi.ooxml.POIXMLFactory - using default POIXMLDocumentPart for http://schemas.microsoft.com/office/2017/10/relationships/person
15:54:27.482 [main] DEBUG org.apache.poi.openxml4j.opc.PackageRelationshipCollection - Parsing relationship: /xl/_rels/workbook.xml.rels
15:54:27.483 [main] DEBUG org.apache.poi.openxml4j.opc.PackageRelationshipCollection - Parsing relationship: /xl/worksheets/_rels/sheet1.xml.rels
15:54:27.484 [main] DEBUG org.apache.poi.openxml4j.opc.PackageRelationshipCollection - Parsing relationship: /_rels/.rels
15:54:27.492 [main] DEBUG org.apache.poi.ooxml.POIXMLFactory - using default POIXMLDocumentPart for http://schemas.microsoft.com/office/2017/10/relationships/person
15:54:27.515 [main] DEBUG org.apache.poi.openxml4j.opc.PackageRelationshipCollection - Parsing relationship: /xl/_rels/workbook.xml.rels
15:54:27.516 [main] DEBUG org.apache.poi.openxml4j.opc.PackageRelationshipCollection - Parsing relationship: /xl/worksheets/_rels/sheet1.xml.rels
15:54:27.517 [main] DEBUG org.apache.poi.openxml4j.opc.PackageRelationshipCollection - Parsing relationship: /_rels/.rels
15:54:27.525 [main] DEBUG org.apache.poi.ooxml.POIXMLFactory - using default POIXMLDocumentPart for http://schemas.microsoft.com/office/2017/10/relationships/person
15:54:27.539 [main] DEBUG org.apache.poi.openxml4j.opc.PackageRelationshipCollection - Parsing relationship: /xl/_rels/workbook.xml.rels
15:54:27.541 [main] DEBUG org.apache.poi.openxml4j.opc.PackageRelationshipCollection - Parsing relationship: /xl/worksheets/_rels/sheet1.xml.rels
15:54:27.542 [main] DEBUG org.apache.poi.openxml4j.opc.PackageRelationshipCollection - Parsing relationship: /_rels/.rels
15:54:27.549 [main] DEBUG org.apache.poi.ooxml.POIXMLFactory - using default POIXMLDocumentPart for http://schemas.microsoft.com/office/2017/10/relationships/person
15:54:27.561 [main] DEBUG org.apache.poi.openxml4j.opc.PackageRelationshipCollection - Parsing relationship: /xl/_rels/workbook.xml.rels
15:54:27.562 [main] DEBUG org.apache.poi.openxml4j.opc.PackageRelationshipCollection - Parsing relationship: /xl/worksheets/_rels/sheet1.xml.rels
15:54:27.563 [main] DEBUG org.apache.poi.openxml4j.opc.PackageRelationshipCollection - Parsing relationship: /_rels/.rels
15:54:27.567 [main] DEBUG org.apache.poi.ooxml.POIXMLFactory - using default POIXMLDocumentPart for http://schemas.microsoft.com/office/2017/10/relationships/person
15:54:27.581 [main] DEBUG org.apache.poi.openxml4j.opc.PackageRelationshipCollection - Parsing relationship: /xl/_rels/workbook.xml.rels
15:54:27.582 [main] DEBUG org.apache.poi.openxml4j.opc.PackageRelationshipCollection - Parsing relationship: /xl/worksheets/_rels/sheet1.xml.rels
15:54:27.583 [main] DEBUG org.apache.poi.openxml4j.opc.PackageRelationshipCollection - Parsing relationship: /_rels/.rels
15:54:27.589 [main] DEBUG org.apache.poi.ooxml.POIXMLFactory - using default POIXMLDocumentPart for http://schemas.microsoft.com/office/2017/10/relationships/person
15:54:27.599 [main] DEBUG org.apache.poi.openxml4j.opc.PackageRelationshipCollection - Parsing relationship: /xl/_rels/workbook.xml.rels
15:54:27.600 [main] DEBUG org.apache.poi.openxml4j.opc.PackageRelationshipCollection - Parsing relationship: /xl/worksheets/_rels/sheet1.xml.rels
15:54:27.601 [main] DEBUG org.apache.poi.openxml4j.opc.PackageRelationshipCollection - Parsing relationship: /_rels/.rels
15:54:27.610 [main] DEBUG org.apache.poi.ooxml.POIXMLFactory - using default POIXMLDocumentPart for http://schemas.microsoft.com/office/2017/10/relationships/person
15:54:27.620 [main] DEBUG org.apache.poi.openxml4j.opc.PackageRelationshipCollection - Parsing relationship: /xl/_rels/workbook.xml.rels
15:54:27.621 [main] DEBUG org.apache.poi.openxml4j.opc.PackageRelationshipCollection - Parsing relationship: /xl/worksheets/_rels/sheet1.xml.rels
15:54:27.621 [main] DEBUG org.apache.poi.openxml4j.opc.PackageRelationshipCollection - Parsing relationship: /_rels/.rels
15:54:27.627 [main] DEBUG org.apache.poi.ooxml.POIXMLFactory - using default POIXMLDocumentPart for http://schemas.microsoft.com/office/2017/10/relationships/person
15:54:27.638 [main] DEBUG org.apache.poi.openxml4j.opc.PackageRelationshipCollection - Parsing relationship: /xl/_rels/workbook.xml.rels
15:54:27.639 [main] DEBUG org.apache.poi.openxml4j.opc.PackageRelationshipCollection - Parsing relationship: /xl/worksheets/_rels/sheet1.xml.rels
15:54:27.639 [main] DEBUG org.apache.poi.openxml4j.opc.PackageRelationshipCollection - Parsing relationship: /_rels/.rels
15:54:27.644 [main] DEBUG org.apache.poi.ooxml.POIXMLFactory - using default POIXMLDocumentPart for http://schemas.microsoft.com/office/2017/10/relationships/person
15:54:27.653 [main] DEBUG org.apache.poi.openxml4j.opc.PackageRelationshipCollection - Parsing relationship: /xl/_rels/workbook.xml.rels
15:54:27.654 [main] DEBUG org.apache.poi.openxml4j.opc.PackageRelationshipCollection - Parsing relationship: /xl/worksheets/_rels/sheet1.xml.rels
15:54:27.654 [main] DEBUG org.apache.poi.openxml4j.opc.PackageRelationshipCollection - Parsing relationship: /_rels/.rels
15:54:27.659 [main] DEBUG org.apache.poi.ooxml.POIXMLFactory - using default POIXMLDocumentPart for http://schemas.microsoft.com/office/2017/10/relationships/person
15:54:27.666 [main] DEBUG org.apache.poi.openxml4j.opc.PackageRelationshipCollection - Parsing relationship: /xl/_rels/workbook.xml.rels
15:54:27.667 [main] DEBUG org.apache.poi.openxml4j.opc.PackageRelationshipCollection - Parsing relationship: /xl/worksheets/_rels/sheet1.xml.rels
15:54:27.667 [main] DEBUG org.apache.poi.openxml4j.opc.PackageRelationshipCollection - Parsing relationship: /_rels/.rels
15:54:27.670 [main] DEBUG org.apache.poi.ooxml.POIXMLFactory - using default POIXMLDocumentPart for http://schemas.microsoft.com/office/2017/10/relationships/person
15:54:27.679 [main] DEBUG org.apache.poi.openxml4j.opc.PackageRelationshipCollection - Parsing relationship: /xl/_rels/workbook.xml.rels
15:54:27.679 [main] DEBUG org.apache.poi.openxml4j.opc.PackageRelationshipCollection - Parsing relationship: /xl/worksheets/_rels/sheet1.xml.rels
15:54:27.680 [main] DEBUG org.apache.poi.openxml4j.opc.PackageRelationshipCollection - Parsing relationship: /_rels/.rels
15:54:27.684 [main] DEBUG org.apache.poi.ooxml.POIXMLFactory - using default POIXMLDocumentPart for http://schemas.microsoft.com/office/2017/10/relationships/person
15:54:27.693 [main] DEBUG org.apache.poi.openxml4j.opc.PackageRelationshipCollection - Parsing relationship: /xl/_rels/workbook.xml.rels
15:54:27.693 [main] DEBUG org.apache.poi.openxml4j.opc.PackageRelationshipCollection - Parsing relationship: /xl/worksheets/_rels/sheet1.xml.rels
15:54:27.693 [main] DEBUG org.apache.poi.openxml4j.opc.PackageRelationshipCollection - Parsing relationship: /_rels/.rels
15:54:27.698 [main] DEBUG org.apache.poi.ooxml.POIXMLFactory - using default POIXMLDocumentPart for http://schemas.microsoft.com/office/2017/10/relationships/person
15:54:27.705 [main] DEBUG org.apache.poi.openxml4j.opc.PackageRelationshipCollection - Parsing relationship: /xl/_rels/workbook.xml.rels
15:54:27.705 [main] DEBUG org.apache.poi.openxml4j.opc.PackageRelationshipCollection - Parsing relationship: /xl/worksheets/_rels/sheet1.xml.rels
15:54:27.706 [main] DEBUG org.apache.poi.openxml4j.opc.PackageRelationshipCollection - Parsing relationship: /_rels/.rels
15:54:27.714 [main] DEBUG org.apache.poi.ooxml.POIXMLFactory - using default POIXMLDocumentPart for http://schemas.microsoft.com/office/2017/10/relationships/person
15:54:27.725 [main] DEBUG org.apache.poi.openxml4j.opc.PackageRelationshipCollection - Parsing relationship: /xl/_rels/workbook.xml.rels
15:54:27.726 [main] DEBUG org.apache.poi.openxml4j.opc.PackageRelationshipCollection - Parsing relationship: /xl/worksheets/_rels/sheet1.xml.rels
15:54:27.727 [main] DEBUG org.apache.poi.openxml4j.opc.PackageRelationshipCollection - Parsing relationship: /_rels/.rels
15:54:27.731 [main] DEBUG org.apache.poi.ooxml.POIXMLFactory - using default POIXMLDocumentPart for http://schemas.microsoft.com/office/2017/10/relationships/person
15:54:27.740 [main] DEBUG org.apache.poi.openxml4j.opc.PackageRelationshipCollection - Parsing relationship: /xl/_rels/workbook.xml.rels
15:54:27.742 [main] DEBUG org.apache.poi.openxml4j.opc.PackageRelationshipCollection - Parsing relationship: /xl/worksheets/_rels/sheet1.xml.rels
15:54:27.743 [main] DEBUG org.apache.poi.openxml4j.opc.PackageRelationshipCollection - Parsing relationship: /_rels/.rels
15:54:27.747 [main] DEBUG org.apache.poi.ooxml.POIXMLFactory - using default POIXMLDocumentPart for http://schemas.microsoft.com/office/2017/10/relationships/person
15:54:27.753 [main] DEBUG org.apache.poi.openxml4j.opc.PackageRelationshipCollection - Parsing relationship: /xl/_rels/workbook.xml.rels
15:54:27.754 [main] DEBUG org.apache.poi.openxml4j.opc.PackageRelationshipCollection - Parsing relationship: /xl/worksheets/_rels/sheet1.xml.rels
15:54:27.754 [main] DEBUG org.apache.poi.openxml4j.opc.PackageRelationshipCollection - Parsing relationship: /_rels/.rels
15:54:27.759 [main] DEBUG org.apache.poi.ooxml.POIXMLFactory - using default POIXMLDocumentPart for http://schemas.microsoft.com/office/2017/10/relationships/person
15:54:27.766 [main] DEBUG org.apache.poi.openxml4j.opc.PackageRelationshipCollection - Parsing relationship: /xl/_rels/workbook.xml.rels
15:54:27.766 [main] DEBUG org.apache.poi.openxml4j.opc.PackageRelationshipCollection - Parsing relationship: /xl/worksheets/_rels/sheet1.xml.rels
15:54:27.767 [main] DEBUG org.apache.poi.openxml4j.opc.PackageRelationshipCollection - Parsing relationship: /_rels/.rels
15:54:27.771 [main] DEBUG org.apache.poi.ooxml.POIXMLFactory - using default POIXMLDocumentPart for http://schemas.microsoft.com/office/2017/10/relationships/person
15:54:27.780 [main] DEBUG org.apache.poi.openxml4j.opc.PackageRelationshipCollection - Parsing relationship: /xl/_rels/workbook.xml.rels
15:54:27.781 [main] DEBUG org.apache.poi.openxml4j.opc.PackageRelationshipCollection - Parsing relationship: /xl/worksheets/_rels/sheet1.xml.rels
15:54:27.781 [main] DEBUG org.apache.poi.openxml4j.opc.PackageRelationshipCollection - Parsing relationship: /_rels/.rels
15:54:27.784 [main] DEBUG org.apache.poi.ooxml.POIXMLFactory - using default POIXMLDocumentPart for http://schemas.microsoft.com/office/2017/10/relationships/person
15:54:27.794 [main] DEBUG org.apache.poi.openxml4j.opc.PackageRelationshipCollection - Parsing relationship: /xl/_rels/workbook.xml.rels
15:54:27.794 [main] DEBUG org.apache.poi.openxml4j.opc.PackageRelationshipCollection - Parsing relationship: /xl/worksheets/_rels/sheet1.xml.rels
15:54:27.795 [main] DEBUG org.apache.poi.openxml4j.opc.PackageRelationshipCollection - Parsing relationship: /_rels/.rels
15:54:27.799 [main] DEBUG org.apache.poi.ooxml.POIXMLFactory - using default POIXMLDocumentPart for http://schemas.microsoft.com/office/2017/10/relationships/person
15:54:27.809 [main] DEBUG org.apache.poi.openxml4j.opc.PackageRelationshipCollection - Parsing relationship: /xl/_rels/workbook.xml.rels
15:54:27.810 [main] DEBUG org.apache.poi.openxml4j.opc.PackageRelationshipCollection - Parsing relationship: /xl/worksheets/_rels/sheet1.xml.rels
15:54:27.810 [main] DEBUG org.apache.poi.openxml4j.opc.PackageRelationshipCollection - Parsing relationship: /_rels/.rels
15:54:27.814 [main] DEBUG org.apache.poi.ooxml.POIXMLFactory - using default POIXMLDocumentPart for http://schemas.microsoft.com/office/2017/10/relationships/person
15:54:27.821 [main] DEBUG org.apache.poi.openxml4j.opc.PackageRelationshipCollection - Parsing relationship: /xl/_rels/workbook.xml.rels
15:54:27.822 [main] DEBUG org.apache.poi.openxml4j.opc.PackageRelationshipCollection - Parsing relationship: /xl/worksheets/_rels/sheet1.xml.rels
15:54:27.822 [main] DEBUG org.apache.poi.openxml4j.opc.PackageRelationshipCollection - Parsing relationship: /_rels/.rels
15:54:27.828 [main] DEBUG org.apache.poi.ooxml.POIXMLFactory - using default POIXMLDocumentPart for http://schemas.microsoft.com/office/2017/10/relationships/person
15:54:27.837 [main] DEBUG org.apache.poi.openxml4j.opc.PackageRelationshipCollection - Parsing relationship: /xl/_rels/workbook.xml.rels
15:54:27.838 [main] DEBUG org.apache.poi.openxml4j.opc.PackageRelationshipCollection - Parsing relationship: /xl/worksheets/_rels/sheet1.xml.rels
15:54:27.839 [main] DEBUG org.apache.poi.openxml4j.opc.PackageRelationshipCollection - Parsing relationship: /_rels/.rels
15:54:27.844 [main] DEBUG org.apache.poi.ooxml.POIXMLFactory - using default POIXMLDocumentPart for http://schemas.microsoft.com/office/2017/10/relationships/person
15:54:27.851 [main] DEBUG org.apache.poi.openxml4j.opc.PackageRelationshipCollection - Parsing relationship: /xl/_rels/workbook.xml.rels
15:54:27.852 [main] DEBUG org.apache.poi.openxml4j.opc.PackageRelationshipCollection - Parsing relationship: /xl/worksheets/_rels/sheet1.xml.rels
15:54:27.853 [main] DEBUG org.apache.poi.openxml4j.opc.PackageRelationshipCollection - Parsing relationship: /_rels/.rels
15:54:27.856 [main] DEBUG org.apache.poi.ooxml.POIXMLFactory - using default POIXMLDocumentPart for http://schemas.microsoft.com/office/2017/10/relationships/person
15:54:27.868 [main] DEBUG org.apache.poi.openxml4j.opc.PackageRelationshipCollection - Parsing relationship: /xl/_rels/workbook.xml.rels
15:54:27.868 [main] DEBUG org.apache.poi.openxml4j.opc.PackageRelationshipCollection - Parsing relationship: /xl/worksheets/_rels/sheet1.xml.rels
15:54:27.869 [main] DEBUG org.apache.poi.openxml4j.opc.PackageRelationshipCollection - Parsing relationship: /_rels/.rels
15:54:27.872 [main] DEBUG org.apache.poi.ooxml.POIXMLFactory - using default POIXMLDocumentPart for http://schemas.microsoft.com/office/2017/10/relationships/person
15:54:27.881 [main] DEBUG org.apache.poi.openxml4j.opc.PackageRelationshipCollection - Parsing relationship: /xl/_rels/workbook.xml.rels
15:54:27.881 [main] DEBUG org.apache.poi.openxml4j.opc.PackageRelationshipCollection - Parsing relationship: /xl/worksheets/_rels/sheet1.xml.rels
15:54:27.881 [main] DEBUG org.apache.poi.openxml4j.opc.PackageRelationshipCollection - Parsing relationship: /_rels/.rels
15:54:27.885 [main] DEBUG org.apache.poi.ooxml.POIXMLFactory - using default POIXMLDocumentPart for http://schemas.microsoft.com/office/2017/10/relationships/person
15:54:27.893 [main] DEBUG org.apache.poi.openxml4j.opc.PackageRelationshipCollection - Parsing relationship: /xl/_rels/workbook.xml.rels
15:54:27.893 [main] DEBUG org.apache.poi.openxml4j.opc.PackageRelationshipCollection - Parsing relationship: /xl/worksheets/_rels/sheet1.xml.rels
15:54:27.894 [main] DEBUG org.apache.poi.openxml4j.opc.PackageRelationshipCollection - Parsing relationship: /_rels/.rels
15:54:27.896 [main] DEBUG org.apache.poi.ooxml.POIXMLFactory - using default POIXMLDocumentPart for http://schemas.microsoft.com/office/2017/10/relationships/person
15:54:27.904 [main] DEBUG org.apache.poi.openxml4j.opc.PackageRelationshipCollection - Parsing relationship: /xl/_rels/workbook.xml.rels
15:54:27.905 [main] DEBUG org.apache.poi.openxml4j.opc.PackageRelationshipCollection - Parsing relationship: /xl/worksheets/_rels/sheet1.xml.rels
15:54:27.905 [main] DEBUG org.apache.poi.openxml4j.opc.PackageRelationshipCollection - Parsing relationship: /_rels/.rels
15:54:27.910 [main] DEBUG org.apache.poi.ooxml.POIXMLFactory - using default POIXMLDocumentPart for http://schemas.microsoft.com/office/2017/10/relationships/person
15:54:27.918 [main] DEBUG org.apache.poi.openxml4j.opc.PackageRelationshipCollection - Parsing relationship: /xl/_rels/workbook.xml.rels
15:54:27.919 [main] DEBUG org.apache.poi.openxml4j.opc.PackageRelationshipCollection - Parsing relationship: /xl/worksheets/_rels/sheet1.xml.rels
15:54:27.919 [main] DEBUG org.apache.poi.openxml4j.opc.PackageRelationshipCollection - Parsing relationship: /_rels/.rels
15:54:27.922 [main] DEBUG org.apache.poi.ooxml.POIXMLFactory - using default POIXMLDocumentPart for http://schemas.microsoft.com/office/2017/10/relationships/person
15:54:27.930 [main] DEBUG org.apache.poi.openxml4j.opc.PackageRelationshipCollection - Parsing relationship: /xl/_rels/workbook.xml.rels
15:54:27.930 [main] DEBUG org.apache.poi.openxml4j.opc.PackageRelationshipCollection - Parsing relationship: /xl/worksheets/_rels/sheet1.xml.rels
15:54:27.931 [main] DEBUG org.apache.poi.openxml4j.opc.PackageRelationshipCollection - Parsing relationship: /_rels/.rels
15:54:27.935 [main] DEBUG org.apache.poi.ooxml.POIXMLFactory - using default POIXMLDocumentPart for http://schemas.microsoft.com/office/2017/10/relationships/person
15:54:27.943 [main] DEBUG org.apache.poi.openxml4j.opc.PackageRelationshipCollection - Parsing relationship: /xl/_rels/workbook.xml.rels
15:54:27.944 [main] DEBUG org.apache.poi.openxml4j.opc.PackageRelationshipCollection - Parsing relationship: /xl/worksheets/_rels/sheet1.xml.rels
15:54:27.944 [main] DEBUG org.apache.poi.openxml4j.opc.PackageRelationshipCollection - Parsing relationship: /_rels/.rels
15:54:27.947 [main] DEBUG org.apache.poi.ooxml.POIXMLFactory - using default POIXMLDocumentPart for http://schemas.microsoft.com/office/2017/10/relationships/person
15:54:27.954 [main] DEBUG org.apache.poi.openxml4j.opc.PackageRelationshipCollection - Parsing relationship: /xl/_rels/workbook.xml.rels
15:54:27.955 [main] DEBUG org.apache.poi.openxml4j.opc.PackageRelationshipCollection - Parsing relationship: /xl/worksheets/_rels/sheet1.xml.rels
15:54:27.955 [main] DEBUG org.apache.poi.openxml4j.opc.PackageRelationshipCollection - Parsing relationship: /_rels/.rels
15:54:27.959 [main] DEBUG org.apache.poi.ooxml.POIXMLFactory - using default POIXMLDocumentPart for http://schemas.microsoft.com/office/2017/10/relationships/person
15:54:27.966 [main] DEBUG org.apache.poi.openxml4j.opc.PackageRelationshipCollection - Parsing relationship: /xl/_rels/workbook.xml.rels
15:54:27.967 [main] DEBUG org.apache.poi.openxml4j.opc.PackageRelationshipCollection - Parsing relationship: /xl/worksheets/_rels/sheet1.xml.rels
15:54:27.968 [main] DEBUG org.apache.poi.openxml4j.opc.PackageRelationshipCollection - Parsing relationship: /_rels/.rels
15:54:27.972 [main] DEBUG org.apache.poi.ooxml.POIXMLFactory - using default POIXMLDocumentPart for http://schemas.microsoft.com/office/2017/10/relationships/person
15:54:27.980 [main] DEBUG org.apache.poi.openxml4j.opc.PackageRelationshipCollection - Parsing relationship: /xl/_rels/workbook.xml.rels
15:54:27.980 [main] DEBUG org.apache.poi.openxml4j.opc.PackageRelationshipCollection - Parsing relationship: /xl/worksheets/_rels/sheet1.xml.rels
15:54:27.980 [main] DEBUG org.apache.poi.openxml4j.opc.PackageRelationshipCollection - Parsing relationship: /_rels/.rels
15:54:27.983 [main] DEBUG org.apache.poi.ooxml.POIXMLFactory - using default POIXMLDocumentPart for http://schemas.microsoft.com/office/2017/10/relationships/person
15:54:27.989 [main] DEBUG org.apache.poi.openxml4j.opc.PackageRelationshipCollection - Parsing relationship: /xl/_rels/workbook.xml.rels
15:54:27.989 [main] DEBUG org.apache.poi.openxml4j.opc.PackageRelationshipCollection - Parsing relationship: /xl/worksheets/_rels/sheet1.xml.rels
15:54:27.989 [main] DEBUG org.apache.poi.openxml4j.opc.PackageRelationshipCollection - Parsing relationship: /_rels/.rels
15:54:27.995 [main] DEBUG org.apache.poi.ooxml.POIXMLFactory - using default POIXMLDocumentPart for http://schemas.microsoft.com/office/2017/10/relationships/person
15:54:28.001 [main] DEBUG org.apache.poi.openxml4j.opc.PackageRelationshipCollection - Parsing relationship: /xl/_rels/workbook.xml.rels
15:54:28.001 [main] DEBUG org.apache.poi.openxml4j.opc.PackageRelationshipCollection - Parsing relationship: /xl/worksheets/_rels/sheet1.xml.rels
15:54:28.002 [main] DEBUG org.apache.poi.openxml4j.opc.PackageRelationshipCollection - Parsing relationship: /_rels/.rels
15:54:28.005 [main] DEBUG org.apache.poi.ooxml.POIXMLFactory - using default POIXMLDocumentPart for http://schemas.microsoft.com/office/2017/10/relationships/person
15:54:28.012 [main] DEBUG org.apache.poi.openxml4j.opc.PackageRelationshipCollection - Parsing relationship: /xl/_rels/workbook.xml.rels
15:54:28.013 [main] DEBUG org.apache.poi.openxml4j.opc.PackageRelationshipCollection - Parsing relationship: /xl/worksheets/_rels/sheet1.xml.rels
15:54:28.013 [main] DEBUG org.apache.poi.openxml4j.opc.PackageRelationshipCollection - Parsing relationship: /_rels/.rels
15:54:28.016 [main] DEBUG org.apache.poi.ooxml.POIXMLFactory - using default POIXMLDocumentPart for http://schemas.microsoft.com/office/2017/10/relationships/person
15:54:28.021 [main] DEBUG org.apache.poi.openxml4j.opc.PackageRelationshipCollection - Parsing relationship: /xl/_rels/workbook.xml.rels
15:54:28.022 [main] DEBUG org.apache.poi.openxml4j.opc.PackageRelationshipCollection - Parsing relationship: /xl/worksheets/_rels/sheet1.xml.rels
15:54:28.022 [main] DEBUG org.apache.poi.openxml4j.opc.PackageRelationshipCollection - Parsing relationship: /_rels/.rels
15:54:28.027 [main] DEBUG org.apache.poi.ooxml.POIXMLFactory - using default POIXMLDocumentPart for http://schemas.microsoft.com/office/2017/10/relationships/person
15:54:28.034 [main] DEBUG org.apache.poi.openxml4j.opc.PackageRelationshipCollection - Parsing relationship: /xl/_rels/workbook.xml.rels
15:54:28.034 [main] DEBUG org.apache.poi.openxml4j.opc.PackageRelationshipCollection - Parsing relationship: /xl/worksheets/_rels/sheet1.xml.rels
15:54:28.034 [main] DEBUG org.apache.poi.openxml4j.opc.PackageRelationshipCollection - Parsing relationship: /_rels/.rels
15:54:28.038 [main] DEBUG org.apache.poi.ooxml.POIXMLFactory - using default POIXMLDocumentPart for http://schemas.microsoft.com/office/2017/10/relationships/person
15:54:28.045 [main] DEBUG org.apache.poi.openxml4j.opc.PackageRelationshipCollection - Parsing relationship: /xl/_rels/workbook.xml.rels
15:54:28.046 [main] DEBUG org.apache.poi.openxml4j.opc.PackageRelationshipCollection - Parsing relationship: /xl/worksheets/_rels/sheet1.xml.rels
15:54:28.046 [main] DEBUG org.apache.poi.openxml4j.opc.PackageRelationshipCollection - Parsing relationship: /_rels/.rels
15:54:28.050 [main] DEBUG org.apache.poi.ooxml.POIXMLFactory - using default POIXMLDocumentPart for http://schemas.microsoft.com/office/2017/10/relationships/person
15:54:28.056 [main] DEBUG org.apache.poi.openxml4j.opc.PackageRelationshipCollection - Parsing relationship: /xl/_rels/workbook.xml.rels
15:54:28.056 [main] DEBUG org.apache.poi.openxml4j.opc.PackageRelationshipCollection - Parsing relationship: /xl/worksheets/_rels/sheet1.xml.rels
15:54:28.056 [main] DEBUG org.apache.poi.openxml4j.opc.PackageRelationshipCollection - Parsing relationship: /_rels/.rels
15:54:28.061 [main] DEBUG org.apache.poi.ooxml.POIXMLFactory - using default POIXMLDocumentPart for http://schemas.microsoft.com/office/2017/10/relationships/person
15:54:28.067 [main] DEBUG org.apache.poi.openxml4j.opc.PackageRelationshipCollection - Parsing relationship: /xl/_rels/workbook.xml.rels
15:54:28.068 [main] DEBUG org.apache.poi.openxml4j.opc.PackageRelationshipCollection - Parsing relationship: /xl/worksheets/_rels/sheet1.xml.rels
15:54:28.068 [main] DEBUG org.apache.poi.openxml4j.opc.PackageRelationshipCollection - Parsing relationship: /_rels/.rels
15:54:28.072 [main] DEBUG org.apache.poi.ooxml.POIXMLFactory - using default POIXMLDocumentPart for http://schemas.microsoft.com/office/2017/10/relationships/person
15:54:28.079 [main] DEBUG org.apache.poi.openxml4j.opc.PackageRelationshipCollection - Parsing relationship: /xl/_rels/workbook.xml.rels
15:54:28.080 [main] DEBUG org.apache.poi.openxml4j.opc.PackageRelationshipCollection - Parsing relationship: /xl/worksheets/_rels/sheet1.xml.rels
15:54:28.080 [main] DEBUG org.apache.poi.openxml4j.opc.PackageRelationshipCollection - Parsing relationship: /_rels/.rels
15:54:28.083 [main] DEBUG org.apache.poi.ooxml.POIXMLFactory - using default POIXMLDocumentPart for http://schemas.microsoft.com/office/2017/10/relationships/person
15:54:28.089 [main] DEBUG org.apache.poi.openxml4j.opc.PackageRelationshipCollection - Parsing relationship: /xl/_rels/workbook.xml.rels
15:54:28.090 [main] DEBUG org.apache.poi.openxml4j.opc.PackageRelationshipCollection - Parsing relationship: /xl/worksheets/_rels/sheet1.xml.rels
15:54:28.091 [main] DEBUG org.apache.poi.openxml4j.opc.PackageRelationshipCollection - Parsing relationship: /_rels/.rels
15:54:28.096 [main] DEBUG org.apache.poi.ooxml.POIXMLFactory - using default POIXMLDocumentPart for http://schemas.microsoft.com/office/2017/10/relationships/person
15:54:28.104 [main] DEBUG org.apache.poi.openxml4j.opc.PackageRelationshipCollection - Parsing relationship: /xl/_rels/workbook.xml.rels
15:54:28.105 [main] DEBUG org.apache.poi.openxml4j.opc.PackageRelationshipCollection - Parsing relationship: /xl/worksheets/_rels/sheet1.xml.rels
15:54:28.105 [main] DEBUG org.apache.poi.openxml4j.opc.PackageRelationshipCollection - Parsing relationship: /_rels/.rels
15:54:28.110 [main] DEBUG org.apache.poi.ooxml.POIXMLFactory - using default POIXMLDocumentPart for http://schemas.microsoft.com/office/2017/10/relationships/person
15:54:28.116 [main] DEBUG org.apache.poi.openxml4j.opc.PackageRelationshipCollection - Parsing relationship: /xl/_rels/workbook.xml.rels
15:54:28.116 [main] DEBUG org.apache.poi.openxml4j.opc.PackageRelationshipCollection - Parsing relationship: /xl/worksheets/_rels/sheet1.xml.rels
15:54:28.116 [main] DEBUG org.apache.poi.openxml4j.opc.PackageRelationshipCollection - Parsing relationship: /_rels/.rels
15:54:28.119 [main] DEBUG org.apache.poi.ooxml.POIXMLFactory - using default POIXMLDocumentPart for http://schemas.microsoft.com/office/2017/10/relationships/person
15:54:28.127 [main] DEBUG org.apache.poi.openxml4j.opc.PackageRelationshipCollection - Parsing relationship: /xl/_rels/workbook.xml.rels
15:54:28.127 [main] DEBUG org.apache.poi.openxml4j.opc.PackageRelationshipCollection - Parsing relationship: /xl/worksheets/_rels/sheet1.xml.rels
15:54:28.128 [main] DEBUG org.apache.poi.openxml4j.opc.PackageRelationshipCollection - Parsing relationship: /_rels/.rels
15:54:28.131 [main] DEBUG org.apache.poi.ooxml.POIXMLFactory - using default POIXMLDocumentPart for http://schemas.microsoft.com/office/2017/10/relationships/person
15:54:28.137 [main] DEBUG org.apache.poi.openxml4j.opc.PackageRelationshipCollection - Parsing relationship: /xl/_rels/workbook.xml.rels
15:54:28.138 [main] DEBUG org.apache.poi.openxml4j.opc.PackageRelationshipCollection - Parsing relationship: /xl/worksheets/_rels/sheet1.xml.rels
15:54:28.138 [main] DEBUG org.apache.poi.openxml4j.opc.PackageRelationshipCollection - Parsing relationship: /_rels/.rels
15:54:28.143 [main] DEBUG org.apache.poi.ooxml.POIXMLFactory - using default POIXMLDocumentPart for http://schemas.microsoft.com/office/2017/10/relationships/person
15:54:28.150 [main] DEBUG org.apache.poi.openxml4j.opc.PackageRelationshipCollection - Parsing relationship: /xl/_rels/workbook.xml.rels
15:54:28.150 [main] DEBUG org.apache.poi.openxml4j.opc.PackageRelationshipCollection - Parsing relationship: /xl/worksheets/_rels/sheet1.xml.rels
15:54:28.151 [main] DEBUG org.apache.poi.openxml4j.opc.PackageRelationshipCollection - Parsing relationship: /_rels/.rels
15:54:28.154 [main] DEBUG org.apache.poi.ooxml.POIXMLFactory - using default POIXMLDocumentPart for http://schemas.microsoft.com/office/2017/10/relationships/person
15:54:28.161 [main] DEBUG org.apache.poi.openxml4j.opc.PackageRelationshipCollection - Parsing relationship: /xl/_rels/workbook.xml.rels
15:54:28.162 [main] DEBUG org.apache.poi.openxml4j.opc.PackageRelationshipCollection - Parsing relationship: /xl/worksheets/_rels/sheet1.xml.rels
15:54:28.162 [main] DEBUG org.apache.poi.openxml4j.opc.PackageRelationshipCollection - Parsing relationship: /_rels/.rels
15:54:28.165 [main] DEBUG org.apache.poi.ooxml.POIXMLFactory - using default POIXMLDocumentPart for http://schemas.microsoft.com/office/2017/10/relationships/person
15:54:28.171 [main] DEBUG org.apache.poi.openxml4j.opc.PackageRelationshipCollection - Parsing relationship: /xl/_rels/workbook.xml.rels
15:54:28.171 [main] DEBUG org.apache.poi.openxml4j.opc.PackageRelationshipCollection - Parsing relationship: /xl/worksheets/_rels/sheet1.xml.rels
15:54:28.172 [main] DEBUG org.apache.poi.openxml4j.opc.PackageRelationshipCollection - Parsing relationship: /_rels/.rels
15:54:28.176 [main] DEBUG org.apache.poi.ooxml.POIXMLFactory - using default POIXMLDocumentPart for http://schemas.microsoft.com/office/2017/10/relationships/person
15:54:28.182 [main] DEBUG org.apache.poi.openxml4j.opc.PackageRelationshipCollection - Parsing relationship: /xl/_rels/workbook.xml.rels
15:54:28.183 [main] DEBUG org.apache.poi.openxml4j.opc.PackageRelationshipCollection - Parsing relationship: /xl/worksheets/_rels/sheet1.xml.rels
15:54:28.183 [main] DEBUG org.apache.poi.openxml4j.opc.PackageRelationshipCollection - Parsing relationship: /_rels/.rels
15:54:28.186 [main] DEBUG org.apache.poi.ooxml.POIXMLFactory - using default POIXMLDocumentPart for http://schemas.microsoft.com/office/2017/10/relationships/person
15:54:28.192 [main] DEBUG org.apache.poi.openxml4j.opc.PackageRelationshipCollection - Parsing relationship: /xl/_rels/workbook.xml.rels
15:54:28.192 [main] DEBUG org.apache.poi.openxml4j.opc.PackageRelationshipCollection - Parsing relationship: /xl/worksheets/_rels/sheet1.xml.rels
15:54:28.193 [main] DEBUG org.apache.poi.openxml4j.opc.PackageRelationshipCollection - Parsing relationship: /_rels/.rels
15:54:28.196 [main] DEBUG org.apache.poi.ooxml.POIXMLFactory - using default POIXMLDocumentPart for http://schemas.microsoft.com/office/2017/10/relationships/person
15:54:28.202 [main] DEBUG org.apache.poi.openxml4j.opc.PackageRelationshipCollection - Parsing relationship: /xl/_rels/workbook.xml.rels
15:54:28.202 [main] DEBUG org.apache.poi.openxml4j.opc.PackageRelationshipCollection - Parsing relationship: /xl/worksheets/_rels/sheet1.xml.rels
15:54:28.202 [main] DEBUG org.apache.poi.openxml4j.opc.PackageRelationshipCollection - Parsing relationship: /_rels/.rels
15:54:28.206 [main] DEBUG org.apache.poi.ooxml.POIXMLFactory - using default POIXMLDocumentPart for http://schemas.microsoft.com/office/2017/10/relationships/person
15:54:28.215 [main] DEBUG org.apache.poi.openxml4j.opc.PackageRelationshipCollection - Parsing relationship: /xl/_rels/workbook.xml.rels
15:54:28.215 [main] DEBUG org.apache.poi.openxml4j.opc.PackageRelationshipCollection - Parsing relationship: /xl/worksheets/_rels/sheet1.xml.rels
15:54:28.215 [main] DEBUG org.apache.poi.openxml4j.opc.PackageRelationshipCollection - Parsing relationship: /_rels/.rels
15:54:28.220 [main] DEBUG org.apache.poi.ooxml.POIXMLFactory - using default POIXMLDocumentPart for http://schemas.microsoft.com/office/2017/10/relationships/person
15:54:28.228 [main] DEBUG org.apache.poi.openxml4j.opc.PackageRelationshipCollection - Parsing relationship: /xl/_rels/workbook.xml.rels
15:54:28.228 [main] DEBUG org.apache.poi.openxml4j.opc.PackageRelationshipCollection - Parsing relationship: /xl/worksheets/_rels/sheet1.xml.rels
15:54:28.229 [main] DEBUG org.apache.poi.openxml4j.opc.PackageRelationshipCollection - Parsing relationship: /_rels/.rels
15:54:28.232 [main] DEBUG org.apache.poi.ooxml.POIXMLFactory - using default POIXMLDocumentPart for http://schemas.microsoft.com/office/2017/10/relationships/person
15:54:28.239 [main] DEBUG org.apache.poi.openxml4j.opc.PackageRelationshipCollection - Parsing relationship: /xl/_rels/workbook.xml.rels
15:54:28.240 [main] DEBUG org.apache.poi.openxml4j.opc.PackageRelationshipCollection - Parsing relationship: /xl/worksheets/_rels/sheet1.xml.rels
15:54:28.240 [main] DEBUG org.apache.poi.openxml4j.opc.PackageRelationshipCollection - Parsing relationship: /_rels/.rels
15:54:28.244 [main] DEBUG org.apache.poi.ooxml.POIXMLFactory - using default POIXMLDocumentPart for http://schemas.microsoft.com/office/2017/10/relationships/person
15:54:28.249 [main] DEBUG org.apache.poi.openxml4j.opc.PackageRelationshipCollection - Parsing relationship: /xl/_rels/workbook.xml.rels
15:54:28.249 [main] DEBUG org.apache.poi.openxml4j.opc.PackageRelationshipCollection - Parsing relationship: /xl/worksheets/_rels/sheet1.xml.rels
15:54:28.250 [main] DEBUG org.apache.poi.openxml4j.opc.PackageRelationshipCollection - Parsing relationship: /_rels/.rels
15:54:28.253 [main] DEBUG org.apache.poi.ooxml.POIXMLFactory - using default POIXMLDocumentPart for http://schemas.microsoft.com/office/2017/10/relationships/person
15:54:28.260 [main] DEBUG org.apache.poi.openxml4j.opc.PackageRelationshipCollection - Parsing relationship: /xl/_rels/workbook.xml.rels
15:54:28.260 [main] DEBUG org.apache.poi.openxml4j.opc.PackageRelationshipCollection - Parsing relationship: /xl/worksheets/_rels/sheet1.xml.rels
15:54:28.260 [main] DEBUG org.apache.poi.openxml4j.opc.PackageRelationshipCollection - Parsing relationship: /_rels/.rels
15:54:28.263 [main] DEBUG org.apache.poi.ooxml.POIXMLFactory - using default POIXMLDocumentPart for http://schemas.microsoft.com/office/2017/10/relationships/person
15:54:28.269 [main] DEBUG org.apache.poi.openxml4j.opc.PackageRelationshipCollection - Parsing relationship: /xl/_rels/workbook.xml.rels
15:54:28.270 [main] DEBUG org.apache.poi.openxml4j.opc.PackageRelationshipCollection - Parsing relationship: /xl/worksheets/_rels/sheet1.xml.rels
15:54:28.270 [main] DEBUG org.apache.poi.openxml4j.opc.PackageRelationshipCollection - Parsing relationship: /_rels/.rels
15:54:28.273 [main] DEBUG org.apache.poi.ooxml.POIXMLFactory - using default POIXMLDocumentPart for http://schemas.microsoft.com/office/2017/10/relationships/person
15:54:28.282 [main] DEBUG org.apache.poi.openxml4j.opc.PackageRelationshipCollection - Parsing relationship: /xl/_rels/workbook.xml.rels
15:54:28.282 [main] DEBUG org.apache.poi.openxml4j.opc.PackageRelationshipCollection - Parsing relationship: /xl/worksheets/_rels/sheet1.xml.rels
15:54:28.283 [main] DEBUG org.apache.poi.openxml4j.opc.PackageRelationshipCollection - Parsing relationship: /_rels/.rels
15:54:28.287 [main] DEBUG org.apache.poi.ooxml.POIXMLFactory - using default POIXMLDocumentPart for http://schemas.microsoft.com/office/2017/10/relationships/person
15:54:28.293 [main] DEBUG org.apache.poi.openxml4j.opc.PackageRelationshipCollection - Parsing relationship: /xl/_rels/workbook.xml.rels
15:54:28.293 [main] DEBUG org.apache.poi.openxml4j.opc.PackageRelationshipCollection - Parsing relationship: /xl/worksheets/_rels/sheet1.xml.rels
15:54:28.294 [main] DEBUG org.apache.poi.openxml4j.opc.PackageRelationshipCollection - Parsing relationship: /_rels/.rels
15:54:28.296 [main] DEBUG org.apache.poi.ooxml.POIXMLFactory - using default POIXMLDocumentPart for http://schemas.microsoft.com/office/2017/10/relationships/person
15:54:28.305 [main] DEBUG org.apache.poi.openxml4j.opc.PackageRelationshipCollection - Parsing relationship: /xl/_rels/workbook.xml.rels
15:54:28.305 [main] DEBUG org.apache.poi.openxml4j.opc.PackageRelationshipCollection - Parsing relationship: /xl/worksheets/_rels/sheet1.xml.rels
15:54:28.305 [main] DEBUG org.apache.poi.openxml4j.opc.PackageRelationshipCollection - Parsing relationship: /_rels/.rels
15:54:28.311 [main] DEBUG org.apache.poi.ooxml.POIXMLFactory - using default POIXMLDocumentPart for http://schemas.microsoft.com/office/2017/10/relationships/person
15:54:28.316 [main] DEBUG org.apache.poi.openxml4j.opc.PackageRelationshipCollection - Parsing relationship: /xl/_rels/workbook.xml.rels
15:54:28.316 [main] DEBUG org.apache.poi.openxml4j.opc.PackageRelationshipCollection - Parsing relationship: /xl/worksheets/_rels/sheet1.xml.rels
15:54:28.317 [main] DEBUG org.apache.poi.openxml4j.opc.PackageRelationshipCollection - Parsing relationship: /_rels/.rels
15:54:28.321 [main] DEBUG org.apache.poi.ooxml.POIXMLFactory - using default POIXMLDocumentPart for http://schemas.microsoft.com/office/2017/10/relationships/person
15:54:28.328 [main] DEBUG org.apache.poi.openxml4j.opc.PackageRelationshipCollection - Parsing relationship: /xl/_rels/workbook.xml.rels
15:54:28.329 [main] DEBUG org.apache.poi.openxml4j.opc.PackageRelationshipCollection - Parsing relationship: /xl/worksheets/_rels/sheet1.xml.rels
15:54:28.329 [main] DEBUG org.apache.poi.openxml4j.opc.PackageRelationshipCollection - Parsing relationship: /_rels/.rels
15:54:28.332 [main] DEBUG org.apache.poi.ooxml.POIXMLFactory - using default POIXMLDocumentPart for http://schemas.microsoft.com/office/2017/10/relationships/person
15:54:28.337 [main] DEBUG org.apache.poi.openxml4j.opc.PackageRelationshipCollection - Parsing relationship: /xl/_rels/workbook.xml.rels
15:54:28.337 [main] DEBUG org.apache.poi.openxml4j.opc.PackageRelationshipCollection - Parsing relationship: /xl/worksheets/_rels/sheet1.xml.rels
15:54:28.338 [main] DEBUG org.apache.poi.openxml4j.opc.PackageRelationshipCollection - Parsing relationship: /_rels/.rels
15:54:28.340 [main] DEBUG org.apache.poi.ooxml.POIXMLFactory - using default POIXMLDocumentPart for http://schemas.microsoft.com/office/2017/10/relationships/person
15:54:28.349 [main] DEBUG org.apache.poi.openxml4j.opc.PackageRelationshipCollection - Parsing relationship: /xl/_rels/workbook.xml.rels
15:54:28.350 [main] DEBUG org.apache.poi.openxml4j.opc.PackageRelationshipCollection - Parsing relationship: /xl/worksheets/_rels/sheet1.xml.rels
15:54:28.350 [main] DEBUG org.apache.poi.openxml4j.opc.PackageRelationshipCollection - Parsing relationship: /_rels/.rels
15:54:28.352 [main] DEBUG org.apache.poi.ooxml.POIXMLFactory - using default POIXMLDocumentPart for http://schemas.microsoft.com/office/2017/10/relationships/person
15:54:28.357 [main] DEBUG org.apache.poi.openxml4j.opc.PackageRelationshipCollection - Parsing relationship: /xl/_rels/workbook.xml.rels
15:54:28.357 [main] DEBUG org.apache.poi.openxml4j.opc.PackageRelationshipCollection - Parsing relationship: /xl/worksheets/_rels/sheet1.xml.rels
15:54:28.357 [main] DEBUG org.apache.poi.openxml4j.opc.PackageRelationshipCollection - Parsing relationship: /_rels/.rels
15:54:28.361 [main] DEBUG org.apache.poi.ooxml.POIXMLFactory - using default POIXMLDocumentPart for http://schemas.microsoft.com/office/2017/10/relationships/person
15:54:28.366 [main] DEBUG org.apache.poi.openxml4j.opc.PackageRelationshipCollection - Parsing relationship: /xl/_rels/workbook.xml.rels
15:54:28.366 [main] DEBUG org.apache.poi.openxml4j.opc.PackageRelationshipCollection - Parsing relationship: /xl/worksheets/_rels/sheet1.xml.rels
15:54:28.366 [main] DEBUG org.apache.poi.openxml4j.opc.PackageRelationshipCollection - Parsing relationship: /_rels/.rels
15:54:28.368 [main] DEBUG org.apache.poi.ooxml.POIXMLFactory - using default POIXMLDocumentPart for http://schemas.microsoft.com/office/2017/10/relationships/person
15:54:28.373 [main] DEBUG org.apache.poi.openxml4j.opc.PackageRelationshipCollection - Parsing relationship: /xl/_rels/workbook.xml.rels
15:54:28.374 [main] DEBUG org.apache.poi.openxml4j.opc.PackageRelationshipCollection - Parsing relationship: /xl/worksheets/_rels/sheet1.xml.rels
15:54:28.374 [main] DEBUG org.apache.poi.openxml4j.opc.PackageRelationshipCollection - Parsing relationship: /_rels/.rels
15:54:28.377 [main] DEBUG org.apache.poi.ooxml.POIXMLFactory - using default POIXMLDocumentPart for http://schemas.microsoft.com/office/2017/10/relationships/person
15:54:28.382 [main] DEBUG org.apache.poi.openxml4j.opc.PackageRelationshipCollection - Parsing relationship: /xl/_rels/workbook.xml.rels
15:54:28.382 [main] DEBUG org.apache.poi.openxml4j.opc.PackageRelationshipCollection - Parsing relationship: /xl/worksheets/_rels/sheet1.xml.rels
15:54:28.383 [main] DEBUG org.apache.poi.openxml4j.opc.PackageRelationshipCollection - Parsing relationship: /_rels/.rels
15:54:28.385 [main] DEBUG org.apache.poi.ooxml.POIXMLFactory - using default POIXMLDocumentPart for http://schemas.microsoft.com/office/2017/10/relationships/person
15:54:28.390 [main] DEBUG org.apache.poi.openxml4j.opc.PackageRelationshipCollection - Parsing relationship: /xl/_rels/workbook.xml.rels
15:54:28.390 [main] DEBUG org.apache.poi.openxml4j.opc.PackageRelationshipCollection - Parsing relationship: /xl/worksheets/_rels/sheet1.xml.rels
15:54:28.390 [main] DEBUG org.apache.poi.openxml4j.opc.PackageRelationshipCollection - Parsing relationship: /_rels/.rels
15:54:28.395 [main] DEBUG org.apache.poi.ooxml.POIXMLFactory - using default POIXMLDocumentPart for http://schemas.microsoft.com/office/2017/10/relationships/person
15:54:28.401 [main] DEBUG org.apache.poi.openxml4j.opc.PackageRelationshipCollection - Parsing relationship: /xl/_rels/workbook.xml.rels
15:54:28.401 [main] DEBUG org.apache.poi.openxml4j.opc.PackageRelationshipCollection - Parsing relationship: /xl/worksheets/_rels/sheet1.xml.rels
15:54:28.401 [main] DEBUG org.apache.poi.openxml4j.opc.PackageRelationshipCollection - Parsing relationship: /_rels/.rels
15:54:28.410 [main] DEBUG org.apache.poi.ooxml.POIXMLFactory - using default POIXMLDocumentPart for http://schemas.microsoft.com/office/2017/10/relationships/person
15:54:28.416 [main] DEBUG org.apache.poi.openxml4j.opc.PackageRelationshipCollection - Parsing relationship: /xl/_rels/workbook.xml.rels
15:54:28.416 [main] DEBUG org.apache.poi.openxml4j.opc.PackageRelationshipCollection - Parsing relationship: /xl/worksheets/_rels/sheet1.xml.rels
15:54:28.416 [main] DEBUG org.apache.poi.openxml4j.opc.PackageRelationshipCollection - Parsing relationship: /_rels/.rels
15:54:28.418 [main] DEBUG org.apache.poi.ooxml.POIXMLFactory - using default POIXMLDocumentPart for http://schemas.microsoft.com/office/2017/10/relationships/person
15:54:28.425 [main] DEBUG org.apache.poi.openxml4j.opc.PackageRelationshipCollection - Parsing relationship: /xl/_rels/workbook.xml.rels
15:54:28.426 [main] DEBUG org.apache.poi.openxml4j.opc.PackageRelationshipCollection - Parsing relationship: /xl/worksheets/_rels/sheet1.xml.rels
15:54:28.426 [main] DEBUG org.apache.poi.openxml4j.opc.PackageRelationshipCollection - Parsing relationship: /_rels/.rels
15:54:28.429 [main] DEBUG org.apache.poi.ooxml.POIXMLFactory - using default POIXMLDocumentPart for http://schemas.microsoft.com/office/2017/10/relationships/person
15:54:28.434 [main] DEBUG org.apache.poi.openxml4j.opc.PackageRelationshipCollection - Parsing relationship: /xl/_rels/workbook.xml.rels
15:54:28.435 [main] DEBUG org.apache.poi.openxml4j.opc.PackageRelationshipCollection - Parsing relationship: /xl/worksheets/_rels/sheet1.xml.rels
15:54:28.435 [main] DEBUG org.apache.poi.openxml4j.opc.PackageRelationshipCollection - Parsing relationship: /_rels/.rels
15:54:28.437 [main] DEBUG org.apache.poi.ooxml.POIXMLFactory - using default POIXMLDocumentPart for http://schemas.microsoft.com/office/2017/10/relationships/person
15:54:28.443 [main] DEBUG org.apache.poi.openxml4j.opc.PackageRelationshipCollection - Parsing relationship: /xl/_rels/workbook.xml.rels
15:54:28.443 [main] DEBUG org.apache.poi.openxml4j.opc.PackageRelationshipCollection - Parsing relationship: /xl/worksheets/_rels/sheet1.xml.rels
15:54:28.444 [main] DEBUG org.apache.poi.openxml4j.opc.PackageRelationshipCollection - Parsing relationship: /_rels/.rels
15:54:28.446 [main] DEBUG org.apache.poi.ooxml.POIXMLFactory - using default POIXMLDocumentPart for http://schemas.microsoft.com/office/2017/10/relationships/person
15:54:28.451 [main] DEBUG org.apache.poi.openxml4j.opc.PackageRelationshipCollection - Parsing relationship: /xl/_rels/workbook.xml.rels
15:54:28.451 [main] DEBUG org.apache.poi.openxml4j.opc.PackageRelationshipCollection - Parsing relationship: /xl/worksheets/_rels/sheet1.xml.rels
15:54:28.452 [main] DEBUG org.apache.poi.openxml4j.opc.PackageRelationshipCollection - Parsing relationship: /_rels/.rels
15:54:28.454 [main] DEBUG org.apache.poi.ooxml.POIXMLFactory - using default POIXMLDocumentPart for http://schemas.microsoft.com/office/2017/10/relationships/person
15:54:28.460 [main] DEBUG org.apache.poi.openxml4j.opc.PackageRelationshipCollection - Parsing relationship: /xl/_rels/workbook.xml.rels
15:54:28.461 [main] DEBUG org.apache.poi.openxml4j.opc.PackageRelationshipCollection - Parsing relationship: /xl/worksheets/_rels/sheet1.xml.rels
15:54:28.461 [main] DEBUG org.apache.poi.openxml4j.opc.PackageRelationshipCollection - Parsing relationship: /_rels/.rels
15:54:28.463 [main] DEBUG org.apache.poi.ooxml.POIXMLFactory - using default POIXMLDocumentPart for http://schemas.microsoft.com/office/2017/10/relationships/person
15:54:28.467 [main] DEBUG org.apache.poi.openxml4j.opc.PackageRelationshipCollection - Parsing relationship: /xl/_rels/workbook.xml.rels
15:54:28.468 [main] DEBUG org.apache.poi.openxml4j.opc.PackageRelationshipCollection - Parsing relationship: /xl/worksheets/_rels/sheet1.xml.rels
15:54:28.468 [main] DEBUG org.apache.poi.openxml4j.opc.PackageRelationshipCollection - Parsing relationship: /_rels/.rels
15:54:28.470 [main] DEBUG org.apache.poi.ooxml.POIXMLFactory - using default POIXMLDocumentPart for http://schemas.microsoft.com/office/2017/10/relationships/person
15:54:28.475 [main] DEBUG org.apache.poi.openxml4j.opc.PackageRelationshipCollection - Parsing relationship: /xl/_rels/workbook.xml.rels
15:54:28.475 [main] DEBUG org.apache.poi.openxml4j.opc.PackageRelationshipCollection - Parsing relationship: /xl/worksheets/_rels/sheet1.xml.rels
15:54:28.476 [main] DEBUG org.apache.poi.openxml4j.opc.PackageRelationshipCollection - Parsing relationship: /_rels/.rels
15:54:28.478 [main] DEBUG org.apache.poi.ooxml.POIXMLFactory - using default POIXMLDocumentPart for http://schemas.microsoft.com/office/2017/10/relationships/person
15:54:28.483 [main] DEBUG org.apache.poi.openxml4j.opc.PackageRelationshipCollection - Parsing relationship: /xl/_rels/workbook.xml.rels
15:54:28.483 [main] DEBUG org.apache.poi.openxml4j.opc.PackageRelationshipCollection - Parsing relationship: /xl/worksheets/_rels/sheet1.xml.rels
15:54:28.484 [main] DEBUG org.apache.poi.openxml4j.opc.PackageRelationshipCollection - Parsing relationship: /_rels/.rels
15:54:28.486 [main] DEBUG org.apache.poi.ooxml.POIXMLFactory - using default POIXMLDocumentPart for http://schemas.microsoft.com/office/2017/10/relationships/person
15:54:28.492 [main] DEBUG org.apache.poi.openxml4j.opc.PackageRelationshipCollection - Parsing relationship: /xl/_rels/workbook.xml.rels
15:54:28.493 [main] DEBUG org.apache.poi.openxml4j.opc.PackageRelationshipCollection - Parsing relationship: /xl/worksheets/_rels/sheet1.xml.rels
15:54:28.493 [main] DEBUG org.apache.poi.openxml4j.opc.PackageRelationshipCollection - Parsing relationship: /_rels/.rels
15:54:28.496 [main] DEBUG org.apache.poi.ooxml.POIXMLFactory - using default POIXMLDocumentPart for http://schemas.microsoft.com/office/2017/10/relationships/person
15:54:28.502 [main] DEBUG org.apache.poi.openxml4j.opc.PackageRelationshipCollection - Parsing relationship: /xl/_rels/workbook.xml.rels
15:54:28.503 [main] DEBUG org.apache.poi.openxml4j.opc.PackageRelationshipCollection - Parsing relationship: /xl/worksheets/_rels/sheet1.xml.rels
15:54:28.503 [main] DEBUG org.apache.poi.openxml4j.opc.PackageRelationshipCollection - Parsing relationship: /_rels/.rels
15:54:28.507 [main] DEBUG org.apache.poi.ooxml.POIXMLFactory - using default POIXMLDocumentPart for http://schemas.microsoft.com/office/2017/10/relationships/person
15:54:28.516 [main] DEBUG org.apache.poi.openxml4j.opc.PackageRelationshipCollection - Parsing relationship: /xl/_rels/workbook.xml.rels
15:54:28.517 [main] DEBUG org.apache.poi.openxml4j.opc.PackageRelationshipCollection - Parsing relationship: /xl/worksheets/_rels/sheet1.xml.rels
15:54:28.518 [main] DEBUG org.apache.poi.openxml4j.opc.PackageRelationshipCollection - Parsing relationship: /_rels/.rels
15:54:28.522 [main] DEBUG org.apache.poi.ooxml.POIXMLFactory - using default POIXMLDocumentPart for http://schemas.microsoft.com/office/2017/10/relationships/person
15:54:28.528 [main] DEBUG org.apache.poi.openxml4j.opc.PackageRelationshipCollection - Parsing relationship: /xl/_rels/workbook.xml.rels
15:54:28.528 [main] DEBUG org.apache.poi.openxml4j.opc.PackageRelationshipCollection - Parsing relationship: /xl/worksheets/_rels/sheet1.xml.rels
15:54:28.529 [main] DEBUG org.apache.poi.openxml4j.opc.PackageRelationshipCollection - Parsing relationship: /_rels/.rels
15:54:28.531 [main] DEBUG org.apache.poi.ooxml.POIXMLFactory - using default POIXMLDocumentPart for http://schemas.microsoft.com/office/2017/10/relationships/person
15:54:28.536 [main] DEBUG org.apache.poi.openxml4j.opc.PackageRelationshipCollection - Parsing relationship: /xl/_rels/workbook.xml.rels
15:54:28.537 [main] DEBUG org.apache.poi.openxml4j.opc.PackageRelationshipCollection - Parsing relationship: /xl/worksheets/_rels/sheet1.xml.rels
15:54:28.537 [main] DEBUG org.apache.poi.openxml4j.opc.PackageRelationshipCollection - Parsing relationship: /_rels/.rels
15:54:28.539 [main] DEBUG org.apache.poi.ooxml.POIXMLFactory - using default POIXMLDocumentPart for http://schemas.microsoft.com/office/2017/10/relationships/person
15:54:28.545 [main] DEBUG org.apache.poi.openxml4j.opc.PackageRelationshipCollection - Parsing relationship: /xl/_rels/workbook.xml.rels
15:54:28.546 [main] DEBUG org.apache.poi.openxml4j.opc.PackageRelationshipCollection - Parsing relationship: /xl/worksheets/_rels/sheet1.xml.rels
15:54:28.546 [main] DEBUG org.apache.poi.openxml4j.opc.PackageRelationshipCollection - Parsing relationship: /_rels/.rels
15:54:28.548 [main] DEBUG org.apache.poi.ooxml.POIXMLFactory - using default POIXMLDocumentPart for http://schemas.microsoft.com/office/2017/10/relationships/person
15:54:28.555 [main] DEBUG org.apache.poi.openxml4j.opc.PackageRelationshipCollection - Parsing relationship: /xl/_rels/workbook.xml.rels
15:54:28.555 [main] DEBUG org.apache.poi.openxml4j.opc.PackageRelationshipCollection - Parsing relationship: /xl/worksheets/_rels/sheet1.xml.rels
15:54:28.555 [main] DEBUG org.apache.poi.openxml4j.opc.PackageRelationshipCollection - Parsing relationship: /_rels/.rels
15:54:28.558 [main] DEBUG org.apache.poi.ooxml.POIXMLFactory - using default POIXMLDocumentPart for http://schemas.microsoft.com/office/2017/10/relationships/person
15:54:28.563 [main] DEBUG org.apache.poi.openxml4j.opc.PackageRelationshipCollection - Parsing relationship: /xl/_rels/workbook.xml.rels
15:54:28.564 [main] DEBUG org.apache.poi.openxml4j.opc.PackageRelationshipCollection - Parsing relationship: /xl/worksheets/_rels/sheet1.xml.rels
15:54:28.564 [main] DEBUG org.apache.poi.openxml4j.opc.PackageRelationshipCollection - Parsing relationship: /_rels/.rels
15:54:28.566 [main] DEBUG org.apache.poi.ooxml.POIXMLFactory - using default POIXMLDocumentPart for http://schemas.microsoft.com/office/2017/10/relationships/person
15:54:28.571 [main] DEBUG org.apache.poi.openxml4j.opc.PackageRelationshipCollection - Parsing relationship: /xl/_rels/workbook.xml.rels
15:54:28.571 [main] DEBUG org.apache.poi.openxml4j.opc.PackageRelationshipCollection - Parsing relationship: /xl/worksheets/_rels/sheet1.xml.rels
15:54:28.572 [main] DEBUG org.apache.poi.openxml4j.opc.PackageRelationshipCollection - Parsing relationship: /_rels/.rels
15:54:28.574 [main] DEBUG org.apache.poi.ooxml.POIXMLFactory - using default POIXMLDocumentPart for http://schemas.microsoft.com/office/2017/10/relationships/person
15:54:28.580 [main] DEBUG org.apache.poi.openxml4j.opc.PackageRelationshipCollection - Parsing relationship: /xl/_rels/workbook.xml.rels
15:54:28.580 [main] DEBUG org.apache.poi.openxml4j.opc.PackageRelationshipCollection - Parsing relationship: /xl/worksheets/_rels/sheet1.xml.rels
15:54:28.580 [main] DEBUG org.apache.poi.openxml4j.opc.PackageRelationshipCollection - Parsing relationship: /_rels/.rels
15:54:28.583 [main] DEBUG org.apache.poi.ooxml.POIXMLFactory - using default POIXMLDocumentPart for http://schemas.microsoft.com/office/2017/10/relationships/person
15:54:28.587 [main] DEBUG org.apache.poi.openxml4j.opc.PackageRelationshipCollection - Parsing relationship: /xl/_rels/workbook.xml.rels
15:54:28.588 [main] DEBUG org.apache.poi.openxml4j.opc.PackageRelationshipCollection - Parsing relationship: /xl/worksheets/_rels/sheet1.xml.rels
15:54:28.588 [main] DEBUG org.apache.poi.openxml4j.opc.PackageRelationshipCollection - Parsing relationship: /_rels/.rels
15:54:28.592 [main] DEBUG org.apache.poi.ooxml.POIXMLFactory - using default POIXMLDocumentPart for http://schemas.microsoft.com/office/2017/10/relationships/person
15:54:28.597 [main] DEBUG org.apache.poi.openxml4j.opc.PackageRelationshipCollection - Parsing relationship: /xl/_rels/workbook.xml.rels
15:54:28.597 [main] DEBUG org.apache.poi.openxml4j.opc.PackageRelationshipCollection - Parsing relationship: /xl/worksheets/_rels/sheet1.xml.rels
15:54:28.597 [main] DEBUG org.apache.poi.openxml4j.opc.PackageRelationshipCollection - Parsing relationship: /_rels/.rels
15:54:28.600 [main] DEBUG org.apache.poi.ooxml.POIXMLFactory - using default POIXMLDocumentPart for http://schemas.microsoft.com/office/2017/10/relationships/person
15:54:28.604 [main] DEBUG org.apache.poi.openxml4j.opc.PackageRelationshipCollection - Parsing relationship: /xl/_rels/workbook.xml.rels
15:54:28.605 [main] DEBUG org.apache.poi.openxml4j.opc.PackageRelationshipCollection - Parsing relationship: /xl/worksheets/_rels/sheet1.xml.rels
15:54:28.605 [main] DEBUG org.apache.poi.openxml4j.opc.PackageRelationshipCollection - Parsing relationship: /_rels/.rels
15:54:28.607 [main] DEBUG org.apache.poi.ooxml.POIXMLFactory - using default POIXMLDocumentPart for http://schemas.microsoft.com/office/2017/10/relationships/person
15:54:28.613 [main] DEBUG org.apache.poi.openxml4j.opc.PackageRelationshipCollection - Parsing relationship: /xl/_rels/workbook.xml.rels
15:54:28.613 [main] DEBUG org.apache.poi.openxml4j.opc.PackageRelationshipCollection - Parsing relationship: /xl/worksheets/_rels/sheet1.xml.rels
15:54:28.614 [main] DEBUG org.apache.poi.openxml4j.opc.PackageRelationshipCollection - Parsing relationship: /_rels/.rels
15:54:28.616 [main] DEBUG org.apache.poi.ooxml.POIXMLFactory - using default POIXMLDocumentPart for http://schemas.microsoft.com/office/2017/10/relationships/person
15:54:28.621 [main] DEBUG org.apache.poi.openxml4j.opc.PackageRelationshipCollection - Parsing relationship: /xl/_rels/workbook.xml.rels
15:54:28.622 [main] DEBUG org.apache.poi.openxml4j.opc.PackageRelationshipCollection - Parsing relationship: /xl/worksheets/_rels/sheet1.xml.rels
15:54:28.623 [main] DEBUG org.apache.poi.openxml4j.opc.PackageRelationshipCollection - Parsing relationship: /_rels/.rels
15:54:28.630 [main] DEBUG org.apache.poi.ooxml.POIXMLFactory - using default POIXMLDocumentPart for http://schemas.microsoft.com/office/2017/10/relationships/person
15:54:28.639 [main] DEBUG org.apache.poi.openxml4j.opc.PackageRelationshipCollection - Parsing relationship: /xl/_rels/workbook.xml.rels
15:54:28.640 [main] DEBUG org.apache.poi.openxml4j.opc.PackageRelationshipCollection - Parsing relationship: /xl/worksheets/_rels/sheet1.xml.rels
15:54:28.640 [main] DEBUG org.apache.poi.openxml4j.opc.PackageRelationshipCollection - Parsing relationship: /_rels/.rels
15:54:28.644 [main] DEBUG org.apache.poi.ooxml.POIXMLFactory - using default POIXMLDocumentPart for http://schemas.microsoft.com/office/2017/10/relationships/person
15:54:28.649 [main] DEBUG org.apache.poi.openxml4j.opc.PackageRelationshipCollection - Parsing relationship: /xl/_rels/workbook.xml.rels
15:54:28.649 [main] DEBUG org.apache.poi.openxml4j.opc.PackageRelationshipCollection - Parsing relationship: /xl/worksheets/_rels/sheet1.xml.rels
15:54:28.649 [main] DEBUG org.apache.poi.openxml4j.opc.PackageRelationshipCollection - Parsing relationship: /_rels/.rels
15:54:28.652 [main] DEBUG org.apache.poi.ooxml.POIXMLFactory - using default POIXMLDocumentPart for http://schemas.microsoft.com/office/2017/10/relationships/person
15:54:28.656 [main] DEBUG org.apache.poi.openxml4j.opc.PackageRelationshipCollection - Parsing relationship: /xl/_rels/workbook.xml.rels
15:54:28.657 [main] DEBUG org.apache.poi.openxml4j.opc.PackageRelationshipCollection - Parsing relationship: /xl/worksheets/_rels/sheet1.xml.rels
15:54:28.657 [main] DEBUG org.apache.poi.openxml4j.opc.PackageRelationshipCollection - Parsing relationship: /_rels/.rels
15:54:28.660 [main] DEBUG org.apache.poi.ooxml.POIXMLFactory - using default POIXMLDocumentPart for http://schemas.microsoft.com/office/2017/10/relationships/person
15:54:28.665 [main] DEBUG org.apache.poi.openxml4j.opc.PackageRelationshipCollection - Parsing relationship: /xl/_rels/workbook.xml.rels
15:54:28.665 [main] DEBUG org.apache.poi.openxml4j.opc.PackageRelationshipCollection - Parsing relationship: /xl/worksheets/_rels/sheet1.xml.rels
15:54:28.665 [main] DEBUG org.apache.poi.openxml4j.opc.PackageRelationshipCollection - Parsing relationship: /_rels/.rels
15:54:28.668 [main] DEBUG org.apache.poi.ooxml.POIXMLFactory - using default POIXMLDocumentPart for http://schemas.microsoft.com/office/2017/10/relationships/person
15:54:28.672 [main] DEBUG org.apache.poi.openxml4j.opc.PackageRelationshipCollection - Parsing relationship: /xl/_rels/workbook.xml.rels
15:54:28.673 [main] DEBUG org.apache.poi.openxml4j.opc.PackageRelationshipCollection - Parsing relationship: /xl/worksheets/_rels/sheet1.xml.rels
15:54:28.673 [main] DEBUG org.apache.poi.openxml4j.opc.PackageRelationshipCollection - Parsing relationship: /_rels/.rels
15:54:28.677 [main] DEBUG org.apache.poi.ooxml.POIXMLFactory - using default POIXMLDocumentPart for http://schemas.microsoft.com/office/2017/10/relationships/person
15:54:28.682 [main] DEBUG org.apache.poi.openxml4j.opc.PackageRelationshipCollection - Parsing relationship: /xl/_rels/workbook.xml.rels
15:54:28.682 [main] DEBUG org.apache.poi.openxml4j.opc.PackageRelationshipCollection - Parsing relationship: /xl/worksheets/_rels/sheet1.xml.rels
15:54:28.682 [main] DEBUG org.apache.poi.openxml4j.opc.PackageRelationshipCollection - Parsing relationship: /_rels/.rels
15:54:28.684 [main] DEBUG org.apache.poi.ooxml.POIXMLFactory - using default POIXMLDocumentPart for http://schemas.microsoft.com/office/2017/10/relationships/person
15:54:28.689 [main] DEBUG org.apache.poi.openxml4j.opc.PackageRelationshipCollection - Parsing relationship: /xl/_rels/workbook.xml.rels
15:54:28.690 [main] DEBUG org.apache.poi.openxml4j.opc.PackageRelationshipCollection - Parsing relationship: /xl/worksheets/_rels/sheet1.xml.rels
15:54:28.691 [main] DEBUG org.apache.poi.openxml4j.opc.PackageRelationshipCollection - Parsing relationship: /_rels/.rels
15:54:28.694 [main] DEBUG org.apache.poi.ooxml.POIXMLFactory - using default POIXMLDocumentPart for http://schemas.microsoft.com/office/2017/10/relationships/person
15:54:28.699 [main] DEBUG org.apache.poi.openxml4j.opc.PackageRelationshipCollection - Parsing relationship: /xl/_rels/workbook.xml.rels
15:54:28.699 [main] DEBUG org.apache.poi.openxml4j.opc.PackageRelationshipCollection - Parsing relationship: /xl/worksheets/_rels/sheet1.xml.rels
15:54:28.699 [main] DEBUG org.apache.poi.openxml4j.opc.PackageRelationshipCollection - Parsing relationship: /_rels/.rels
15:54:28.702 [main] DEBUG org.apache.poi.ooxml.POIXMLFactory - using default POIXMLDocumentPart for http://schemas.microsoft.com/office/2017/10/relationships/person
15:54:28.707 [main] DEBUG org.apache.poi.openxml4j.opc.PackageRelationshipCollection - Parsing relationship: /xl/_rels/workbook.xml.rels
15:54:28.707 [main] DEBUG org.apache.poi.openxml4j.opc.PackageRelationshipCollection - Parsing relationship: /xl/worksheets/_rels/sheet1.xml.rels
15:54:28.708 [main] DEBUG org.apache.poi.openxml4j.opc.PackageRelationshipCollection - Parsing relationship: /_rels/.rels
15:54:28.710 [main] DEBUG org.apache.poi.ooxml.POIXMLFactory - using default POIXMLDocumentPart for http://schemas.microsoft.com/office/2017/10/relationships/person
15:54:28.716 [main] DEBUG org.apache.poi.openxml4j.opc.PackageRelationshipCollection - Parsing relationship: /xl/_rels/workbook.xml.rels
15:54:28.716 [main] DEBUG org.apache.poi.openxml4j.opc.PackageRelationshipCollection - Parsing relationship: /xl/worksheets/_rels/sheet1.xml.rels
15:54:28.716 [main] DEBUG org.apache.poi.openxml4j.opc.PackageRelationshipCollection - Parsing relationship: /_rels/.rels
15:54:28.718 [main] DEBUG org.apache.poi.ooxml.POIXMLFactory - using default POIXMLDocumentPart for http://schemas.microsoft.com/office/2017/10/relationships/person
15:54:28.723 [main] DEBUG org.apache.poi.openxml4j.opc.PackageRelationshipCollection - Parsing relationship: /xl/_rels/workbook.xml.rels
15:54:28.724 [main] DEBUG org.apache.poi.openxml4j.opc.PackageRelationshipCollection - Parsing relationship: /xl/worksheets/_rels/sheet1.xml.rels
15:54:28.724 [main] DEBUG org.apache.poi.openxml4j.opc.PackageRelationshipCollection - Parsing relationship: /_rels/.rels
15:54:28.727 [main] DEBUG org.apache.poi.ooxml.POIXMLFactory - using default POIXMLDocumentPart for http://schemas.microsoft.com/office/2017/10/relationships/person
15:54:28.731 [main] DEBUG org.apache.poi.openxml4j.opc.PackageRelationshipCollection - Parsing relationship: /xl/_rels/workbook.xml.rels
15:54:28.732 [main] DEBUG org.apache.poi.openxml4j.opc.PackageRelationshipCollection - Parsing relationship: /xl/worksheets/_rels/sheet1.xml.rels
15:54:28.732 [main] DEBUG org.apache.poi.openxml4j.opc.PackageRelationshipCollection - Parsing relationship: /_rels/.rels
15:54:28.734 [main] DEBUG org.apache.poi.ooxml.POIXMLFactory - using default POIXMLDocumentPart for http://schemas.microsoft.com/office/2017/10/relationships/person
15:54:28.739 [main] DEBUG org.apache.poi.openxml4j.opc.PackageRelationshipCollection - Parsing relationship: /xl/_rels/workbook.xml.rels
15:54:28.739 [main] DEBUG org.apache.poi.openxml4j.opc.PackageRelationshipCollection - Parsing relationship: /xl/worksheets/_rels/sheet1.xml.rels
15:54:28.739 [main] DEBUG org.apache.poi.openxml4j.opc.PackageRelationshipCollection - Parsing relationship: /_rels/.rels
15:54:28.745 [main] DEBUG org.apache.poi.ooxml.POIXMLFactory - using default POIXMLDocumentPart for http://schemas.microsoft.com/office/2017/10/relationships/person
15:54:28.749 [main] DEBUG org.apache.poi.openxml4j.opc.PackageRelationshipCollection - Parsing relationship: /xl/_rels/workbook.xml.rels
15:54:28.749 [main] DEBUG org.apache.poi.openxml4j.opc.PackageRelationshipCollection - Parsing relationship: /xl/worksheets/_rels/sheet1.xml.rels
15:54:28.750 [main] DEBUG org.apache.poi.openxml4j.opc.PackageRelationshipCollection - Parsing relationship: /_rels/.rels
15:54:28.751 [main] DEBUG org.apache.poi.ooxml.POIXMLFactory - using default POIXMLDocumentPart for http://schemas.microsoft.com/office/2017/10/relationships/person
15:54:28.756 [main] DEBUG org.apache.poi.openxml4j.opc.PackageRelationshipCollection - Parsing relationship: /xl/_rels/workbook.xml.rels
15:54:28.756 [main] DEBUG org.apache.poi.openxml4j.opc.PackageRelationshipCollection - Parsing relationship: /xl/worksheets/_rels/sheet1.xml.rels
15:54:28.756 [main] DEBUG org.apache.poi.openxml4j.opc.PackageRelationshipCollection - Parsing relationship: /_rels/.rels
15:54:28.759 [main] DEBUG org.apache.poi.ooxml.POIXMLFactory - using default POIXMLDocumentPart for http://schemas.microsoft.com/office/2017/10/relationships/person
15:54:28.764 [main] DEBUG org.apache.poi.openxml4j.opc.PackageRelationshipCollection - Parsing relationship: /xl/_rels/workbook.xml.rels
15:54:28.764 [main] DEBUG org.apache.poi.openxml4j.opc.PackageRelationshipCollection - Parsing relationship: /xl/worksheets/_rels/sheet1.xml.rels
15:54:28.764 [main] DEBUG org.apache.poi.openxml4j.opc.PackageRelationshipCollection - Parsing relationship: /_rels/.rels
15:54:28.766 [main] DEBUG org.apache.poi.ooxml.POIXMLFactory - using default POIXMLDocumentPart for http://schemas.microsoft.com/office/2017/10/relationships/person
15:54:28.771 [main] DEBUG org.apache.poi.openxml4j.opc.PackageRelationshipCollection - Parsing relationship: /xl/_rels/workbook.xml.rels
15:54:28.771 [main] DEBUG org.apache.poi.openxml4j.opc.PackageRelationshipCollection - Parsing relationship: /xl/worksheets/_rels/sheet1.xml.rels
15:54:28.771 [main] DEBUG org.apache.poi.openxml4j.opc.PackageRelationshipCollection - Parsing relationship: /_rels/.rels
15:54:28.774 [main] DEBUG org.apache.poi.ooxml.POIXMLFactory - using default POIXMLDocumentPart for http://schemas.microsoft.com/office/2017/10/relationships/person
15:54:28.779 [main] DEBUG org.apache.poi.openxml4j.opc.PackageRelationshipCollection - Parsing relationship: /xl/_rels/workbook.xml.rels
15:54:28.779 [main] DEBUG org.apache.poi.openxml4j.opc.PackageRelationshipCollection - Parsing relationship: /xl/worksheets/_rels/sheet1.xml.rels
15:54:28.779 [main] DEBUG org.apache.poi.openxml4j.opc.PackageRelationshipCollection - Parsing relationship: /_rels/.rels
15:54:28.782 [main] DEBUG org.apache.poi.ooxml.POIXMLFactory - using default POIXMLDocumentPart for http://schemas.microsoft.com/office/2017/10/relationships/person
15:54:28.787 [main] DEBUG org.apache.poi.openxml4j.opc.PackageRelationshipCollection - Parsing relationship: /xl/_rels/workbook.xml.rels
15:54:28.787 [main] DEBUG org.apache.poi.openxml4j.opc.PackageRelationshipCollection - Parsing relationship: /xl/worksheets/_rels/sheet1.xml.rels
15:54:28.787 [main] DEBUG org.apache.poi.openxml4j.opc.PackageRelationshipCollection - Parsing relationship: /_rels/.rels
15:54:28.790 [main] DEBUG org.apache.poi.ooxml.POIXMLFactory - using default POIXMLDocumentPart for http://schemas.microsoft.com/office/2017/10/relationships/person
15:54:28.798 [main] DEBUG org.apache.poi.openxml4j.opc.PackageRelationshipCollection - Parsing relationship: /xl/_rels/workbook.xml.rels
15:54:28.799 [main] DEBUG org.apache.poi.openxml4j.opc.PackageRelationshipCollection - Parsing relationship: /xl/worksheets/_rels/sheet1.xml.rels
15:54:28.799 [main] DEBUG org.apache.poi.openxml4j.opc.PackageRelationshipCollection - Parsing relationship: /_rels/.rels
15:54:28.802 [main] DEBUG org.apache.poi.ooxml.POIXMLFactory - using default POIXMLDocumentPart for http://schemas.microsoft.com/office/2017/10/relationships/person
15:54:28.810 [main] DEBUG org.apache.poi.openxml4j.opc.PackageRelationshipCollection - Parsing relationship: /xl/_rels/workbook.xml.rels
15:54:28.810 [main] DEBUG org.apache.poi.openxml4j.opc.PackageRelationshipCollection - Parsing relationship: /xl/worksheets/_rels/sheet1.xml.rels
15:54:28.810 [main] DEBUG org.apache.poi.openxml4j.opc.PackageRelationshipCollection - Parsing relationship: /_rels/.rels
15:54:28.812 [main] DEBUG org.apache.poi.ooxml.POIXMLFactory - using default POIXMLDocumentPart for http://schemas.microsoft.com/office/2017/10/relationships/person
15:54:28.817 [main] DEBUG org.apache.poi.openxml4j.opc.PackageRelationshipCollection - Parsing relationship: /xl/_rels/workbook.xml.rels
15:54:28.817 [main] DEBUG org.apache.poi.openxml4j.opc.PackageRelationshipCollection - Parsing relationship: /xl/worksheets/_rels/sheet1.xml.rels
15:54:28.817 [main] DEBUG org.apache.poi.openxml4j.opc.PackageRelationshipCollection - Parsing relationship: /_rels/.rels
15:54:28.821 [main] DEBUG org.apache.poi.ooxml.POIXMLFactory - using default POIXMLDocumentPart for http://schemas.microsoft.com/office/2017/10/relationships/person
15:54:28.827 [main] DEBUG org.apache.poi.openxml4j.opc.PackageRelationshipCollection - Parsing relationship: /xl/_rels/workbook.xml.rels
15:54:28.827 [main] DEBUG org.apache.poi.openxml4j.opc.PackageRelationshipCollection - Parsing relationship: /xl/worksheets/_rels/sheet1.xml.rels
15:54:28.827 [main] DEBUG org.apache.poi.openxml4j.opc.PackageRelationshipCollection - Parsing relationship: /_rels/.rels
15:54:28.829 [main] DEBUG org.apache.poi.ooxml.POIXMLFactory - using default POIXMLDocumentPart for http://schemas.microsoft.com/office/2017/10/relationships/person
15:54:28.834 [main] DEBUG org.apache.poi.openxml4j.opc.PackageRelationshipCollection - Parsing relationship: /xl/_rels/workbook.xml.rels
15:54:28.834 [main] DEBUG org.apache.poi.openxml4j.opc.PackageRelationshipCollection - Parsing relationship: /xl/worksheets/_rels/sheet1.xml.rels
15:54:28.834 [main] DEBUG org.apache.poi.openxml4j.opc.PackageRelationshipCollection - Parsing relationship: /_rels/.rels
15:54:28.836 [main] DEBUG org.apache.poi.ooxml.POIXMLFactory - using default POIXMLDocumentPart for http://schemas.microsoft.com/office/2017/10/relationships/person
15:54:28.842 [main] DEBUG org.apache.poi.openxml4j.opc.PackageRelationshipCollection - Parsing relationship: /xl/_rels/workbook.xml.rels
15:54:28.842 [main] DEBUG org.apache.poi.openxml4j.opc.PackageRelationshipCollection - Parsing relationship: /xl/worksheets/_rels/sheet1.xml.rels
15:54:28.842 [main] DEBUG org.apache.poi.openxml4j.opc.PackageRelationshipCollection - Parsing relationship: /_rels/.rels
15:54:28.844 [main] DEBUG org.apache.poi.ooxml.POIXMLFactory - using default POIXMLDocumentPart for http://schemas.microsoft.com/office/2017/10/relationships/person
15:54:28.848 [main] DEBUG org.apache.poi.openxml4j.opc.PackageRelationshipCollection - Parsing relationship: /xl/_rels/workbook.xml.rels
15:54:28.849 [main] DEBUG org.apache.poi.openxml4j.opc.PackageRelationshipCollection - Parsing relationship: /xl/worksheets/_rels/sheet1.xml.rels
15:54:28.849 [main] DEBUG org.apache.poi.openxml4j.opc.PackageRelationshipCollection - Parsing relationship: /_rels/.rels
15:54:28.851 [main] DEBUG org.apache.poi.ooxml.POIXMLFactory - using default POIXMLDocumentPart for http://schemas.microsoft.com/office/2017/10/relationships/person
15:54:28.855 [main] DEBUG org.apache.poi.openxml4j.opc.PackageRelationshipCollection - Parsing relationship: /xl/_rels/workbook.xml.rels
15:54:28.855 [main] DEBUG org.apache.poi.openxml4j.opc.PackageRelationshipCollection - Parsing relationship: /xl/worksheets/_rels/sheet1.xml.rels
15:54:28.855 [main] DEBUG org.apache.poi.openxml4j.opc.PackageRelationshipCollection - Parsing relationship: /_rels/.rels
15:54:28.858 [main] DEBUG org.apache.poi.ooxml.POIXMLFactory - using default POIXMLDocumentPart for http://schemas.microsoft.com/office/2017/10/relationships/person
15:54:28.862 [main] DEBUG org.apache.poi.openxml4j.opc.PackageRelationshipCollection - Parsing relationship: /xl/_rels/workbook.xml.rels
15:54:28.863 [main] DEBUG org.apache.poi.openxml4j.opc.PackageRelationshipCollection - Parsing relationship: /xl/worksheets/_rels/sheet1.xml.rels
15:54:28.863 [main] DEBUG org.apache.poi.openxml4j.opc.PackageRelationshipCollection - Parsing relationship: /_rels/.rels
15:54:28.865 [main] DEBUG org.apache.poi.ooxml.POIXMLFactory - using default POIXMLDocumentPart for http://schemas.microsoft.com/office/2017/10/relationships/person
15:54:28.869 [main] DEBUG org.apache.poi.openxml4j.opc.PackageRelationshipCollection - Parsing relationship: /xl/_rels/workbook.xml.rels
15:54:28.870 [main] DEBUG org.apache.poi.openxml4j.opc.PackageRelationshipCollection - Parsing relationship: /xl/worksheets/_rels/sheet1.xml.rels
15:54:28.870 [main] DEBUG org.apache.poi.openxml4j.opc.PackageRelationshipCollection - Parsing relationship: /_rels/.rels
15:54:28.872 [main] DEBUG org.apache.poi.ooxml.POIXMLFactory - using default POIXMLDocumentPart for http://schemas.microsoft.com/office/2017/10/relationships/person
15:54:28.879 [main] DEBUG org.apache.poi.openxml4j.opc.PackageRelationshipCollection - Parsing relationship: /xl/_rels/workbook.xml.rels
15:54:28.879 [main] DEBUG org.apache.poi.openxml4j.opc.PackageRelationshipCollection - Parsing relationship: /xl/worksheets/_rels/sheet1.xml.rels
15:54:28.880 [main] DEBUG org.apache.poi.openxml4j.opc.PackageRelationshipCollection - Parsing relationship: /_rels/.rels
15:54:28.882 [main] DEBUG org.apache.poi.ooxml.POIXMLFactory - using default POIXMLDocumentPart for http://schemas.microsoft.com/office/2017/10/relationships/person
15:54:28.886 [main] DEBUG org.apache.poi.openxml4j.opc.PackageRelationshipCollection - Parsing relationship: /xl/_rels/workbook.xml.rels
15:54:28.886 [main] DEBUG org.apache.poi.openxml4j.opc.PackageRelationshipCollection - Parsing relationship: /xl/worksheets/_rels/sheet1.xml.rels
15:54:28.886 [main] DEBUG org.apache.poi.openxml4j.opc.PackageRelationshipCollection - Parsing relationship: /_rels/.rels
15:54:28.888 [main] DEBUG org.apache.poi.ooxml.POIXMLFactory - using default POIXMLDocumentPart for http://schemas.microsoft.com/office/2017/10/relationships/person
15:54:28.893 [main] DEBUG org.apache.poi.openxml4j.opc.PackageRelationshipCollection - Parsing relationship: /xl/_rels/workbook.xml.rels
15:54:28.894 [main] DEBUG org.apache.poi.openxml4j.opc.PackageRelationshipCollection - Parsing relationship: /xl/worksheets/_rels/sheet1.xml.rels
15:54:28.894 [main] DEBUG org.apache.poi.openxml4j.opc.PackageRelationshipCollection - Parsing relationship: /_rels/.rels
15:54:28.898 [main] DEBUG org.apache.poi.ooxml.POIXMLFactory - using default POIXMLDocumentPart for http://schemas.microsoft.com/office/2017/10/relationships/person
15:54:28.903 [main] DEBUG org.apache.poi.openxml4j.opc.PackageRelationshipCollection - Parsing relationship: /xl/_rels/workbook.xml.rels
15:54:28.904 [main] DEBUG org.apache.poi.openxml4j.opc.PackageRelationshipCollection - Parsing relationship: /xl/worksheets/_rels/sheet1.xml.rels
15:54:28.904 [main] DEBUG org.apache.poi.openxml4j.opc.PackageRelationshipCollection - Parsing relationship: /_rels/.rels
15:54:28.906 [main] DEBUG org.apache.poi.ooxml.POIXMLFactory - using default POIXMLDocumentPart for http://schemas.microsoft.com/office/2017/10/relationships/person
15:54:28.912 [main] DEBUG org.apache.poi.openxml4j.opc.PackageRelationshipCollection - Parsing relationship: /xl/_rels/workbook.xml.rels
15:54:28.913 [main] DEBUG org.apache.poi.openxml4j.opc.PackageRelationshipCollection - Parsing relationship: /xl/worksheets/_rels/sheet1.xml.rels
15:54:28.913 [main] DEBUG org.apache.poi.openxml4j.opc.PackageRelationshipCollection - Parsing relationship: /_rels/.rels
15:54:28.915 [main] DEBUG org.apache.poi.ooxml.POIXMLFactory - using default POIXMLDocumentPart for http://schemas.microsoft.com/office/2017/10/relationships/person
15:54:28.923 [main] DEBUG org.apache.poi.openxml4j.opc.PackageRelationshipCollection - Parsing relationship: /xl/_rels/workbook.xml.rels
15:54:28.923 [main] DEBUG org.apache.poi.openxml4j.opc.PackageRelationshipCollection - Parsing relationship: /xl/worksheets/_rels/sheet1.xml.rels
15:54:28.924 [main] DEBUG org.apache.poi.openxml4j.opc.PackageRelationshipCollection - Parsing relationship: /_rels/.rels
15:54:28.927 [main] DEBUG org.apache.poi.ooxml.POIXMLFactory - using default POIXMLDocumentPart for http://schemas.microsoft.com/office/2017/10/relationships/person
15:54:28.931 [main] DEBUG org.apache.poi.openxml4j.opc.PackageRelationshipCollection - Parsing relationship: /xl/_rels/workbook.xml.rels
15:54:28.931 [main] DEBUG org.apache.poi.openxml4j.opc.PackageRelationshipCollection - Parsing relationship: /xl/worksheets/_rels/sheet1.xml.rels
15:54:28.932 [main] DEBUG org.apache.poi.openxml4j.opc.PackageRelationshipCollection - Parsing relationship: /_rels/.rels
15:54:28.934 [main] DEBUG org.apache.poi.ooxml.POIXMLFactory - using default POIXMLDocumentPart for http://schemas.microsoft.com/office/2017/10/relationships/person
15:54:28.938 [main] DEBUG org.apache.poi.openxml4j.opc.PackageRelationshipCollection - Parsing relationship: /xl/_rels/workbook.xml.rels
15:54:28.938 [main] DEBUG org.apache.poi.openxml4j.opc.PackageRelationshipCollection - Parsing relationship: /xl/worksheets/_rels/sheet1.xml.rels
15:54:28.938 [main] DEBUG org.apache.poi.openxml4j.opc.PackageRelationshipCollection - Parsing relationship: /_rels/.rels
15:54:28.940 [main] DEBUG org.apache.poi.ooxml.POIXMLFactory - using default POIXMLDocumentPart for http://schemas.microsoft.com/office/2017/10/relationships/person
15:54:28.945 [main] DEBUG org.apache.poi.openxml4j.opc.PackageRelationshipCollection - Parsing relationship: /xl/_rels/workbook.xml.rels
15:54:28.946 [main] DEBUG org.apache.poi.openxml4j.opc.PackageRelationshipCollection - Parsing relationship: /xl/worksheets/_rels/sheet1.xml.rels
15:54:28.946 [main] DEBUG org.apache.poi.openxml4j.opc.PackageRelationshipCollection - Parsing relationship: /_rels/.rels
15:54:28.948 [main] DEBUG org.apache.poi.ooxml.POIXMLFactory - using default POIXMLDocumentPart for http://schemas.microsoft.com/office/2017/10/relationships/person
15:54:28.952 [main] DEBUG org.apache.poi.openxml4j.opc.PackageRelationshipCollection - Parsing relationship: /xl/_rels/workbook.xml.rels
15:54:28.952 [main] DEBUG org.apache.poi.openxml4j.opc.PackageRelationshipCollection - Parsing relationship: /xl/worksheets/_rels/sheet1.xml.rels
15:54:28.952 [main] DEBUG org.apache.poi.openxml4j.opc.PackageRelationshipCollection - Parsing relationship: /_rels/.rels
15:54:28.955 [main] DEBUG org.apache.poi.ooxml.POIXMLFactory - using default POIXMLDocumentPart for http://schemas.microsoft.com/office/2017/10/relationships/person
15:54:28.959 [main] DEBUG org.apache.poi.openxml4j.opc.PackageRelationshipCollection - Parsing relationship: /xl/_rels/workbook.xml.rels
15:54:28.960 [main] DEBUG org.apache.poi.openxml4j.opc.PackageRelationshipCollection - Parsing relationship: /xl/worksheets/_rels/sheet1.xml.rels
15:54:28.960 [main] DEBUG org.apache.poi.openxml4j.opc.PackageRelationshipCollection - Parsing relationship: /_rels/.rels
15:54:28.962 [main] DEBUG org.apache.poi.ooxml.POIXMLFactory - using default POIXMLDocumentPart for http://schemas.microsoft.com/office/2017/10/relationships/person
15:54:28.968 [main] DEBUG org.apache.poi.openxml4j.opc.PackageRelationshipCollection - Parsing relationship: /xl/_rels/workbook.xml.rels
15:54:28.969 [main] DEBUG org.apache.poi.openxml4j.opc.PackageRelationshipCollection - Parsing relationship: /xl/worksheets/_rels/sheet1.xml.rels
15:54:28.969 [main] DEBUG org.apache.poi.openxml4j.opc.PackageRelationshipCollection - Parsing relationship: /_rels/.rels
15:54:28.971 [main] DEBUG org.apache.poi.ooxml.POIXMLFactory - using default POIXMLDocumentPart for http://schemas.microsoft.com/office/2017/10/relationships/person
15:54:28.976 [main] DEBUG org.apache.poi.openxml4j.opc.PackageRelationshipCollection - Parsing relationship: /xl/_rels/workbook.xml.rels
15:54:28.977 [main] DEBUG org.apache.poi.openxml4j.opc.PackageRelationshipCollection - Parsing relationship: /xl/worksheets/_rels/sheet1.xml.rels
15:54:28.977 [main] DEBUG org.apache.poi.openxml4j.opc.PackageRelationshipCollection - Parsing relationship: /_rels/.rels
15:54:28.979 [main] DEBUG org.apache.poi.ooxml.POIXMLFactory - using default POIXMLDocumentPart for http://schemas.microsoft.com/office/2017/10/relationships/person
15:54:28.983 [main] DEBUG org.apache.poi.openxml4j.opc.PackageRelationshipCollection - Parsing relationship: /xl/_rels/workbook.xml.rels
15:54:28.984 [main] DEBUG org.apache.poi.openxml4j.opc.PackageRelationshipCollection - Parsing relationship: /xl/worksheets/_rels/sheet1.xml.rels
15:54:28.984 [main] DEBUG org.apache.poi.openxml4j.opc.PackageRelationshipCollection - Parsing relationship: /_rels/.rels
15:54:28.986 [main] DEBUG org.apache.poi.ooxml.POIXMLFactory - using default POIXMLDocumentPart for http://schemas.microsoft.com/office/2017/10/relationships/person
15:54:28.992 [main] DEBUG org.apache.poi.openxml4j.opc.PackageRelationshipCollection - Parsing relationship: /xl/_rels/workbook.xml.rels
15:54:28.993 [main] DEBUG org.apache.poi.openxml4j.opc.PackageRelationshipCollection - Parsing relationship: /xl/worksheets/_rels/sheet1.xml.rels
15:54:28.993 [main] DEBUG org.apache.poi.openxml4j.opc.PackageRelationshipCollection - Parsing relationship: /_rels/.rels
15:54:28.995 [main] DEBUG org.apache.poi.ooxml.POIXMLFactory - using default POIXMLDocumentPart for http://schemas.microsoft.com/office/2017/10/relationships/person
15:54:29.001 [main] DEBUG org.apache.poi.openxml4j.opc.PackageRelationshipCollection - Parsing relationship: /xl/_rels/workbook.xml.rels
15:54:29.001 [main] DEBUG org.apache.poi.openxml4j.opc.PackageRelationshipCollection - Parsing relationship: /xl/worksheets/_rels/sheet1.xml.rels
15:54:29.001 [main] DEBUG org.apache.poi.openxml4j.opc.PackageRelationshipCollection - Parsing relationship: /_rels/.rels
15:54:29.004 [main] DEBUG org.apache.poi.ooxml.POIXMLFactory - using default POIXMLDocumentPart for http://schemas.microsoft.com/office/2017/10/relationships/person
15:54:29.009 [main] DEBUG org.apache.poi.openxml4j.opc.PackageRelationshipCollection - Parsing relationship: /xl/_rels/workbook.xml.rels
15:54:29.009 [main] DEBUG org.apache.poi.openxml4j.opc.PackageRelationshipCollection - Parsing relationship: /xl/worksheets/_rels/sheet1.xml.rels
15:54:29.009 [main] DEBUG org.apache.poi.openxml4j.opc.PackageRelationshipCollection - Parsing relationship: /_rels/.rels
15:54:29.011 [main] DEBUG org.apache.poi.ooxml.POIXMLFactory - using default POIXMLDocumentPart for http://schemas.microsoft.com/office/2017/10/relationships/person
15:54:29.015 [main] DEBUG org.apache.poi.openxml4j.opc.PackageRelationshipCollection - Parsing relationship: /xl/_rels/workbook.xml.rels
15:54:29.016 [main] DEBUG org.apache.poi.openxml4j.opc.PackageRelationshipCollection - Parsing relationship: /xl/worksheets/_rels/sheet1.xml.rels
15:54:29.016 [main] DEBUG org.apache.poi.openxml4j.opc.PackageRelationshipCollection - Parsing relationship: /_rels/.rels
15:54:29.018 [main] DEBUG org.apache.poi.ooxml.POIXMLFactory - using default POIXMLDocumentPart for http://schemas.microsoft.com/office/2017/10/relationships/person
15:54:29.023 [main] DEBUG org.apache.poi.openxml4j.opc.PackageRelationshipCollection - Parsing relationship: /xl/_rels/workbook.xml.rels
15:54:29.024 [main] DEBUG org.apache.poi.openxml4j.opc.PackageRelationshipCollection - Parsing relationship: /xl/worksheets/_rels/sheet1.xml.rels
15:54:29.025 [main] DEBUG org.apache.poi.openxml4j.opc.PackageRelationshipCollection - Parsing relationship: /_rels/.rels
15:54:29.028 [main] DEBUG org.apache.poi.ooxml.POIXMLFactory - using default POIXMLDocumentPart for http://schemas.microsoft.com/office/2017/10/relationships/person
15:54:29.033 [main] DEBUG org.apache.poi.openxml4j.opc.PackageRelationshipCollection - Parsing relationship: /xl/_rels/workbook.xml.rels
15:54:29.033 [main] DEBUG org.apache.poi.openxml4j.opc.PackageRelationshipCollection - Parsing relationship: /xl/worksheets/_rels/sheet1.xml.rels
15:54:29.033 [main] DEBUG org.apache.poi.openxml4j.opc.PackageRelationshipCollection - Parsing relationship: /_rels/.rels
15:54:29.035 [main] DEBUG org.apache.poi.ooxml.POIXMLFactory - using default POIXMLDocumentPart for http://schemas.microsoft.com/office/2017/10/relationships/person
15:54:29.039 [main] DEBUG org.apache.poi.openxml4j.opc.PackageRelationshipCollection - Parsing relationship: /xl/_rels/workbook.xml.rels
15:54:29.039 [main] DEBUG org.apache.poi.openxml4j.opc.PackageRelationshipCollection - Parsing relationship: /xl/worksheets/_rels/sheet1.xml.rels
15:54:29.039 [main] DEBUG org.apache.poi.openxml4j.opc.PackageRelationshipCollection - Parsing relationship: /_rels/.rels
15:54:29.043 [main] DEBUG org.apache.poi.ooxml.POIXMLFactory - using default POIXMLDocumentPart for http://schemas.microsoft.com/office/2017/10/relationships/person
15:54:29.047 [main] DEBUG org.apache.poi.openxml4j.opc.PackageRelationshipCollection - Parsing relationship: /xl/_rels/workbook.xml.rels
15:54:29.048 [main] DEBUG org.apache.poi.openxml4j.opc.PackageRelationshipCollection - Parsing relationship: /xl/worksheets/_rels/sheet1.xml.rels
15:54:29.048 [main] DEBUG org.apache.poi.openxml4j.opc.PackageRelationshipCollection - Parsing relationship: /_rels/.rels
15:54:29.051 [main] DEBUG org.apache.poi.ooxml.POIXMLFactory - using default POIXMLDocumentPart for http://schemas.microsoft.com/office/2017/10/relationships/person
15:54:29.058 [main] DEBUG org.apache.poi.openxml4j.opc.PackageRelationshipCollection - Parsing relationship: /xl/_rels/workbook.xml.rels
15:54:29.059 [main] DEBUG org.apache.poi.openxml4j.opc.PackageRelationshipCollection - Parsing relationship: /xl/worksheets/_rels/sheet1.xml.rels
15:54:29.059 [main] DEBUG org.apache.poi.openxml4j.opc.PackageRelationshipCollection - Parsing relationship: /_rels/.rels
15:54:29.061 [main] DEBUG org.apache.poi.ooxml.POIXMLFactory - using default POIXMLDocumentPart for http://schemas.microsoft.com/office/2017/10/relationships/person
15:54:29.065 [main] DEBUG org.apache.poi.openxml4j.opc.PackageRelationshipCollection - Parsing relationship: /xl/_rels/workbook.xml.rels
15:54:29.066 [main] DEBUG org.apache.poi.openxml4j.opc.PackageRelationshipCollection - Parsing relationship: /xl/worksheets/_rels/sheet1.xml.rels
15:54:29.066 [main] DEBUG org.apache.poi.openxml4j.opc.PackageRelationshipCollection - Parsing relationship: /_rels/.rels
15:54:29.068 [main] DEBUG org.apache.poi.ooxml.POIXMLFactory - using default POIXMLDocumentPart for http://schemas.microsoft.com/office/2017/10/relationships/person
15:54:29.072 [main] DEBUG org.apache.poi.openxml4j.opc.PackageRelationshipCollection - Parsing relationship: /xl/_rels/workbook.xml.rels
15:54:29.072 [main] DEBUG org.apache.poi.openxml4j.opc.PackageRelationshipCollection - Parsing relationship: /xl/worksheets/_rels/sheet1.xml.rels
15:54:29.072 [main] DEBUG org.apache.poi.openxml4j.opc.PackageRelationshipCollection - Parsing relationship: /_rels/.rels
15:54:29.075 [main] DEBUG org.apache.poi.ooxml.POIXMLFactory - using default POIXMLDocumentPart for http://schemas.microsoft.com/office/2017/10/relationships/person
15:54:29.080 [main] DEBUG org.apache.poi.openxml4j.opc.PackageRelationshipCollection - Parsing relationship: /xl/_rels/workbook.xml.rels
15:54:29.080 [main] DEBUG org.apache.poi.openxml4j.opc.PackageRelationshipCollection - Parsing relationship: /xl/worksheets/_rels/sheet1.xml.rels
15:54:29.081 [main] DEBUG org.apache.poi.openxml4j.opc.PackageRelationshipCollection - Parsing relationship: /_rels/.rels
15:54:29.083 [main] DEBUG org.apache.poi.ooxml.POIXMLFactory - using default POIXMLDocumentPart for http://schemas.microsoft.com/office/2017/10/relationships/person
15:54:29.088 [main] DEBUG org.apache.poi.openxml4j.opc.PackageRelationshipCollection - Parsing relationship: /xl/_rels/workbook.xml.rels
15:54:29.089 [main] DEBUG org.apache.poi.openxml4j.opc.PackageRelationshipCollection - Parsing relationship: /xl/worksheets/_rels/sheet1.xml.rels
15:54:29.089 [main] DEBUG org.apache.poi.openxml4j.opc.PackageRelationshipCollection - Parsing relationship: /_rels/.rels
15:54:29.095 [main] DEBUG org.apache.poi.ooxml.POIXMLFactory - using default POIXMLDocumentPart for http://schemas.microsoft.com/office/2017/10/relationships/person
15:54:29.100 [main] DEBUG org.apache.poi.openxml4j.opc.PackageRelationshipCollection - Parsing relationship: /xl/_rels/workbook.xml.rels
15:54:29.101 [main] DEBUG org.apache.poi.openxml4j.opc.PackageRelationshipCollection - Parsing relationship: /xl/worksheets/_rels/sheet1.xml.rels
15:54:29.101 [main] DEBUG org.apache.poi.openxml4j.opc.PackageRelationshipCollection - Parsing relationship: /_rels/.rels
15:54:29.103 [main] DEBUG org.apache.poi.ooxml.POIXMLFactory - using default POIXMLDocumentPart for http://schemas.microsoft.com/office/2017/10/relationships/person
15:54:29.111 [main] DEBUG org.apache.poi.openxml4j.opc.PackageRelationshipCollection - Parsing relationship: /xl/_rels/workbook.xml.rels
15:54:29.111 [main] DEBUG org.apache.poi.openxml4j.opc.PackageRelationshipCollection - Parsing relationship: /xl/worksheets/_rels/sheet1.xml.rels
15:54:29.111 [main] DEBUG org.apache.poi.openxml4j.opc.PackageRelationshipCollection - Parsing relationship: /_rels/.rels
15:54:29.113 [main] DEBUG org.apache.poi.ooxml.POIXMLFactory - using default POIXMLDocumentPart for http://schemas.microsoft.com/office/2017/10/relationships/person
15:54:29.119 [main] DEBUG org.apache.poi.openxml4j.opc.PackageRelationshipCollection - Parsing relationship: /xl/_rels/workbook.xml.rels
15:54:29.119 [main] DEBUG org.apache.poi.openxml4j.opc.PackageRelationshipCollection - Parsing relationship: /xl/worksheets/_rels/sheet1.xml.rels
15:54:29.119 [main] DEBUG org.apache.poi.openxml4j.opc.PackageRelationshipCollection - Parsing relationship: /_rels/.rels
15:54:29.121 [main] DEBUG org.apache.poi.ooxml.POIXMLFactory - using default POIXMLDocumentPart for http://schemas.microsoft.com/office/2017/10/relationships/person
15:54:29.127 [main] DEBUG org.apache.poi.openxml4j.opc.PackageRelationshipCollection - Parsing relationship: /xl/_rels/workbook.xml.rels
15:54:29.127 [main] DEBUG org.apache.poi.openxml4j.opc.PackageRelationshipCollection - Parsing relationship: /xl/worksheets/_rels/sheet1.xml.rels
15:54:29.127 [main] DEBUG org.apache.poi.openxml4j.opc.PackageRelationshipCollection - Parsing relationship: /_rels/.rels
15:54:29.129 [main] DEBUG org.apache.poi.ooxml.POIXMLFactory - using default POIXMLDocumentPart for http://schemas.microsoft.com/office/2017/10/relationships/person
15:54:29.134 [main] DEBUG org.apache.poi.openxml4j.opc.PackageRelationshipCollection - Parsing relationship: /xl/_rels/workbook.xml.rels
15:54:29.134 [main] DEBUG org.apache.poi.openxml4j.opc.PackageRelationshipCollection - Parsing relationship: /xl/worksheets/_rels/sheet1.xml.rels
15:54:29.135 [main] DEBUG org.apache.poi.openxml4j.opc.PackageRelationshipCollection - Parsing relationship: /_rels/.rels
15:54:29.137 [main] DEBUG org.apache.poi.ooxml.POIXMLFactory - using default POIXMLDocumentPart for http://schemas.microsoft.com/office/2017/10/relationships/person
15:54:29.143 [main] DEBUG org.apache.poi.openxml4j.opc.PackageRelationshipCollection - Parsing relationship: /xl/_rels/workbook.xml.rels
15:54:29.143 [main] DEBUG org.apache.poi.openxml4j.opc.PackageRelationshipCollection - Parsing relationship: /xl/worksheets/_rels/sheet1.xml.rels
15:54:29.143 [main] DEBUG org.apache.poi.openxml4j.opc.PackageRelationshipCollection - Parsing relationship: /_rels/.rels
15:54:29.146 [main] DEBUG org.apache.poi.ooxml.POIXMLFactory - using default POIXMLDocumentPart for http://schemas.microsoft.com/office/2017/10/relationships/person
15:54:29.151 [main] DEBUG org.apache.poi.openxml4j.opc.PackageRelationshipCollection - Parsing relationship: /xl/_rels/workbook.xml.rels
15:54:29.151 [main] DEBUG org.apache.poi.openxml4j.opc.PackageRelationshipCollection - Parsing relationship: /xl/worksheets/_rels/sheet1.xml.rels
15:54:29.151 [main] DEBUG org.apache.poi.openxml4j.opc.PackageRelationshipCollection - Parsing relationship: /_rels/.rels
15:54:29.154 [main] DEBUG org.apache.poi.ooxml.POIXMLFactory - using default POIXMLDocumentPart for http://schemas.microsoft.com/office/2017/10/relationships/person
15:54:29.162 [main] DEBUG org.apache.poi.openxml4j.opc.PackageRelationshipCollection - Parsing relationship: /xl/_rels/workbook.xml.rels
15:54:29.163 [main] DEBUG org.apache.poi.openxml4j.opc.PackageRelationshipCollection - Parsing relationship: /xl/worksheets/_rels/sheet1.xml.rels
15:54:29.163 [main] DEBUG org.apache.poi.openxml4j.opc.PackageRelationshipCollection - Parsing relationship: /_rels/.rels
15:54:29.166 [main] DEBUG org.apache.poi.ooxml.POIXMLFactory - using default POIXMLDocumentPart for http://schemas.microsoft.com/office/2017/10/relationships/person
15:54:29.173 [main] DEBUG org.apache.poi.openxml4j.opc.PackageRelationshipCollection - Parsing relationship: /xl/_rels/workbook.xml.rels
15:54:29.175 [main] DEBUG org.apache.poi.openxml4j.opc.PackageRelationshipCollection - Parsing relationship: /xl/worksheets/_rels/sheet1.xml.rels
15:54:29.176 [main] DEBUG org.apache.poi.openxml4j.opc.PackageRelationshipCollection - Parsing relationship: /_rels/.rels
15:54:29.180 [main] DEBUG org.apache.poi.ooxml.POIXMLFactory - using default POIXMLDocumentPart for http://schemas.microsoft.com/office/2017/10/relationships/person
15:54:29.185 [main] DEBUG org.apache.poi.openxml4j.opc.PackageRelationshipCollection - Parsing relationship: /xl/_rels/workbook.xml.rels
15:54:29.186 [main] DEBUG org.apache.poi.openxml4j.opc.PackageRelationshipCollection - Parsing relationship: /xl/worksheets/_rels/sheet1.xml.rels
15:54:29.186 [main] DEBUG org.apache.poi.openxml4j.opc.PackageRelationshipCollection - Parsing relationship: /_rels/.rels
15:54:29.188 [main] DEBUG org.apache.poi.ooxml.POIXMLFactory - using default POIXMLDocumentPart for http://schemas.microsoft.com/office/2017/10/relationships/person
15:54:29.194 [main] DEBUG org.apache.poi.openxml4j.opc.PackageRelationshipCollection - Parsing relationship: /xl/_rels/workbook.xml.rels
15:54:29.194 [main] DEBUG org.apache.poi.openxml4j.opc.PackageRelationshipCollection - Parsing relationship: /xl/worksheets/_rels/sheet1.xml.rels
15:54:29.195 [main] DEBUG org.apache.poi.openxml4j.opc.PackageRelationshipCollection - Parsing relationship: /_rels/.rels
15:54:29.199 [main] DEBUG org.apache.poi.ooxml.POIXMLFactory - using default POIXMLDocumentPart for http://schemas.microsoft.com/office/2017/10/relationships/person
15:54:29.209 [main] DEBUG org.apache.poi.openxml4j.opc.PackageRelationshipCollection - Parsing relationship: /xl/_rels/workbook.xml.rels
15:54:29.210 [main] DEBUG org.apache.poi.openxml4j.opc.PackageRelationshipCollection - Parsing relationship: /xl/worksheets/_rels/sheet1.xml.rels
15:54:29.210 [main] DEBUG org.apache.poi.openxml4j.opc.PackageRelationshipCollection - Parsing relationship: /_rels/.rels
15:54:29.214 [main] DEBUG org.apache.poi.ooxml.POIXMLFactory - using default POIXMLDocumentPart for http://schemas.microsoft.com/office/2017/10/relationships/person
15:54:29.221 [main] DEBUG org.apache.poi.openxml4j.opc.PackageRelationshipCollection - Parsing relationship: /xl/_rels/workbook.xml.rels
15:54:29.222 [main] DEBUG org.apache.poi.openxml4j.opc.PackageRelationshipCollection - Parsing relationship: /xl/worksheets/_rels/sheet1.xml.rels
15:54:29.222 [main] DEBUG org.apache.poi.openxml4j.opc.PackageRelationshipCollection - Parsing relationship: /_rels/.rels
15:54:29.227 [main] DEBUG org.apache.poi.ooxml.POIXMLFactory - using default POIXMLDocumentPart for http://schemas.microsoft.com/office/2017/10/relationships/person
15:54:29.232 [main] DEBUG org.apache.poi.openxml4j.opc.PackageRelationshipCollection - Parsing relationship: /xl/_rels/workbook.xml.rels
15:54:29.233 [main] DEBUG org.apache.poi.openxml4j.opc.PackageRelationshipCollection - Parsing relationship: /xl/worksheets/_rels/sheet1.xml.rels
15:54:29.233 [main] DEBUG org.apache.poi.openxml4j.opc.PackageRelationshipCollection - Parsing relationship: /_rels/.rels
15:54:29.236 [main] DEBUG org.apache.poi.ooxml.POIXMLFactory - using default POIXMLDocumentPart for http://schemas.microsoft.com/office/2017/10/relationships/person
15:54:29.242 [main] DEBUG org.apache.poi.openxml4j.opc.PackageRelationshipCollection - Parsing relationship: /xl/_rels/workbook.xml.rels
15:54:29.243 [main] DEBUG org.apache.poi.openxml4j.opc.PackageRelationshipCollection - Parsing relationship: /xl/worksheets/_rels/sheet1.xml.rels
15:54:29.243 [main] DEBUG org.apache.poi.openxml4j.opc.PackageRelationshipCollection - Parsing relationship: /_rels/.rels
15:54:29.246 [main] DEBUG org.apache.poi.ooxml.POIXMLFactory - using default POIXMLDocumentPart for http://schemas.microsoft.com/office/2017/10/relationships/person
15:54:29.254 [main] DEBUG org.apache.poi.openxml4j.opc.PackageRelationshipCollection - Parsing relationship: /xl/_rels/workbook.xml.rels
15:54:29.254 [main] DEBUG org.apache.poi.openxml4j.opc.PackageRelationshipCollection - Parsing relationship: /xl/worksheets/_rels/sheet1.xml.rels
15:54:29.255 [main] DEBUG org.apache.poi.openxml4j.opc.PackageRelationshipCollection - Parsing relationship: /_rels/.rels
15:54:29.260 [main] DEBUG org.apache.poi.ooxml.POIXMLFactory - using default POIXMLDocumentPart for http://schemas.microsoft.com/office/2017/10/relationships/person
15:54:29.267 [main] DEBUG org.apache.poi.openxml4j.opc.PackageRelationshipCollection - Parsing relationship: /xl/_rels/workbook.xml.rels
15:54:29.268 [main] DEBUG org.apache.poi.openxml4j.opc.PackageRelationshipCollection - Parsing relationship: /xl/worksheets/_rels/sheet1.xml.rels
15:54:29.268 [main] DEBUG org.apache.poi.openxml4j.opc.PackageRelationshipCollection - Parsing relationship: /_rels/.rels
15:54:29.272 [main] DEBUG org.apache.poi.ooxml.POIXMLFactory - using default POIXMLDocumentPart for http://schemas.microsoft.com/office/2017/10/relationships/person
15:54:29.278 [main] DEBUG org.apache.poi.openxml4j.opc.PackageRelationshipCollection - Parsing relationship: /xl/_rels/workbook.xml.rels
15:54:29.279 [main] DEBUG org.apache.poi.openxml4j.opc.PackageRelationshipCollection - Parsing relationship: /xl/worksheets/_rels/sheet1.xml.rels
15:54:29.279 [main] DEBUG org.apache.poi.openxml4j.opc.PackageRelationshipCollection - Parsing relationship: /_rels/.rels
15:54:29.282 [main] DEBUG org.apache.poi.ooxml.POIXMLFactory - using default POIXMLDocumentPart for http://schemas.microsoft.com/office/2017/10/relationships/person
15:54:29.288 [main] DEBUG org.apache.poi.openxml4j.opc.PackageRelationshipCollection - Parsing relationship: /xl/_rels/workbook.xml.rels
15:54:29.289 [main] DEBUG org.apache.poi.openxml4j.opc.PackageRelationshipCollection - Parsing relationship: /xl/worksheets/_rels/sheet1.xml.rels
15:54:29.289 [main] DEBUG org.apache.poi.openxml4j.opc.PackageRelationshipCollection - Parsing relationship: /_rels/.rels
15:54:29.294 [main] DEBUG org.apache.poi.ooxml.POIXMLFactory - using default POIXMLDocumentPart for http://schemas.microsoft.com/office/2017/10/relationships/person
15:54:29.299 [main] DEBUG org.apache.poi.openxml4j.opc.PackageRelationshipCollection - Parsing relationship: /xl/_rels/workbook.xml.rels
15:54:29.300 [main] DEBUG org.apache.poi.openxml4j.opc.PackageRelationshipCollection - Parsing relationship: /xl/worksheets/_rels/sheet1.xml.rels
15:54:29.300 [main] DEBUG org.apache.poi.openxml4j.opc.PackageRelationshipCollection - Parsing relationship: /_rels/.rels
15:54:29.302 [main] DEBUG org.apache.poi.ooxml.POIXMLFactory - using default POIXMLDocumentPart for http://schemas.microsoft.com/office/2017/10/relationships/person
15:54:29.308 [main] DEBUG org.apache.poi.openxml4j.opc.PackageRelationshipCollection - Parsing relationship: /xl/_rels/workbook.xml.rels
15:54:29.309 [main] DEBUG org.apache.poi.openxml4j.opc.PackageRelationshipCollection - Parsing relationship: /xl/worksheets/_rels/sheet1.xml.rels
15:54:29.309 [main] DEBUG org.apache.poi.openxml4j.opc.PackageRelationshipCollection - Parsing relationship: /_rels/.rels
15:54:29.314 [main] DEBUG org.apache.poi.ooxml.POIXMLFactory - using default POIXMLDocumentPart for http://schemas.microsoft.com/office/2017/10/relationships/person
15:54:29.332 [main] DEBUG org.apache.poi.openxml4j.opc.PackageRelationshipCollection - Parsing relationship: /xl/_rels/workbook.xml.rels
15:54:29.333 [main] DEBUG org.apache.poi.openxml4j.opc.PackageRelationshipCollection - Parsing relationship: /xl/worksheets/_rels/sheet1.xml.rels
15:54:29.333 [main] DEBUG org.apache.poi.openxml4j.opc.PackageRelationshipCollection - Parsing relationship: /_rels/.rels
15:54:29.337 [main] DEBUG org.apache.poi.ooxml.POIXMLFactory - using default POIXMLDocumentPart for http://schemas.microsoft.com/office/2017/10/relationships/person
15:54:29.346 [main] DEBUG org.apache.poi.openxml4j.opc.PackageRelationshipCollection - Parsing relationship: /xl/_rels/workbook.xml.rels
15:54:29.347 [main] DEBUG org.apache.poi.openxml4j.opc.PackageRelationshipCollection - Parsing relationship: /xl/worksheets/_rels/sheet1.xml.rels
15:54:29.347 [main] DEBUG org.apache.poi.openxml4j.opc.PackageRelationshipCollection - Parsing relationship: /_rels/.rels
15:54:29.349 [main] DEBUG org.apache.poi.ooxml.POIXMLFactory - using default POIXMLDocumentPart for http://schemas.microsoft.com/office/2017/10/relationships/person
15:54:29.354 [main] DEBUG org.apache.poi.openxml4j.opc.PackageRelationshipCollection - Parsing relationship: /xl/_rels/workbook.xml.rels
15:54:29.354 [main] DEBUG org.apache.poi.openxml4j.opc.PackageRelationshipCollection - Parsing relationship: /xl/worksheets/_rels/sheet1.xml.rels
15:54:29.355 [main] DEBUG org.apache.poi.openxml4j.opc.PackageRelationshipCollection - Parsing relationship: /_rels/.rels
15:54:29.357 [main] DEBUG org.apache.poi.ooxml.POIXMLFactory - using default POIXMLDocumentPart for http://schemas.microsoft.com/office/2017/10/relationships/person
15:54:29.362 [main] DEBUG org.apache.poi.openxml4j.opc.PackageRelationshipCollection - Parsing relationship: /xl/_rels/workbook.xml.rels
15:54:29.362 [main] DEBUG org.apache.poi.openxml4j.opc.PackageRelationshipCollection - Parsing relationship: /xl/worksheets/_rels/sheet1.xml.rels
15:54:29.362 [main] DEBUG org.apache.poi.openxml4j.opc.PackageRelationshipCollection - Parsing relationship: /_rels/.rels
15:54:29.365 [main] DEBUG org.apache.poi.ooxml.POIXMLFactory - using default POIXMLDocumentPart for http://schemas.microsoft.com/office/2017/10/relationships/person
15:54:29.369 [main] DEBUG org.apache.poi.openxml4j.opc.PackageRelationshipCollection - Parsing relationship: /xl/_rels/workbook.xml.rels
15:54:29.370 [main] DEBUG org.apache.poi.openxml4j.opc.PackageRelationshipCollection - Parsing relationship: /xl/worksheets/_rels/sheet1.xml.rels
15:54:29.370 [main] DEBUG org.apache.poi.openxml4j.opc.PackageRelationshipCollection - Parsing relationship: /_rels/.rels
15:54:29.372 [main] DEBUG org.apache.poi.ooxml.POIXMLFactory - using default POIXMLDocumentPart for http://schemas.microsoft.com/office/2017/10/relationships/person
15:54:29.381 [main] DEBUG org.apache.poi.openxml4j.opc.PackageRelationshipCollection - Parsing relationship: /xl/_rels/workbook.xml.rels
15:54:29.382 [main] DEBUG org.apache.poi.openxml4j.opc.PackageRelationshipCollection - Parsing relationship: /xl/worksheets/_rels/sheet1.xml.rels
15:54:29.382 [main] DEBUG org.apache.poi.openxml4j.opc.PackageRelationshipCollection - Parsing relationship: /_rels/.rels
15:54:29.384 [main] DEBUG org.apache.poi.ooxml.POIXMLFactory - using default POIXMLDocumentPart for http://schemas.microsoft.com/office/2017/10/relationships/person
15:54:29.389 [main] DEBUG org.apache.poi.openxml4j.opc.PackageRelationshipCollection - Parsing relationship: /xl/_rels/workbook.xml.rels
15:54:29.389 [main] DEBUG org.apache.poi.openxml4j.opc.PackageRelationshipCollection - Parsing relationship: /xl/worksheets/_rels/sheet1.xml.rels
15:54:29.389 [main] DEBUG org.apache.poi.openxml4j.opc.PackageRelationshipCollection - Parsing relationship: /_rels/.rels
15:54:29.393 [main] DEBUG org.apache.poi.ooxml.POIXMLFactory - using default POIXMLDocumentPart for http://schemas.microsoft.com/office/2017/10/relationships/person
15:54:29.397 [main] DEBUG org.apache.poi.openxml4j.opc.PackageRelationshipCollection - Parsing relationship: /xl/_rels/workbook.xml.rels
15:54:29.398 [main] DEBUG org.apache.poi.openxml4j.opc.PackageRelationshipCollection - Parsing relationship: /xl/worksheets/_rels/sheet1.xml.rels
15:54:29.398 [main] DEBUG org.apache.poi.openxml4j.opc.PackageRelationshipCollection - Parsing relationship: /_rels/.rels
15:54:29.400 [main] DEBUG org.apache.poi.ooxml.POIXMLFactory - using default POIXMLDocumentPart for http://schemas.microsoft.com/office/2017/10/relationships/person
15:54:29.405 [main] DEBUG org.apache.poi.openxml4j.opc.PackageRelationshipCollection - Parsing relationship: /xl/_rels/workbook.xml.rels
15:54:29.406 [main] DEBUG org.apache.poi.openxml4j.opc.PackageRelationshipCollection - Parsing relationship: /xl/worksheets/_rels/sheet1.xml.rels
15:54:29.406 [main] DEBUG org.apache.poi.openxml4j.opc.PackageRelationshipCollection - Parsing relationship: /_rels/.rels
15:54:29.410 [main] DEBUG org.apache.poi.ooxml.POIXMLFactory - using default POIXMLDocumentPart for http://schemas.microsoft.com/office/2017/10/relationships/person
15:54:29.417 [main] DEBUG org.apache.poi.openxml4j.opc.PackageRelationshipCollection - Parsing relationship: /xl/_rels/workbook.xml.rels
15:54:29.417 [main] DEBUG org.apache.poi.openxml4j.opc.PackageRelationshipCollection - Parsing relationship: /xl/worksheets/_rels/sheet1.xml.rels
15:54:29.417 [main] DEBUG org.apache.poi.openxml4j.opc.PackageRelationshipCollection - Parsing relationship: /_rels/.rels
15:54:29.421 [main] DEBUG org.apache.poi.ooxml.POIXMLFactory - using default POIXMLDocumentPart for http://schemas.microsoft.com/office/2017/10/relationships/person
15:54:29.427 [main] DEBUG org.apache.poi.openxml4j.opc.PackageRelationshipCollection - Parsing relationship: /xl/_rels/workbook.xml.rels
15:54:29.427 [main] DEBUG org.apache.poi.openxml4j.opc.PackageRelationshipCollection - Parsing relationship: /xl/worksheets/_rels/sheet1.xml.rels
15:54:29.427 [main] DEBUG org.apache.poi.openxml4j.opc.PackageRelationshipCollection - Parsing relationship: /_rels/.rels
15:54:29.429 [main] DEBUG org.apache.poi.ooxml.POIXMLFactory - using default POIXMLDocumentPart for http://schemas.microsoft.com/office/2017/10/relationships/person
15:54:29.434 [main] DEBUG org.apache.poi.openxml4j.opc.PackageRelationshipCollection - Parsing relationship: /xl/_rels/workbook.xml.rels
15:54:29.434 [main] DEBUG org.apache.poi.openxml4j.opc.PackageRelationshipCollection - Parsing relationship: /xl/worksheets/_rels/sheet1.xml.rels
15:54:29.434 [main] DEBUG org.apache.poi.openxml4j.opc.PackageRelationshipCollection - Parsing relationship: /_rels/.rels
15:54:29.437 [main] DEBUG org.apache.poi.ooxml.POIXMLFactory - using default POIXMLDocumentPart for http://schemas.microsoft.com/office/2017/10/relationships/person
15:54:29.442 [main] DEBUG org.apache.poi.openxml4j.opc.PackageRelationshipCollection - Parsing relationship: /xl/_rels/workbook.xml.rels
15:54:29.442 [main] DEBUG org.apache.poi.openxml4j.opc.PackageRelationshipCollection - Parsing relationship: /xl/worksheets/_rels/sheet1.xml.rels
15:54:29.442 [main] DEBUG org.apache.poi.openxml4j.opc.PackageRelationshipCollection - Parsing relationship: /_rels/.rels
15:54:29.445 [main] DEBUG org.apache.poi.ooxml.POIXMLFactory - using default POIXMLDocumentPart for http://schemas.microsoft.com/office/2017/10/relationships/person
15:54:29.450 [main] DEBUG org.apache.poi.openxml4j.opc.PackageRelationshipCollection - Parsing relationship: /xl/_rels/workbook.xml.rels
15:54:29.450 [main] DEBUG org.apache.poi.openxml4j.opc.PackageRelationshipCollection - Parsing relationship: /xl/worksheets/_rels/sheet1.xml.rels
15:54:29.450 [main] DEBUG org.apache.poi.openxml4j.opc.PackageRelationshipCollection - Parsing relationship: /_rels/.rels
15:54:29.452 [main] DEBUG org.apache.poi.ooxml.POIXMLFactory - using default POIXMLDocumentPart for http://schemas.microsoft.com/office/2017/10/relationships/person
15:54:29.458 [main] DEBUG org.apache.poi.openxml4j.opc.PackageRelationshipCollection - Parsing relationship: /xl/_rels/workbook.xml.rels
15:54:29.459 [main] DEBUG org.apache.poi.openxml4j.opc.PackageRelationshipCollection - Parsing relationship: /xl/worksheets/_rels/sheet1.xml.rels
15:54:29.459 [main] DEBUG org.apache.poi.openxml4j.opc.PackageRelationshipCollection - Parsing relationship: /_rels/.rels
15:54:29.462 [main] DEBUG org.apache.poi.ooxml.POIXMLFactory - using default POIXMLDocumentPart for http://schemas.microsoft.com/office/2017/10/relationships/person
15:54:29.466 [main] DEBUG org.apache.poi.openxml4j.opc.PackageRelationshipCollection - Parsing relationship: /xl/_rels/workbook.xml.rels
15:54:29.467 [main] DEBUG org.apache.poi.openxml4j.opc.PackageRelationshipCollection - Parsing relationship: /xl/worksheets/_rels/sheet1.xml.rels
15:54:29.467 [main] DEBUG org.apache.poi.openxml4j.opc.PackageRelationshipCollection - Parsing relationship: /_rels/.rels
15:54:29.469 [main] DEBUG org.apache.poi.ooxml.POIXMLFactory - using default POIXMLDocumentPart for http://schemas.microsoft.com/office/2017/10/relationships/person
15:54:29.474 [main] DEBUG org.apache.poi.openxml4j.opc.PackageRelationshipCollection - Parsing relationship: /xl/_rels/workbook.xml.rels
15:54:29.475 [main] DEBUG org.apache.poi.openxml4j.opc.PackageRelationshipCollection - Parsing relationship: /xl/worksheets/_rels/sheet1.xml.rels
15:54:29.475 [main] DEBUG org.apache.poi.openxml4j.opc.PackageRelationshipCollection - Parsing relationship: /_rels/.rels
15:54:29.478 [main] DEBUG org.apache.poi.ooxml.POIXMLFactory - using default POIXMLDocumentPart for http://schemas.microsoft.com/office/2017/10/relationships/person
15:54:29.483 [main] DEBUG org.apache.poi.openxml4j.opc.PackageRelationshipCollection - Parsing relationship: /xl/_rels/workbook.xml.rels
15:54:29.483 [main] DEBUG org.apache.poi.openxml4j.opc.PackageRelationshipCollection - Parsing relationship: /xl/worksheets/_rels/sheet1.xml.rels
15:54:29.483 [main] DEBUG org.apache.poi.openxml4j.opc.PackageRelationshipCollection - Parsing relationship: /_rels/.rels
15:54:29.486 [main] DEBUG org.apache.poi.ooxml.POIXMLFactory - using default POIXMLDocumentPart for http://schemas.microsoft.com/office/2017/10/relationships/person
15:54:29.491 [main] DEBUG org.apache.poi.openxml4j.opc.PackageRelationshipCollection - Parsing relationship: /xl/_rels/workbook.xml.rels
15:54:29.491 [main] DEBUG org.apache.poi.openxml4j.opc.PackageRelationshipCollection - Parsing relationship: /xl/worksheets/_rels/sheet1.xml.rels
15:54:29.492 [main] DEBUG org.apache.poi.openxml4j.opc.PackageRelationshipCollection - Parsing relationship: /_rels/.rels
15:54:29.495 [main] DEBUG org.apache.poi.ooxml.POIXMLFactory - using default POIXMLDocumentPart for http://schemas.microsoft.com/office/2017/10/relationships/person
15:54:29.500 [main] DEBUG org.apache.poi.openxml4j.opc.PackageRelationshipCollection - Parsing relationship: /xl/_rels/workbook.xml.rels
15:54:29.501 [main] DEBUG org.apache.poi.openxml4j.opc.PackageRelationshipCollection - Parsing relationship: /xl/worksheets/_rels/sheet1.xml.rels
15:54:29.501 [main] DEBUG org.apache.poi.openxml4j.opc.PackageRelationshipCollection - Parsing relationship: /_rels/.rels
15:54:29.503 [main] DEBUG org.apache.poi.ooxml.POIXMLFactory - using default POIXMLDocumentPart for http://schemas.microsoft.com/office/2017/10/relationships/person
15:54:29.511 [main] DEBUG org.apache.poi.openxml4j.opc.PackageRelationshipCollection - Parsing relationship: /xl/_rels/workbook.xml.rels
15:54:29.511 [main] DEBUG org.apache.poi.openxml4j.opc.PackageRelationshipCollection - Parsing relationship: /xl/worksheets/_rels/sheet1.xml.rels
15:54:29.511 [main] DEBUG org.apache.poi.openxml4j.opc.PackageRelationshipCollection - Parsing relationship: /_rels/.rels
15:54:29.515 [main] DEBUG org.apache.poi.ooxml.POIXMLFactory - using default POIXMLDocumentPart for http://schemas.microsoft.com/office/2017/10/relationships/person
15:54:29.521 [main] DEBUG org.apache.poi.openxml4j.opc.PackageRelationshipCollection - Parsing relationship: /xl/_rels/workbook.xml.rels
15:54:29.521 [main] DEBUG org.apache.poi.openxml4j.opc.PackageRelationshipCollection - Parsing relationship: /xl/worksheets/_rels/sheet1.xml.rels
15:54:29.521 [main] DEBUG org.apache.poi.openxml4j.opc.PackageRelationshipCollection - Parsing relationship: /_rels/.rels
15:54:29.523 [main] DEBUG org.apache.poi.ooxml.POIXMLFactory - using default POIXMLDocumentPart for http://schemas.microsoft.com/office/2017/10/relationships/person
15:54:29.532 [main] DEBUG org.apache.poi.openxml4j.opc.PackageRelationshipCollection - Parsing relationship: /xl/_rels/workbook.xml.rels
15:54:29.532 [main] DEBUG org.apache.poi.openxml4j.opc.PackageRelationshipCollection - Parsing relationship: /xl/worksheets/_rels/sheet1.xml.rels
15:54:29.532 [main] DEBUG org.apache.poi.openxml4j.opc.PackageRelationshipCollection - Parsing relationship: /_rels/.rels
15:54:29.534 [main] DEBUG org.apache.poi.ooxml.POIXMLFactory - using default POIXMLDocumentPart for http://schemas.microsoft.com/office/2017/10/relationships/person
15:54:29.539 [main] DEBUG org.apache.poi.openxml4j.opc.PackageRelationshipCollection - Parsing relationship: /xl/_rels/workbook.xml.rels
15:54:29.539 [main] DEBUG org.apache.poi.openxml4j.opc.PackageRelationshipCollection - Parsing relationship: /xl/worksheets/_rels/sheet1.xml.rels
15:54:29.539 [main] DEBUG org.apache.poi.openxml4j.opc.PackageRelationshipCollection - Parsing relationship: /_rels/.rels
15:54:29.542 [main] DEBUG org.apache.poi.ooxml.POIXMLFactory - using default POIXMLDocumentPart for http://schemas.microsoft.com/office/2017/10/relationships/person
15:54:29.546 [main] DEBUG org.apache.poi.openxml4j.opc.PackageRelationshipCollection - Parsing relationship: /xl/_rels/workbook.xml.rels
15:54:29.547 [main] DEBUG org.apache.poi.openxml4j.opc.PackageRelationshipCollection - Parsing relationship: /xl/worksheets/_rels/sheet1.xml.rels
15:54:29.547 [main] DEBUG org.apache.poi.openxml4j.opc.PackageRelationshipCollection - Parsing relationship: /_rels/.rels
15:54:29.549 [main] DEBUG org.apache.poi.ooxml.POIXMLFactory - using default POIXMLDocumentPart for http://schemas.microsoft.com/office/2017/10/relationships/person
15:54:29.553 [main] DEBUG org.apache.poi.openxml4j.opc.PackageRelationshipCollection - Parsing relationship: /xl/_rels/workbook.xml.rels
15:54:29.553 [main] DEBUG org.apache.poi.openxml4j.opc.PackageRelationshipCollection - Parsing relationship: /xl/worksheets/_rels/sheet1.xml.rels
15:54:29.553 [main] DEBUG org.apache.poi.openxml4j.opc.PackageRelationshipCollection - Parsing relationship: /_rels/.rels
15:54:29.555 [main] DEBUG org.apache.poi.ooxml.POIXMLFactory - using default POIXMLDocumentPart for http://schemas.microsoft.com/office/2017/10/relationships/person
15:54:29.560 [main] DEBUG org.apache.poi.openxml4j.opc.PackageRelationshipCollection - Parsing relationship: /xl/_rels/workbook.xml.rels
15:54:29.560 [main] DEBUG org.apache.poi.openxml4j.opc.PackageRelationshipCollection - Parsing relationship: /xl/worksheets/_rels/sheet1.xml.rels
15:54:29.560 [main] DEBUG org.apache.poi.openxml4j.opc.PackageRelationshipCollection - Parsing relationship: /_rels/.rels
15:54:29.562 [main] DEBUG org.apache.poi.ooxml.POIXMLFactory - using default POIXMLDocumentPart for http://schemas.microsoft.com/office/2017/10/relationships/person
15:54:29.567 [main] DEBUG org.apache.poi.openxml4j.opc.PackageRelationshipCollection - Parsing relationship: /xl/_rels/workbook.xml.rels
15:54:29.567 [main] DEBUG org.apache.poi.openxml4j.opc.PackageRelationshipCollection - Parsing relationship: /xl/worksheets/_rels/sheet1.xml.rels
15:54:29.567 [main] DEBUG org.apache.poi.openxml4j.opc.PackageRelationshipCollection - Parsing relationship: /_rels/.rels
15:54:29.569 [main] DEBUG org.apache.poi.ooxml.POIXMLFactory - using default POIXMLDocumentPart for http://schemas.microsoft.com/office/2017/10/relationships/person
15:54:29.573 [main] DEBUG org.apache.poi.openxml4j.opc.PackageRelationshipCollection - Parsing relationship: /xl/_rels/workbook.xml.rels
15:54:29.574 [main] DEBUG org.apache.poi.openxml4j.opc.PackageRelationshipCollection - Parsing relationship: /xl/worksheets/_rels/sheet1.xml.rels
15:54:29.574 [main] DEBUG org.apache.poi.openxml4j.opc.PackageRelationshipCollection - Parsing relationship: /_rels/.rels
15:54:29.577 [main] DEBUG org.apache.poi.ooxml.POIXMLFactory - using default POIXMLDocumentPart for http://schemas.microsoft.com/office/2017/10/relationships/person
15:54:29.582 [main] DEBUG org.apache.poi.openxml4j.opc.PackageRelationshipCollection - Parsing relationship: /xl/_rels/workbook.xml.rels
15:54:29.582 [main] DEBUG org.apache.poi.openxml4j.opc.PackageRelationshipCollection - Parsing relationship: /xl/worksheets/_rels/sheet1.xml.rels
15:54:29.583 [main] DEBUG org.apache.poi.openxml4j.opc.PackageRelationshipCollection - Parsing relationship: /_rels/.rels
15:54:29.585 [main] DEBUG org.apache.poi.ooxml.POIXMLFactory - using default POIXMLDocumentPart for http://schemas.microsoft.com/office/2017/10/relationships/person
15:54:29.589 [main] DEBUG org.apache.poi.openxml4j.opc.PackageRelationshipCollection - Parsing relationship: /xl/_rels/workbook.xml.rels
15:54:29.589 [main] DEBUG org.apache.poi.openxml4j.opc.PackageRelationshipCollection - Parsing relationship: /xl/worksheets/_rels/sheet1.xml.rels
15:54:29.589 [main] DEBUG org.apache.poi.openxml4j.opc.PackageRelationshipCollection - Parsing relationship: /_rels/.rels
15:54:29.592 [main] DEBUG org.apache.poi.ooxml.POIXMLFactory - using default POIXMLDocumentPart for http://schemas.microsoft.com/office/2017/10/relationships/person
15:54:29.597 [main] DEBUG org.apache.poi.openxml4j.opc.PackageRelationshipCollection - Parsing relationship: /xl/_rels/workbook.xml.rels
15:54:29.597 [main] DEBUG org.apache.poi.openxml4j.opc.PackageRelationshipCollection - Parsing relationship: /xl/worksheets/_rels/sheet1.xml.rels
15:54:29.597 [main] DEBUG org.apache.poi.openxml4j.opc.PackageRelationshipCollection - Parsing relationship: /_rels/.rels
15:54:29.599 [main] DEBUG org.apache.poi.ooxml.POIXMLFactory - using default POIXMLDocumentPart for http://schemas.microsoft.com/office/2017/10/relationships/person
15:54:29.603 [main] DEBUG org.apache.poi.openxml4j.opc.PackageRelationshipCollection - Parsing relationship: /xl/_rels/workbook.xml.rels
15:54:29.603 [main] DEBUG org.apache.poi.openxml4j.opc.PackageRelationshipCollection - Parsing relationship: /xl/worksheets/_rels/sheet1.xml.rels
15:54:29.603 [main] DEBUG org.apache.poi.openxml4j.opc.PackageRelationshipCollection - Parsing relationship: /_rels/.rels
15:54:29.605 [main] DEBUG org.apache.poi.ooxml.POIXMLFactory - using default POIXMLDocumentPart for http://schemas.microsoft.com/office/2017/10/relationships/person
15:54:29.610 [main] DEBUG org.apache.poi.openxml4j.opc.PackageRelationshipCollection - Parsing relationship: /xl/_rels/workbook.xml.rels
15:54:29.611 [main] DEBUG org.apache.poi.openxml4j.opc.PackageRelationshipCollection - Parsing relationship: /xl/worksheets/_rels/sheet1.xml.rels
15:54:29.611 [main] DEBUG org.apache.poi.openxml4j.opc.PackageRelationshipCollection - Parsing relationship: /_rels/.rels
15:54:29.613 [main] DEBUG org.apache.poi.ooxml.POIXMLFactory - using default POIXMLDocumentPart for http://schemas.microsoft.com/office/2017/10/relationships/person
15:54:29.617 [main] DEBUG org.apache.poi.openxml4j.opc.PackageRelationshipCollection - Parsing relationship: /xl/_rels/workbook.xml.rels
15:54:29.618 [main] DEBUG org.apache.poi.openxml4j.opc.PackageRelationshipCollection - Parsing relationship: /xl/worksheets/_rels/sheet1.xml.rels
15:54:29.618 [main] DEBUG org.apache.poi.openxml4j.opc.PackageRelationshipCollection - Parsing relationship: /_rels/.rels
15:54:29.620 [main] DEBUG org.apache.poi.ooxml.POIXMLFactory - using default POIXMLDocumentPart for http://schemas.microsoft.com/office/2017/10/relationships/person
15:54:29.626 [main] DEBUG org.apache.poi.openxml4j.opc.PackageRelationshipCollection - Parsing relationship: /xl/_rels/workbook.xml.rels
15:54:29.626 [main] DEBUG org.apache.poi.openxml4j.opc.PackageRelationshipCollection - Parsing relationship: /xl/worksheets/_rels/sheet1.xml.rels
15:54:29.627 [main] DEBUG org.apache.poi.openxml4j.opc.PackageRelationshipCollection - Parsing relationship: /_rels/.rels
15:54:29.629 [main] DEBUG org.apache.poi.ooxml.POIXMLFactory - using default POIXMLDocumentPart for http://schemas.microsoft.com/office/2017/10/relationships/person
15:54:29.633 [main] DEBUG org.apache.poi.openxml4j.opc.PackageRelationshipCollection - Parsing relationship: /xl/_rels/workbook.xml.rels
15:54:29.633 [main] DEBUG org.apache.poi.openxml4j.opc.PackageRelationshipCollection - Parsing relationship: /xl/worksheets/_rels/sheet1.xml.rels
15:54:29.634 [main] DEBUG org.apache.poi.openxml4j.opc.PackageRelationshipCollection - Parsing relationship: /_rels/.rels
15:54:29.636 [main] DEBUG org.apache.poi.ooxml.POIXMLFactory - using default POIXMLDocumentPart for http://schemas.microsoft.com/office/2017/10/relationships/person
15:54:29.643 [main] DEBUG org.apache.poi.openxml4j.opc.PackageRelationshipCollection - Parsing relationship: /xl/_rels/workbook.xml.rels
15:54:29.644 [main] DEBUG org.apache.poi.openxml4j.opc.PackageRelationshipCollection - Parsing relationship: /xl/worksheets/_rels/sheet1.xml.rels
15:54:29.644 [main] DEBUG org.apache.poi.openxml4j.opc.PackageRelationshipCollection - Parsing relationship: /_rels/.rels
15:54:29.646 [main] DEBUG org.apache.poi.ooxml.POIXMLFactory - using default POIXMLDocumentPart for http://schemas.microsoft.com/office/2017/10/relationships/person
15:54:29.650 [main] DEBUG org.apache.poi.openxml4j.opc.PackageRelationshipCollection - Parsing relationship: /xl/_rels/workbook.xml.rels
15:54:29.651 [main] DEBUG org.apache.poi.openxml4j.opc.PackageRelationshipCollection - Parsing relationship: /xl/worksheets/_rels/sheet1.xml.rels
15:54:29.651 [main] DEBUG org.apache.poi.openxml4j.opc.PackageRelationshipCollection - Parsing relationship: /_rels/.rels
15:54:29.653 [main] DEBUG org.apache.poi.ooxml.POIXMLFactory - using default POIXMLDocumentPart for http://schemas.microsoft.com/office/2017/10/relationships/person
15:54:29.657 [main] DEBUG org.apache.poi.openxml4j.opc.PackageRelationshipCollection - Parsing relationship: /xl/_rels/workbook.xml.rels
15:54:29.658 [main] DEBUG org.apache.poi.openxml4j.opc.PackageRelationshipCollection - Parsing relationship: /xl/worksheets/_rels/sheet1.xml.rels
15:54:29.659 [main] DEBUG org.apache.poi.openxml4j.opc.PackageRelationshipCollection - Parsing relationship: /_rels/.rels
15:54:29.661 [main] DEBUG org.apache.poi.ooxml.POIXMLFactory - using default POIXMLDocumentPart for http://schemas.microsoft.com/office/2017/10/relationships/person
15:54:29.665 [main] DEBUG org.apache.poi.openxml4j.opc.PackageRelationshipCollection - Parsing relationship: /xl/_rels/workbook.xml.rels
15:54:29.666 [main] DEBUG org.apache.poi.openxml4j.opc.PackageRelationshipCollection - Parsing relationship: /xl/worksheets/_rels/sheet1.xml.rels
15:54:29.666 [main] DEBUG org.apache.poi.openxml4j.opc.PackageRelationshipCollection - Parsing relationship: /_rels/.rels
15:54:29.668 [main] DEBUG org.apache.poi.ooxml.POIXMLFactory - using default POIXMLDocumentPart for http://schemas.microsoft.com/office/2017/10/relationships/person
15:54:29.672 [main] DEBUG org.apache.poi.openxml4j.opc.PackageRelationshipCollection - Parsing relationship: /xl/_rels/workbook.xml.rels
15:54:29.672 [main] DEBUG org.apache.poi.openxml4j.opc.PackageRelationshipCollection - Parsing relationship: /xl/worksheets/_rels/sheet1.xml.rels
15:54:29.672 [main] DEBUG org.apache.poi.openxml4j.opc.PackageRelationshipCollection - Parsing relationship: /_rels/.rels
15:54:29.675 [main] DEBUG org.apache.poi.ooxml.POIXMLFactory - using default POIXMLDocumentPart for http://schemas.microsoft.com/office/2017/10/relationships/person
15:54:29.680 [main] DEBUG org.apache.poi.openxml4j.opc.PackageRelationshipCollection - Parsing relationship: /xl/_rels/workbook.xml.rels
15:54:29.680 [main] DEBUG org.apache.poi.openxml4j.opc.PackageRelationshipCollection - Parsing relationship: /xl/worksheets/_rels/sheet1.xml.rels
15:54:29.680 [main] DEBUG org.apache.poi.openxml4j.opc.PackageRelationshipCollection - Parsing relationship: /_rels/.rels
15:54:29.682 [main] DEBUG org.apache.poi.ooxml.POIXMLFactory - using default POIXMLDocumentPart for http://schemas.microsoft.com/office/2017/10/relationships/person
15:54:29.689 [main] DEBUG org.apache.poi.openxml4j.opc.PackageRelationshipCollection - Parsing relationship: /xl/_rels/workbook.xml.rels
15:54:29.689 [main] DEBUG org.apache.poi.openxml4j.opc.PackageRelationshipCollection - Parsing relationship: /xl/worksheets/_rels/sheet1.xml.rels
15:54:29.689 [main] DEBUG org.apache.poi.openxml4j.opc.PackageRelationshipCollection - Parsing relationship: /_rels/.rels
15:54:29.693 [main] DEBUG org.apache.poi.ooxml.POIXMLFactory - using default POIXMLDocumentPart for http://schemas.microsoft.com/office/2017/10/relationships/person
15:54:29.697 [main] DEBUG org.apache.poi.openxml4j.opc.PackageRelationshipCollection - Parsing relationship: /xl/_rels/workbook.xml.rels
15:54:29.698 [main] DEBUG org.apache.poi.openxml4j.opc.PackageRelationshipCollection - Parsing relationship: /xl/worksheets/_rels/sheet1.xml.rels
15:54:29.698 [main] DEBUG org.apache.poi.openxml4j.opc.PackageRelationshipCollection - Parsing relationship: /_rels/.rels
15:54:29.700 [main] DEBUG org.apache.poi.ooxml.POIXMLFactory - using default POIXMLDocumentPart for http://schemas.microsoft.com/office/2017/10/relationships/person
15:54:29.704 [main] DEBUG org.apache.poi.openxml4j.opc.PackageRelationshipCollection - Parsing relationship: /xl/_rels/workbook.xml.rels
15:54:29.705 [main] DEBUG org.apache.poi.openxml4j.opc.PackageRelationshipCollection - Parsing relationship: /xl/worksheets/_rels/sheet1.xml.rels
15:54:29.705 [main] DEBUG org.apache.poi.openxml4j.opc.PackageRelationshipCollection - Parsing relationship: /_rels/.rels
15:54:29.707 [main] DEBUG org.apache.poi.ooxml.POIXMLFactory - using default POIXMLDocumentPart for http://schemas.microsoft.com/office/2017/10/relationships/person
15:54:29.712 [main] DEBUG org.apache.poi.openxml4j.opc.PackageRelationshipCollection - Parsing relationship: /xl/_rels/workbook.xml.rels
15:54:29.713 [main] DEBUG org.apache.poi.openxml4j.opc.PackageRelationshipCollection - Parsing relationship: /xl/worksheets/_rels/sheet1.xml.rels
15:54:29.713 [main] DEBUG org.apache.poi.openxml4j.opc.PackageRelationshipCollection - Parsing relationship: /_rels/.rels
15:54:29.715 [main] DEBUG org.apache.poi.ooxml.POIXMLFactory - using default POIXMLDocumentPart for http://schemas.microsoft.com/office/2017/10/relationships/person
15:54:29.719 [main] DEBUG org.apache.poi.openxml4j.opc.PackageRelationshipCollection - Parsing relationship: /xl/_rels/workbook.xml.rels
15:54:29.720 [main] DEBUG org.apache.poi.openxml4j.opc.PackageRelationshipCollection - Parsing relationship: /xl/worksheets/_rels/sheet1.xml.rels
15:54:29.720 [main] DEBUG org.apache.poi.openxml4j.opc.PackageRelationshipCollection - Parsing relationship: /_rels/.rels
15:54:29.722 [main] DEBUG org.apache.poi.ooxml.POIXMLFactory - using default POIXMLDocumentPart for http://schemas.microsoft.com/office/2017/10/relationships/person
15:54:29.728 [main] DEBUG org.apache.poi.openxml4j.opc.PackageRelationshipCollection - Parsing relationship: /xl/_rels/workbook.xml.rels
15:54:29.728 [main] DEBUG org.apache.poi.openxml4j.opc.PackageRelationshipCollection - Parsing relationship: /xl/worksheets/_rels/sheet1.xml.rels
15:54:29.728 [main] DEBUG org.apache.poi.openxml4j.opc.PackageRelationshipCollection - Parsing relationship: /_rels/.rels
15:54:29.730 [main] DEBUG org.apache.poi.ooxml.POIXMLFactory - using default POIXMLDocumentPart for http://schemas.microsoft.com/office/2017/10/relationships/person
15:54:29.735 [main] DEBUG org.apache.poi.openxml4j.opc.PackageRelationshipCollection - Parsing relationship: /xl/_rels/workbook.xml.rels
15:54:29.735 [main] DEBUG org.apache.poi.openxml4j.opc.PackageRelationshipCollection - Parsing relationship: /xl/worksheets/_rels/sheet1.xml.rels
15:54:29.736 [main] DEBUG org.apache.poi.openxml4j.opc.PackageRelationshipCollection - Parsing relationship: /_rels/.rels
15:54:29.738 [main] DEBUG org.apache.poi.ooxml.POIXMLFactory - using default POIXMLDocumentPart for http://schemas.microsoft.com/office/2017/10/relationships/person
15:54:29.744 [main] DEBUG org.apache.poi.openxml4j.opc.PackageRelationshipCollection - Parsing relationship: /xl/_rels/workbook.xml.rels
15:54:29.744 [main] DEBUG org.apache.poi.openxml4j.opc.PackageRelationshipCollection - Parsing relationship: /xl/worksheets/_rels/sheet1.xml.rels
15:54:29.744 [main] DEBUG org.apache.poi.openxml4j.opc.PackageRelationshipCollection - Parsing relationship: /_rels/.rels
15:54:29.746 [main] DEBUG org.apache.poi.ooxml.POIXMLFactory - using default POIXMLDocumentPart for http://schemas.microsoft.com/office/2017/10/relationships/person
15:54:29.752 [main] DEBUG org.apache.poi.openxml4j.opc.PackageRelationshipCollection - Parsing relationship: /xl/_rels/workbook.xml.rels
15:54:29.752 [main] DEBUG org.apache.poi.openxml4j.opc.PackageRelationshipCollection - Parsing relationship: /xl/worksheets/_rels/sheet1.xml.rels
15:54:29.753 [main] DEBUG org.apache.poi.openxml4j.opc.PackageRelationshipCollection - Parsing relationship: /_rels/.rels
15:54:29.755 [main] DEBUG org.apache.poi.ooxml.POIXMLFactory - using default POIXMLDocumentPart for http://schemas.microsoft.com/office/2017/10/relationships/person
15:54:29.763 [main] DEBUG org.apache.poi.openxml4j.opc.PackageRelationshipCollection - Parsing relationship: /xl/_rels/workbook.xml.rels
15:54:29.763 [main] DEBUG org.apache.poi.openxml4j.opc.PackageRelationshipCollection - Parsing relationship: /xl/worksheets/_rels/sheet1.xml.rels
15:54:29.763 [main] DEBUG org.apache.poi.openxml4j.opc.PackageRelationshipCollection - Parsing relationship: /_rels/.rels
15:54:29.766 [main] DEBUG org.apache.poi.ooxml.POIXMLFactory - using default POIXMLDocumentPart for http://schemas.microsoft.com/office/2017/10/relationships/person
15:54:29.772 [main] DEBUG org.apache.poi.openxml4j.opc.PackageRelationshipCollection - Parsing relationship: /xl/_rels/workbook.xml.rels
15:54:29.772 [main] DEBUG org.apache.poi.openxml4j.opc.PackageRelationshipCollection - Parsing relationship: /xl/worksheets/_rels/sheet1.xml.rels
15:54:29.772 [main] DEBUG org.apache.poi.openxml4j.opc.PackageRelationshipCollection - Parsing relationship: /_rels/.rels
15:54:29.776 [main] DEBUG org.apache.poi.ooxml.POIXMLFactory - using default POIXMLDocumentPart for http://schemas.microsoft.com/office/2017/10/relationships/person
15:54:29.782 [main] DEBUG org.apache.poi.openxml4j.opc.PackageRelationshipCollection - Parsing relationship: /xl/_rels/workbook.xml.rels
15:54:29.782 [main] DEBUG org.apache.poi.openxml4j.opc.PackageRelationshipCollection - Parsing relationship: /xl/worksheets/_rels/sheet1.xml.rels
15:54:29.783 [main] DEBUG org.apache.poi.openxml4j.opc.PackageRelationshipCollection - Parsing relationship: /_rels/.rels
15:54:29.785 [main] DEBUG org.apache.poi.ooxml.POIXMLFactory - using default POIXMLDocumentPart for http://schemas.microsoft.com/office/2017/10/relationships/person
15:54:29.790 [main] DEBUG org.apache.poi.openxml4j.opc.PackageRelationshipCollection - Parsing relationship: /xl/_rels/workbook.xml.rels
15:54:29.790 [main] DEBUG org.apache.poi.openxml4j.opc.PackageRelationshipCollection - Parsing relationship: /xl/worksheets/_rels/sheet1.xml.rels
15:54:29.790 [main] DEBUG org.apache.poi.openxml4j.opc.PackageRelationshipCollection - Parsing relationship: /_rels/.rels
15:54:29.793 [main] DEBUG org.apache.poi.ooxml.POIXMLFactory - using default POIXMLDocumentPart for http://schemas.microsoft.com/office/2017/10/relationships/person
15:54:29.798 [main] DEBUG org.apache.poi.openxml4j.opc.PackageRelationshipCollection - Parsing relationship: /xl/_rels/workbook.xml.rels
15:54:29.798 [main] DEBUG org.apache.poi.openxml4j.opc.PackageRelationshipCollection - Parsing relationship: /xl/worksheets/_rels/sheet1.xml.rels
15:54:29.798 [main] DEBUG org.apache.poi.openxml4j.opc.PackageRelationshipCollection - Parsing relationship: /_rels/.rels
15:54:29.800 [main] DEBUG org.apache.poi.ooxml.POIXMLFactory - using default POIXMLDocumentPart for http://schemas.microsoft.com/office/2017/10/relationships/person
15:54:29.805 [main] DEBUG org.apache.poi.openxml4j.opc.PackageRelationshipCollection - Parsing relationship: /xl/_rels/workbook.xml.rels
15:54:29.805 [main] DEBUG org.apache.poi.openxml4j.opc.PackageRelationshipCollection - Parsing relationship: /xl/worksheets/_rels/sheet1.xml.rels
15:54:29.805 [main] DEBUG org.apache.poi.openxml4j.opc.PackageRelationshipCollection - Parsing relationship: /_rels/.rels
15:54:29.807 [main] DEBUG org.apache.poi.ooxml.POIXMLFactory - using default POIXMLDocumentPart for http://schemas.microsoft.com/office/2017/10/relationships/person
15:54:29.812 [main] DEBUG org.apache.poi.openxml4j.opc.PackageRelationshipCollection - Parsing relationship: /xl/_rels/workbook.xml.rels
15:54:29.812 [main] DEBUG org.apache.poi.openxml4j.opc.PackageRelationshipCollection - Parsing relationship: /xl/worksheets/_rels/sheet1.xml.rels
15:54:29.813 [main] DEBUG org.apache.poi.openxml4j.opc.PackageRelationshipCollection - Parsing relationship: /_rels/.rels
15:54:29.815 [main] DEBUG org.apache.poi.ooxml.POIXMLFactory - using default POIXMLDocumentPart for http://schemas.microsoft.com/office/2017/10/relationships/person
15:54:29.820 [main] DEBUG org.apache.poi.openxml4j.opc.PackageRelationshipCollection - Parsing relationship: /xl/_rels/workbook.xml.rels
15:54:29.820 [main] DEBUG org.apache.poi.openxml4j.opc.PackageRelationshipCollection - Parsing relationship: /xl/worksheets/_rels/sheet1.xml.rels
15:54:29.820 [main] DEBUG org.apache.poi.openxml4j.opc.PackageRelationshipCollection - Parsing relationship: /_rels/.rels
15:54:29.822 [main] DEBUG org.apache.poi.ooxml.POIXMLFactory - using default POIXMLDocumentPart for http://schemas.microsoft.com/office/2017/10/relationships/person
15:54:29.828 [main] DEBUG org.apache.poi.openxml4j.opc.PackageRelationshipCollection - Parsing relationship: /xl/_rels/workbook.xml.rels
15:54:29.828 [main] DEBUG org.apache.poi.openxml4j.opc.PackageRelationshipCollection - Parsing relationship: /xl/worksheets/_rels/sheet1.xml.rels
15:54:29.828 [main] DEBUG org.apache.poi.openxml4j.opc.PackageRelationshipCollection - Parsing relationship: /_rels/.rels
15:54:29.831 [main] DEBUG org.apache.poi.ooxml.POIXMLFactory - using default POIXMLDocumentPart for http://schemas.microsoft.com/office/2017/10/relationships/person
15:54:29.837 [main] DEBUG org.apache.poi.openxml4j.opc.PackageRelationshipCollection - Parsing relationship: /xl/_rels/workbook.xml.rels
15:54:29.837 [main] DEBUG org.apache.poi.openxml4j.opc.PackageRelationshipCollection - Parsing relationship: /xl/worksheets/_rels/sheet1.xml.rels
15:54:29.838 [main] DEBUG org.apache.poi.openxml4j.opc.PackageRelationshipCollection - Parsing relationship: /_rels/.rels
15:54:29.840 [main] DEBUG org.apache.poi.ooxml.POIXMLFactory - using default POIXMLDocumentPart for http://schemas.microsoft.com/office/2017/10/relationships/person
15:54:29.846 [main] DEBUG org.apache.poi.openxml4j.opc.PackageRelationshipCollection - Parsing relationship: /xl/_rels/workbook.xml.rels
15:54:29.846 [main] DEBUG org.apache.poi.openxml4j.opc.PackageRelationshipCollection - Parsing relationship: /xl/worksheets/_rels/sheet1.xml.rels
15:54:29.846 [main] DEBUG org.apache.poi.openxml4j.opc.PackageRelationshipCollection - Parsing relationship: /_rels/.rels
15:54:29.848 [main] DEBUG org.apache.poi.ooxml.POIXMLFactory - using default POIXMLDocumentPart for http://schemas.microsoft.com/office/2017/10/relationships/person
15:54:29.853 [main] DEBUG org.apache.poi.openxml4j.opc.PackageRelationshipCollection - Parsing relationship: /xl/_rels/workbook.xml.rels
15:54:29.853 [main] DEBUG org.apache.poi.openxml4j.opc.PackageRelationshipCollection - Parsing relationship: /xl/worksheets/_rels/sheet1.xml.rels
15:54:29.853 [main] DEBUG org.apache.poi.openxml4j.opc.PackageRelationshipCollection - Parsing relationship: /_rels/.rels
15:54:29.855 [main] DEBUG org.apache.poi.ooxml.POIXMLFactory - using default POIXMLDocumentPart for http://schemas.microsoft.com/office/2017/10/relationships/person
15:54:29.862 [main] DEBUG org.apache.poi.openxml4j.opc.PackageRelationshipCollection - Parsing relationship: /xl/_rels/workbook.xml.rels
15:54:29.863 [main] DEBUG org.apache.poi.openxml4j.opc.PackageRelationshipCollection - Parsing relationship: /xl/worksheets/_rels/sheet1.xml.rels
15:54:29.863 [main] DEBUG org.apache.poi.openxml4j.opc.PackageRelationshipCollection - Parsing relationship: /_rels/.rels
15:54:29.865 [main] DEBUG org.apache.poi.ooxml.POIXMLFactory - using default POIXMLDocumentPart for http://schemas.microsoft.com/office/2017/10/relationships/person
15:54:29.869 [main] DEBUG org.apache.poi.openxml4j.opc.PackageRelationshipCollection - Parsing relationship: /xl/_rels/workbook.xml.rels
15:54:29.870 [main] DEBUG org.apache.poi.openxml4j.opc.PackageRelationshipCollection - Parsing relationship: /xl/worksheets/_rels/sheet1.xml.rels
15:54:29.870 [main] DEBUG org.apache.poi.openxml4j.opc.PackageRelationshipCollection - Parsing relationship: /_rels/.rels
15:54:29.872 [main] DEBUG org.apache.poi.ooxml.POIXMLFactory - using default POIXMLDocumentPart for http://schemas.microsoft.com/office/2017/10/relationships/person
15:54:29.877 [main] DEBUG org.apache.poi.openxml4j.opc.PackageRelationshipCollection - Parsing relationship: /xl/_rels/workbook.xml.rels
15:54:29.877 [main] DEBUG org.apache.poi.openxml4j.opc.PackageRelationshipCollection - Parsing relationship: /xl/worksheets/_rels/sheet1.xml.rels
15:54:29.877 [main] DEBUG org.apache.poi.openxml4j.opc.PackageRelationshipCollection - Parsing relationship: /_rels/.rels
15:54:29.879 [main] DEBUG org.apache.poi.ooxml.POIXMLFactory - using default POIXMLDocumentPart for http://schemas.microsoft.com/office/2017/10/relationships/person
15:54:29.883 [main] DEBUG org.apache.poi.openxml4j.opc.PackageRelationshipCollection - Parsing relationship: /xl/_rels/workbook.xml.rels
15:54:29.883 [main] DEBUG org.apache.poi.openxml4j.opc.PackageRelationshipCollection - Parsing relationship: /xl/worksheets/_rels/sheet1.xml.rels
15:54:29.883 [main] DEBUG org.apache.poi.openxml4j.opc.PackageRelationshipCollection - Parsing relationship: /_rels/.rels
15:54:29.885 [main] DEBUG org.apache.poi.ooxml.POIXMLFactory - using default POIXMLDocumentPart for http://schemas.microsoft.com/office/2017/10/relationships/person
15:54:29.889 [main] DEBUG org.apache.poi.openxml4j.opc.PackageRelationshipCollection - Parsing relationship: /xl/_rels/workbook.xml.rels
15:54:29.889 [main] DEBUG org.apache.poi.openxml4j.opc.PackageRelationshipCollection - Parsing relationship: /xl/worksheets/_rels/sheet1.xml.rels
15:54:29.890 [main] DEBUG org.apache.poi.openxml4j.opc.PackageRelationshipCollection - Parsing relationship: /_rels/.rels
15:54:29.892 [main] DEBUG org.apache.poi.ooxml.POIXMLFactory - using default POIXMLDocumentPart for http://schemas.microsoft.com/office/2017/10/relationships/person
15:54:29.897 [main] DEBUG org.apache.poi.openxml4j.opc.PackageRelationshipCollection - Parsing relationship: /xl/_rels/workbook.xml.rels
15:54:29.897 [main] DEBUG org.apache.poi.openxml4j.opc.PackageRelationshipCollection - Parsing relationship: /xl/worksheets/_rels/sheet1.xml.rels
15:54:29.897 [main] DEBUG org.apache.poi.openxml4j.opc.PackageRelationshipCollection - Parsing relationship: /_rels/.rels
15:54:29.899 [main] DEBUG org.apache.poi.ooxml.POIXMLFactory - using default POIXMLDocumentPart for http://schemas.microsoft.com/office/2017/10/relationships/person
15:54:29.905 [main] DEBUG org.apache.poi.openxml4j.opc.PackageRelationshipCollection - Parsing relationship: /xl/_rels/workbook.xml.rels
15:54:29.905 [main] DEBUG org.apache.poi.openxml4j.opc.PackageRelationshipCollection - Parsing relationship: /xl/worksheets/_rels/sheet1.xml.rels
15:54:29.905 [main] DEBUG org.apache.poi.openxml4j.opc.PackageRelationshipCollection - Parsing relationship: /_rels/.rels
15:54:29.907 [main] DEBUG org.apache.poi.ooxml.POIXMLFactory - using default POIXMLDocumentPart for http://schemas.microsoft.com/office/2017/10/relationships/person
15:54:29.913 [main] DEBUG org.apache.poi.openxml4j.opc.PackageRelationshipCollection - Parsing relationship: /xl/_rels/workbook.xml.rels
15:54:29.913 [main] DEBUG org.apache.poi.openxml4j.opc.PackageRelationshipCollection - Parsing relationship: /xl/worksheets/_rels/sheet1.xml.rels
15:54:29.913 [main] DEBUG org.apache.poi.openxml4j.opc.PackageRelationshipCollection - Parsing relationship: /_rels/.rels
15:54:29.915 [main] DEBUG org.apache.poi.ooxml.POIXMLFactory - using default POIXMLDocumentPart for http://schemas.microsoft.com/office/2017/10/relationships/person
15:54:29.920 [main] DEBUG org.apache.poi.openxml4j.opc.PackageRelationshipCollection - Parsing relationship: /xl/_rels/workbook.xml.rels
15:54:29.920 [main] DEBUG org.apache.poi.openxml4j.opc.PackageRelationshipCollection - Parsing relationship: /xl/worksheets/_rels/sheet1.xml.rels
15:54:29.920 [main] DEBUG org.apache.poi.openxml4j.opc.PackageRelationshipCollection - Parsing relationship: /_rels/.rels
15:54:29.923 [main] DEBUG org.apache.poi.ooxml.POIXMLFactory - using default POIXMLDocumentPart for http://schemas.microsoft.com/office/2017/10/relationships/person
15:54:29.930 [main] DEBUG org.apache.poi.openxml4j.opc.PackageRelationshipCollection - Parsing relationship: /xl/_rels/workbook.xml.rels
15:54:29.931 [main] DEBUG org.apache.poi.openxml4j.opc.PackageRelationshipCollection - Parsing relationship: /xl/worksheets/_rels/sheet1.xml.rels
15:54:29.931 [main] DEBUG org.apache.poi.openxml4j.opc.PackageRelationshipCollection - Parsing relationship: /_rels/.rels
15:54:29.933 [main] DEBUG org.apache.poi.ooxml.POIXMLFactory - using default POIXMLDocumentPart for http://schemas.microsoft.com/office/2017/10/relationships/person
15:54:29.938 [main] DEBUG org.apache.poi.openxml4j.opc.PackageRelationshipCollection - Parsing relationship: /xl/_rels/workbook.xml.rels
15:54:29.938 [main] DEBUG org.apache.poi.openxml4j.opc.PackageRelationshipCollection - Parsing relationship: /xl/worksheets/_rels/sheet1.xml.rels
15:54:29.938 [main] DEBUG org.apache.poi.openxml4j.opc.PackageRelationshipCollection - Parsing relationship: /_rels/.rels
15:54:29.940 [main] DEBUG org.apache.poi.ooxml.POIXMLFactory - using default POIXMLDocumentPart for http://schemas.microsoft.com/office/2017/10/relationships/person
15:54:29.946 [main] DEBUG org.apache.poi.openxml4j.opc.PackageRelationshipCollection - Parsing relationship: /xl/_rels/workbook.xml.rels
15:54:29.946 [main] DEBUG org.apache.poi.openxml4j.opc.PackageRelationshipCollection - Parsing relationship: /xl/worksheets/_rels/sheet1.xml.rels
15:54:29.946 [main] DEBUG org.apache.poi.openxml4j.opc.PackageRelationshipCollection - Parsing relationship: /_rels/.rels
15:54:29.949 [main] DEBUG org.apache.poi.ooxml.POIXMLFactory - using default POIXMLDocumentPart for http://schemas.microsoft.com/office/2017/10/relationships/person
15:54:29.953 [main] DEBUG org.apache.poi.openxml4j.opc.PackageRelationshipCollection - Parsing relationship: /xl/_rels/workbook.xml.rels
15:54:29.954 [main] DEBUG org.apache.poi.openxml4j.opc.PackageRelationshipCollection - Parsing relationship: /xl/worksheets/_rels/sheet1.xml.rels
15:54:29.954 [main] DEBUG org.apache.poi.openxml4j.opc.PackageRelationshipCollection - Parsing relationship: /_rels/.rels
15:54:29.956 [main] DEBUG org.apache.poi.ooxml.POIXMLFactory - using default POIXMLDocumentPart for http://schemas.microsoft.com/office/2017/10/relationships/person
15:54:29.962 [main] DEBUG org.apache.poi.openxml4j.opc.PackageRelationshipCollection - Parsing relationship: /xl/_rels/workbook.xml.rels
15:54:29.962 [main] DEBUG org.apache.poi.openxml4j.opc.PackageRelationshipCollection - Parsing relationship: /xl/worksheets/_rels/sheet1.xml.rels
15:54:29.962 [main] DEBUG org.apache.poi.openxml4j.opc.PackageRelationshipCollection - Parsing relationship: /_rels/.rels
15:54:29.965 [main] DEBUG org.apache.poi.ooxml.POIXMLFactory - using default POIXMLDocumentPart for http://schemas.microsoft.com/office/2017/10/relationships/person
15:54:29.970 [main] DEBUG org.apache.poi.openxml4j.opc.PackageRelationshipCollection - Parsing relationship: /xl/_rels/workbook.xml.rels
15:54:29.970 [main] DEBUG org.apache.poi.openxml4j.opc.PackageRelationshipCollection - Parsing relationship: /xl/worksheets/_rels/sheet1.xml.rels
15:54:29.970 [main] DEBUG org.apache.poi.openxml4j.opc.PackageRelationshipCollection - Parsing relationship: /_rels/.rels
15:54:29.973 [main] DEBUG org.apache.poi.ooxml.POIXMLFactory - using default POIXMLDocumentPart for http://schemas.microsoft.com/office/2017/10/relationships/person
15:54:29.979 [main] DEBUG org.apache.poi.openxml4j.opc.PackageRelationshipCollection - Parsing relationship: /xl/_rels/workbook.xml.rels
15:54:29.980 [main] DEBUG org.apache.poi.openxml4j.opc.PackageRelationshipCollection - Parsing relationship: /xl/worksheets/_rels/sheet1.xml.rels
15:54:29.980 [main] DEBUG org.apache.poi.openxml4j.opc.PackageRelationshipCollection - Parsing relationship: /_rels/.rels
15:54:29.982 [main] DEBUG org.apache.poi.ooxml.POIXMLFactory - using default POIXMLDocumentPart for http://schemas.microsoft.com/office/2017/10/relationships/person
15:54:29.987 [main] DEBUG org.apache.poi.openxml4j.opc.PackageRelationshipCollection - Parsing relationship: /xl/_rels/workbook.xml.rels
15:54:29.987 [main] DEBUG org.apache.poi.openxml4j.opc.PackageRelationshipCollection - Parsing relationship: /xl/worksheets/_rels/sheet1.xml.rels
15:54:29.987 [main] DEBUG org.apache.poi.openxml4j.opc.PackageRelationshipCollection - Parsing relationship: /_rels/.rels
15:54:29.989 [main] DEBUG org.apache.poi.ooxml.POIXMLFactory - using default POIXMLDocumentPart for http://schemas.microsoft.com/office/2017/10/relationships/person
15:54:29.995 [main] DEBUG org.apache.poi.openxml4j.opc.PackageRelationshipCollection - Parsing relationship: /xl/_rels/workbook.xml.rels
15:54:29.995 [main] DEBUG org.apache.poi.openxml4j.opc.PackageRelationshipCollection - Parsing relationship: /xl/worksheets/_rels/sheet1.xml.rels
15:54:29.995 [main] DEBUG org.apache.poi.openxml4j.opc.PackageRelationshipCollection - Parsing relationship: /_rels/.rels
15:54:29.997 [main] DEBUG org.apache.poi.ooxml.POIXMLFactory - using default POIXMLDocumentPart for http://schemas.microsoft.com/office/2017/10/relationships/person
15:54:30.002 [main] DEBUG org.apache.poi.openxml4j.opc.PackageRelationshipCollection - Parsing relationship: /xl/_rels/workbook.xml.rels
15:54:30.002 [main] DEBUG org.apache.poi.openxml4j.opc.PackageRelationshipCollection - Parsing relationship: /xl/worksheets/_rels/sheet1.xml.rels
15:54:30.002 [main] DEBUG org.apache.poi.openxml4j.opc.PackageRelationshipCollection - Parsing relationship: /_rels/.rels
15:54:30.005 [main] DEBUG org.apache.poi.ooxml.POIXMLFactory - using default POIXMLDocumentPart for http://schemas.microsoft.com/office/2017/10/relationships/person
15:54:30.012 [main] DEBUG org.apache.poi.openxml4j.opc.PackageRelationshipCollection - Parsing relationship: /xl/_rels/workbook.xml.rels
15:54:30.012 [main] DEBUG org.apache.poi.openxml4j.opc.PackageRelationshipCollection - Parsing relationship: /xl/worksheets/_rels/sheet1.xml.rels
15:54:30.012 [main] DEBUG org.apache.poi.openxml4j.opc.PackageRelationshipCollection - Parsing relationship: /_rels/.rels
15:54:30.014 [main] DEBUG org.apache.poi.ooxml.POIXMLFactory - using default POIXMLDocumentPart for http://schemas.microsoft.com/office/2017/10/relationships/person
15:54:30.020 [main] DEBUG org.apache.poi.openxml4j.opc.PackageRelationshipCollection - Parsing relationship: /xl/_rels/workbook.xml.rels
15:54:30.020 [main] DEBUG org.apache.poi.openxml4j.opc.PackageRelationshipCollection - Parsing relationship: /xl/worksheets/_rels/sheet1.xml.rels
15:54:30.020 [main] DEBUG org.apache.poi.openxml4j.opc.PackageRelationshipCollection - Parsing relationship: /_rels/.rels
15:54:30.022 [main] DEBUG org.apache.poi.ooxml.POIXMLFactory - using default POIXMLDocumentPart for http://schemas.microsoft.com/office/2017/10/relationships/person
15:54:30.028 [main] DEBUG org.apache.poi.openxml4j.opc.PackageRelationshipCollection - Parsing relationship: /xl/_rels/workbook.xml.rels
15:54:30.028 [main] DEBUG org.apache.poi.openxml4j.opc.PackageRelationshipCollection - Parsing relationship: /xl/worksheets/_rels/sheet1.xml.rels
15:54:30.028 [main] DEBUG org.apache.poi.openxml4j.opc.PackageRelationshipCollection - Parsing relationship: /_rels/.rels
15:54:30.030 [main] DEBUG org.apache.poi.ooxml.POIXMLFactory - using default POIXMLDocumentPart for http://schemas.microsoft.com/office/2017/10/relationships/person
15:54:30.034 [main] DEBUG org.apache.poi.openxml4j.opc.PackageRelationshipCollection - Parsing relationship: /xl/_rels/workbook.xml.rels
15:54:30.035 [main] DEBUG org.apache.poi.openxml4j.opc.PackageRelationshipCollection - Parsing relationship: /xl/worksheets/_rels/sheet1.xml.rels
15:54:30.035 [main] DEBUG org.apache.poi.openxml4j.opc.PackageRelationshipCollection - Parsing relationship: /_rels/.rels
15:54:30.037 [main] DEBUG org.apache.poi.ooxml.POIXMLFactory - using default POIXMLDocumentPart for http://schemas.microsoft.com/office/2017/10/relationships/person
15:54:30.045 [main] DEBUG org.apache.poi.openxml4j.opc.PackageRelationshipCollection - Parsing relationship: /xl/_rels/workbook.xml.rels
15:54:30.045 [main] DEBUG org.apache.poi.openxml4j.opc.PackageRelationshipCollection - Parsing relationship: /xl/worksheets/_rels/sheet1.xml.rels
15:54:30.045 [main] DEBUG org.apache.poi.openxml4j.opc.PackageRelationshipCollection - Parsing relationship: /_rels/.rels
15:54:30.048 [main] DEBUG org.apache.poi.ooxml.POIXMLFactory - using default POIXMLDocumentPart for http://schemas.microsoft.com/office/2017/10/relationships/person
15:54:30.055 [main] DEBUG org.apache.poi.openxml4j.opc.PackageRelationshipCollection - Parsing relationship: /xl/_rels/workbook.xml.rels
15:54:30.056 [main] DEBUG org.apache.poi.openxml4j.opc.PackageRelationshipCollection - Parsing relationship: /xl/worksheets/_rels/sheet1.xml.rels
15:54:30.056 [main] DEBUG org.apache.poi.openxml4j.opc.PackageRelationshipCollection - Parsing relationship: /_rels/.rels
15:54:30.060 [main] DEBUG org.apache.poi.ooxml.POIXMLFactory - using default POIXMLDocumentPart for http://schemas.microsoft.com/office/2017/10/relationships/person
15:54:30.066 [main] DEBUG org.apache.poi.openxml4j.opc.PackageRelationshipCollection - Parsing relationship: /xl/_rels/workbook.xml.rels
15:54:30.066 [main] DEBUG org.apache.poi.openxml4j.opc.PackageRelationshipCollection - Parsing relationship: /xl/worksheets/_rels/sheet1.xml.rels
15:54:30.066 [main] DEBUG org.apache.poi.openxml4j.opc.PackageRelationshipCollection - Parsing relationship: /_rels/.rels
15:54:30.070 [main] DEBUG org.apache.poi.ooxml.POIXMLFactory - using default POIXMLDocumentPart for http://schemas.microsoft.com/office/2017/10/relationships/person
15:54:30.075 [main] DEBUG org.apache.poi.openxml4j.opc.PackageRelationshipCollection - Parsing relationship: /xl/_rels/workbook.xml.rels
15:54:30.076 [main] DEBUG org.apache.poi.openxml4j.opc.PackageRelationshipCollection - Parsing relationship: /xl/worksheets/_rels/sheet1.xml.rels
15:54:30.076 [main] DEBUG org.apache.poi.openxml4j.opc.PackageRelationshipCollection - Parsing relationship: /_rels/.rels
15:54:30.078 [main] DEBUG org.apache.poi.ooxml.POIXMLFactory - using default POIXMLDocumentPart for http://schemas.microsoft.com/office/2017/10/relationships/person
15:54:30.084 [main] DEBUG org.apache.poi.openxml4j.opc.PackageRelationshipCollection - Parsing relationship: /xl/_rels/workbook.xml.rels
15:54:30.084 [main] DEBUG org.apache.poi.openxml4j.opc.PackageRelationshipCollection - Parsing relationship: /xl/worksheets/_rels/sheet1.xml.rels
15:54:30.084 [main] DEBUG org.apache.poi.openxml4j.opc.PackageRelationshipCollection - Parsing relationship: /_rels/.rels
15:54:30.087 [main] DEBUG org.apache.poi.ooxml.POIXMLFactory - using default POIXMLDocumentPart for http://schemas.microsoft.com/office/2017/10/relationships/person
15:54:30.093 [main] DEBUG org.apache.poi.openxml4j.opc.PackageRelationshipCollection - Parsing relationship: /xl/_rels/workbook.xml.rels
15:54:30.093 [main] DEBUG org.apache.poi.openxml4j.opc.PackageRelationshipCollection - Parsing relationship: /xl/worksheets/_rels/sheet1.xml.rels
15:54:30.093 [main] DEBUG org.apache.poi.openxml4j.opc.PackageRelationshipCollection - Parsing relationship: /_rels/.rels
15:54:30.096 [main] DEBUG org.apache.poi.ooxml.POIXMLFactory - using default POIXMLDocumentPart for http://schemas.microsoft.com/office/2017/10/relationships/person
15:54:30.101 [main] DEBUG org.apache.poi.openxml4j.opc.PackageRelationshipCollection - Parsing relationship: /xl/_rels/workbook.xml.rels
15:54:30.102 [main] DEBUG org.apache.poi.openxml4j.opc.PackageRelationshipCollection - Parsing relationship: /xl/worksheets/_rels/sheet1.xml.rels
15:54:30.102 [main] DEBUG org.apache.poi.openxml4j.opc.PackageRelationshipCollection - Parsing relationship: /_rels/.rels
15:54:30.104 [main] DEBUG org.apache.poi.ooxml.POIXMLFactory - using default POIXMLDocumentPart for http://schemas.microsoft.com/office/2017/10/relationships/person
15:54:30.110 [main] DEBUG org.apache.poi.openxml4j.opc.PackageRelationshipCollection - Parsing relationship: /xl/_rels/workbook.xml.rels
15:54:30.110 [main] DEBUG org.apache.poi.openxml4j.opc.PackageRelationshipCollection - Parsing relationship: /xl/worksheets/_rels/sheet1.xml.rels
15:54:30.110 [main] DEBUG org.apache.poi.openxml4j.opc.PackageRelationshipCollection - Parsing relationship: /_rels/.rels
15:54:30.113 [main] DEBUG org.apache.poi.ooxml.POIXMLFactory - using default POIXMLDocumentPart for http://schemas.microsoft.com/office/2017/10/relationships/person
15:54:30.117 [main] DEBUG org.apache.poi.openxml4j.opc.PackageRelationshipCollection - Parsing relationship: /xl/_rels/workbook.xml.rels
15:54:30.117 [main] DEBUG org.apache.poi.openxml4j.opc.PackageRelationshipCollection - Parsing relationship: /xl/worksheets/_rels/sheet1.xml.rels
15:54:30.118 [main] DEBUG org.apache.poi.openxml4j.opc.PackageRelationshipCollection - Parsing relationship: /_rels/.rels
15:54:30.122 [main] DEBUG org.apache.poi.ooxml.POIXMLFactory - using default POIXMLDocumentPart for http://schemas.microsoft.com/office/2017/10/relationships/person
15:54:30.128 [main] DEBUG org.apache.poi.openxml4j.opc.PackageRelationshipCollection - Parsing relationship: /xl/_rels/workbook.xml.rels
15:54:30.128 [main] DEBUG org.apache.poi.openxml4j.opc.PackageRelationshipCollection - Parsing relationship: /xl/worksheets/_rels/sheet1.xml.rels
15:54:30.128 [main] DEBUG org.apache.poi.openxml4j.opc.PackageRelationshipCollection - Parsing relationship: /_rels/.rels
15:54:30.130 [main] DEBUG org.apache.poi.ooxml.POIXMLFactory - using default POIXMLDocumentPart for http://schemas.microsoft.com/office/2017/10/relationships/person
15:54:30.135 [main] DEBUG org.apache.poi.openxml4j.opc.PackageRelationshipCollection - Parsing relationship: /xl/_rels/workbook.xml.rels
15:54:30.135 [main] DEBUG org.apache.poi.openxml4j.opc.PackageRelationshipCollection - Parsing relationship: /xl/worksheets/_rels/sheet1.xml.rels
15:54:30.135 [main] DEBUG org.apache.poi.openxml4j.opc.PackageRelationshipCollection - Parsing relationship: /_rels/.rels
15:54:30.137 [main] DEBUG org.apache.poi.ooxml.POIXMLFactory - using default POIXMLDocumentPart for http://schemas.microsoft.com/office/2017/10/relationships/person
15:54:30.142 [main] DEBUG org.apache.poi.openxml4j.opc.PackageRelationshipCollection - Parsing relationship: /xl/_rels/workbook.xml.rels
15:54:30.142 [main] DEBUG org.apache.poi.openxml4j.opc.PackageRelationshipCollection - Parsing relationship: /xl/worksheets/_rels/sheet1.xml.rels
15:54:30.142 [main] DEBUG org.apache.poi.openxml4j.opc.PackageRelationshipCollection - Parsing relationship: /_rels/.rels
15:54:30.144 [main] DEBUG org.apache.poi.ooxml.POIXMLFactory - using default POIXMLDocumentPart for http://schemas.microsoft.com/office/2017/10/relationships/person
15:54:30.148 [main] DEBUG org.apache.poi.openxml4j.opc.PackageRelationshipCollection - Parsing relationship: /xl/_rels/workbook.xml.rels
15:54:30.148 [main] DEBUG org.apache.poi.openxml4j.opc.PackageRelationshipCollection - Parsing relationship: /xl/worksheets/_rels/sheet1.xml.rels
15:54:30.148 [main] DEBUG org.apache.poi.openxml4j.opc.PackageRelationshipCollection - Parsing relationship: /_rels/.rels
15:54:30.150 [main] DEBUG org.apache.poi.ooxml.POIXMLFactory - using default POIXMLDocumentPart for http://schemas.microsoft.com/office/2017/10/relationships/person
15:54:30.154 [main] DEBUG org.apache.poi.openxml4j.opc.PackageRelationshipCollection - Parsing relationship: /xl/_rels/workbook.xml.rels
15:54:30.154 [main] DEBUG org.apache.poi.openxml4j.opc.PackageRelationshipCollection - Parsing relationship: /xl/worksheets/_rels/sheet1.xml.rels
15:54:30.154 [main] DEBUG org.apache.poi.openxml4j.opc.PackageRelationshipCollection - Parsing relationship: /_rels/.rels
15:54:30.156 [main] DEBUG org.apache.poi.ooxml.POIXMLFactory - using default POIXMLDocumentPart for http://schemas.microsoft.com/office/2017/10/relationships/person
15:54:30.161 [main] DEBUG org.apache.poi.openxml4j.opc.PackageRelationshipCollection - Parsing relationship: /xl/_rels/workbook.xml.rels
15:54:30.162 [main] DEBUG org.apache.poi.openxml4j.opc.PackageRelationshipCollection - Parsing relationship: /xl/worksheets/_rels/sheet1.xml.rels
15:54:30.162 [main] DEBUG org.apache.poi.openxml4j.opc.PackageRelationshipCollection - Parsing relationship: /_rels/.rels
15:54:30.164 [main] DEBUG org.apache.poi.ooxml.POIXMLFactory - using default POIXMLDocumentPart for http://schemas.microsoft.com/office/2017/10/relationships/person
15:54:30.168 [main] DEBUG org.apache.poi.openxml4j.opc.PackageRelationshipCollection - Parsing relationship: /xl/_rels/workbook.xml.rels
15:54:30.168 [main] DEBUG org.apache.poi.openxml4j.opc.PackageRelationshipCollection - Parsing relationship: /xl/worksheets/_rels/sheet1.xml.rels
15:54:30.168 [main] DEBUG org.apache.poi.openxml4j.opc.PackageRelationshipCollection - Parsing relationship: /_rels/.rels
15:54:30.170 [main] DEBUG org.apache.poi.ooxml.POIXMLFactory - using default POIXMLDocumentPart for http://schemas.microsoft.com/office/2017/10/relationships/person
15:54:30.175 [main] DEBUG org.apache.poi.openxml4j.opc.PackageRelationshipCollection - Parsing relationship: /xl/_rels/workbook.xml.rels
15:54:30.175 [main] DEBUG org.apache.poi.openxml4j.opc.PackageRelationshipCollection - Parsing relationship: /xl/worksheets/_rels/sheet1.xml.rels
15:54:30.175 [main] DEBUG org.apache.poi.openxml4j.opc.PackageRelationshipCollection - Parsing relationship: /_rels/.rels
15:54:30.177 [main] DEBUG org.apache.poi.ooxml.POIXMLFactory - using default POIXMLDocumentPart for http://schemas.microsoft.com/office/2017/10/relationships/person
15:54:30.181 [main] DEBUG org.apache.poi.openxml4j.opc.PackageRelationshipCollection - Parsing relationship: /xl/_rels/workbook.xml.rels
15:54:30.181 [main] DEBUG org.apache.poi.openxml4j.opc.PackageRelationshipCollection - Parsing relationship: /xl/worksheets/_rels/sheet1.xml.rels
15:54:30.181 [main] DEBUG org.apache.poi.openxml4j.opc.PackageRelationshipCollection - Parsing relationship: /_rels/.rels
15:54:30.183 [main] DEBUG org.apache.poi.ooxml.POIXMLFactory - using default POIXMLDocumentPart for http://schemas.microsoft.com/office/2017/10/relationships/person
15:54:30.187 [main] DEBUG org.apache.poi.openxml4j.opc.PackageRelationshipCollection - Parsing relationship: /xl/_rels/workbook.xml.rels
15:54:30.187 [main] DEBUG org.apache.poi.openxml4j.opc.PackageRelationshipCollection - Parsing relationship: /xl/worksheets/_rels/sheet1.xml.rels
15:54:30.187 [main] DEBUG org.apache.poi.openxml4j.opc.PackageRelationshipCollection - Parsing relationship: /_rels/.rels
15:54:30.189 [main] DEBUG org.apache.poi.ooxml.POIXMLFactory - using default POIXMLDocumentPart for http://schemas.microsoft.com/office/2017/10/relationships/person
15:54:30.195 [main] DEBUG org.apache.poi.openxml4j.opc.PackageRelationshipCollection - Parsing relationship: /xl/_rels/workbook.xml.rels
15:54:30.195 [main] DEBUG org.apache.poi.openxml4j.opc.PackageRelationshipCollection - Parsing relationship: /xl/worksheets/_rels/sheet1.xml.rels
15:54:30.195 [main] DEBUG org.apache.poi.openxml4j.opc.PackageRelationshipCollection - Parsing relationship: /_rels/.rels
15:54:30.197 [main] DEBUG org.apache.poi.ooxml.POIXMLFactory - using default POIXMLDocumentPart for http://schemas.microsoft.com/office/2017/10/relationships/person
15:54:30.202 [main] DEBUG org.apache.poi.openxml4j.opc.PackageRelationshipCollection - Parsing relationship: /xl/_rels/workbook.xml.rels
15:54:30.202 [main] DEBUG org.apache.poi.openxml4j.opc.PackageRelationshipCollection - Parsing relationship: /xl/worksheets/_rels/sheet1.xml.rels
15:54:30.202 [main] DEBUG org.apache.poi.openxml4j.opc.PackageRelationshipCollection - Parsing relationship: /_rels/.rels
15:54:30.204 [main] DEBUG org.apache.poi.ooxml.POIXMLFactory - using default POIXMLDocumentPart for http://schemas.microsoft.com/office/2017/10/relationships/person
15:54:30.210 [main] DEBUG org.apache.poi.openxml4j.opc.PackageRelationshipCollection - Parsing relationship: /xl/_rels/workbook.xml.rels
15:54:30.210 [main] DEBUG org.apache.poi.openxml4j.opc.PackageRelationshipCollection - Parsing relationship: /xl/worksheets/_rels/sheet1.xml.rels
15:54:30.210 [main] DEBUG org.apache.poi.openxml4j.opc.PackageRelationshipCollection - Parsing relationship: /_rels/.rels
15:54:30.213 [main] DEBUG org.apache.poi.ooxml.POIXMLFactory - using default POIXMLDocumentPart for http://schemas.microsoft.com/office/2017/10/relationships/person
15:54:30.217 [main] DEBUG org.apache.poi.openxml4j.opc.PackageRelationshipCollection - Parsing relationship: /xl/_rels/workbook.xml.rels
15:54:30.218 [main] DEBUG org.apache.poi.openxml4j.opc.PackageRelationshipCollection - Parsing relationship: /xl/worksheets/_rels/sheet1.xml.rels
15:54:30.218 [main] DEBUG org.apache.poi.openxml4j.opc.PackageRelationshipCollection - Parsing relationship: /_rels/.rels
15:54:30.220 [main] DEBUG org.apache.poi.ooxml.POIXMLFactory - using default POIXMLDocumentPart for http://schemas.microsoft.com/office/2017/10/relationships/person
15:54:30.226 [main] DEBUG org.apache.poi.openxml4j.opc.PackageRelationshipCollection - Parsing relationship: /xl/_rels/workbook.xml.rels
15:54:30.227 [main] DEBUG org.apache.poi.openxml4j.opc.PackageRelationshipCollection - Parsing relationship: /xl/worksheets/_rels/sheet1.xml.rels
15:54:30.227 [main] DEBUG org.apache.poi.openxml4j.opc.PackageRelationshipCollection - Parsing relationship: /_rels/.rels
15:54:30.229 [main] DEBUG org.apache.poi.ooxml.POIXMLFactory - using default POIXMLDocumentPart for http://schemas.microsoft.com/office/2017/10/relationships/person
15:54:30.234 [main] DEBUG org.apache.poi.openxml4j.opc.PackageRelationshipCollection - Parsing relationship: /xl/_rels/workbook.xml.rels
15:54:30.234 [main] DEBUG org.apache.poi.openxml4j.opc.PackageRelationshipCollection - Parsing relationship: /xl/worksheets/_rels/sheet1.xml.rels
15:54:30.234 [main] DEBUG org.apache.poi.openxml4j.opc.PackageRelationshipCollection - Parsing relationship: /_rels/.rels
15:54:30.236 [main] DEBUG org.apache.poi.ooxml.POIXMLFactory - using default POIXMLDocumentPart for http://schemas.microsoft.com/office/2017/10/relationships/person
15:54:30.243 [main] DEBUG org.apache.poi.openxml4j.opc.PackageRelationshipCollection - Parsing relationship: /xl/_rels/workbook.xml.rels
15:54:30.243 [main] DEBUG org.apache.poi.openxml4j.opc.PackageRelationshipCollection - Parsing relationship: /xl/worksheets/_rels/sheet1.xml.rels
15:54:30.243 [main] DEBUG org.apache.poi.openxml4j.opc.PackageRelationshipCollection - Parsing relationship: /_rels/.rels
15:54:30.245 [main] DEBUG org.apache.poi.ooxml.POIXMLFactory - using default POIXMLDocumentPart for http://schemas.microsoft.com/office/2017/10/relationships/person
15:54:30.249 [main] DEBUG org.apache.poi.openxml4j.opc.PackageRelationshipCollection - Parsing relationship: /xl/_rels/workbook.xml.rels
15:54:30.250 [main] DEBUG org.apache.poi.openxml4j.opc.PackageRelationshipCollection - Parsing relationship: /xl/worksheets/_rels/sheet1.xml.rels
15:54:30.250 [main] DEBUG org.apache.poi.openxml4j.opc.PackageRelationshipCollection - Parsing relationship: /_rels/.rels
15:54:30.252 [main] DEBUG org.apache.poi.ooxml.POIXMLFactory - using default POIXMLDocumentPart for http://schemas.microsoft.com/office/2017/10/relationships/person
15:54:30.257 [main] DEBUG org.apache.poi.openxml4j.opc.PackageRelationshipCollection - Parsing relationship: /xl/_rels/workbook.xml.rels
15:54:30.257 [main] DEBUG org.apache.poi.openxml4j.opc.PackageRelationshipCollection - Parsing relationship: /xl/worksheets/_rels/sheet1.xml.rels
15:54:30.258 [main] DEBUG org.apache.poi.openxml4j.opc.PackageRelationshipCollection - Parsing relationship: /_rels/.rels
15:54:30.261 [main] DEBUG org.apache.poi.ooxml.POIXMLFactory - using default POIXMLDocumentPart for http://schemas.microsoft.com/office/2017/10/relationships/person
15:54:30.265 [main] DEBUG org.apache.poi.openxml4j.opc.PackageRelationshipCollection - Parsing relationship: /xl/_rels/workbook.xml.rels
15:54:30.266 [main] DEBUG org.apache.poi.openxml4j.opc.PackageRelationshipCollection - Parsing relationship: /xl/worksheets/_rels/sheet1.xml.rels
15:54:30.266 [main] DEBUG org.apache.poi.openxml4j.opc.PackageRelationshipCollection - Parsing relationship: /_rels/.rels
15:54:30.268 [main] DEBUG org.apache.poi.ooxml.POIXMLFactory - using default POIXMLDocumentPart for http://schemas.microsoft.com/office/2017/10/relationships/person
15:54:30.272 [main] DEBUG org.apache.poi.openxml4j.opc.PackageRelationshipCollection - Parsing relationship: /xl/_rels/workbook.xml.rels
15:54:30.272 [main] DEBUG org.apache.poi.openxml4j.opc.PackageRelationshipCollection - Parsing relationship: /xl/worksheets/_rels/sheet1.xml.rels
15:54:30.273 [main] DEBUG org.apache.poi.openxml4j.opc.PackageRelationshipCollection - Parsing relationship: /_rels/.rels
15:54:30.276 [main] DEBUG org.apache.poi.ooxml.POIXMLFactory - using default POIXMLDocumentPart for http://schemas.microsoft.com/office/2017/10/relationships/person
15:54:30.281 [main] DEBUG org.apache.poi.openxml4j.opc.PackageRelationshipCollection - Parsing relationship: /xl/_rels/workbook.xml.rels
15:54:30.282 [main] DEBUG org.apache.poi.openxml4j.opc.PackageRelationshipCollection - Parsing relationship: /xl/worksheets/_rels/sheet1.xml.rels
15:54:30.282 [main] DEBUG org.apache.poi.openxml4j.opc.PackageRelationshipCollection - Parsing relationship: /_rels/.rels
15:54:30.284 [main] DEBUG org.apache.poi.ooxml.POIXMLFactory - using default POIXMLDocumentPart for http://schemas.microsoft.com/office/2017/10/relationships/person
15:54:30.288 [main] DEBUG org.apache.poi.openxml4j.opc.PackageRelationshipCollection - Parsing relationship: /xl/_rels/workbook.xml.rels
15:54:30.288 [main] DEBUG org.apache.poi.openxml4j.opc.PackageRelationshipCollection - Parsing relationship: /xl/worksheets/_rels/sheet1.xml.rels
15:54:30.289 [main] DEBUG org.apache.poi.openxml4j.opc.PackageRelationshipCollection - Parsing relationship: /_rels/.rels
15:54:30.291 [main] DEBUG org.apache.poi.ooxml.POIXMLFactory - using default POIXMLDocumentPart for http://schemas.microsoft.com/office/2017/10/relationships/person
15:54:30.296 [main] DEBUG org.apache.poi.openxml4j.opc.PackageRelationshipCollection - Parsing relationship: /xl/_rels/workbook.xml.rels
15:54:30.296 [main] DEBUG org.apache.poi.openxml4j.opc.PackageRelationshipCollection - Parsing relationship: /xl/worksheets/_rels/sheet1.xml.rels
15:54:30.296 [main] DEBUG org.apache.poi.openxml4j.opc.PackageRelationshipCollection - Parsing relationship: /_rels/.rels
15:54:30.298 [main] DEBUG org.apache.poi.ooxml.POIXMLFactory - using default POIXMLDocumentPart for http://schemas.microsoft.com/office/2017/10/relationships/person
15:54:30.302 [main] DEBUG org.apache.poi.openxml4j.opc.PackageRelationshipCollection - Parsing relationship: /xl/_rels/workbook.xml.rels
15:54:30.303 [main] DEBUG org.apache.poi.openxml4j.opc.PackageRelationshipCollection - Parsing relationship: /xl/worksheets/_rels/sheet1.xml.rels
15:54:30.303 [main] DEBUG org.apache.poi.openxml4j.opc.PackageRelationshipCollection - Parsing relationship: /_rels/.rels
15:54:30.306 [main] DEBUG org.apache.poi.ooxml.POIXMLFactory - using default POIXMLDocumentPart for http://schemas.microsoft.com/office/2017/10/relationships/person
15:54:30.312 [main] DEBUG org.apache.poi.openxml4j.opc.PackageRelationshipCollection - Parsing relationship: /xl/_rels/workbook.xml.rels
15:54:30.312 [main] DEBUG org.apache.poi.openxml4j.opc.PackageRelationshipCollection - Parsing relationship: /xl/worksheets/_rels/sheet1.xml.rels
15:54:30.312 [main] DEBUG org.apache.poi.openxml4j.opc.PackageRelationshipCollection - Parsing relationship: /_rels/.rels
15:54:30.314 [main] DEBUG org.apache.poi.ooxml.POIXMLFactory - using default POIXMLDocumentPart for http://schemas.microsoft.com/office/2017/10/relationships/person
15:54:30.322 [main] DEBUG org.apache.poi.openxml4j.opc.PackageRelationshipCollection - Parsing relationship: /xl/_rels/workbook.xml.rels
15:54:30.323 [main] DEBUG org.apache.poi.openxml4j.opc.PackageRelationshipCollection - Parsing relationship: /xl/worksheets/_rels/sheet1.xml.rels
15:54:30.323 [main] DEBUG org.apache.poi.openxml4j.opc.PackageRelationshipCollection - Parsing relationship: /_rels/.rels
15:54:30.328 [main] DEBUG org.apache.poi.ooxml.POIXMLFactory - using default POIXMLDocumentPart for http://schemas.microsoft.com/office/2017/10/relationships/person
15:54:30.334 [main] DEBUG org.apache.poi.openxml4j.opc.PackageRelationshipCollection - Parsing relationship: /xl/_rels/workbook.xml.rels
15:54:30.334 [main] DEBUG org.apache.poi.openxml4j.opc.PackageRelationshipCollection - Parsing relationship: /xl/worksheets/_rels/sheet1.xml.rels
15:54:30.334 [main] DEBUG org.apache.poi.openxml4j.opc.PackageRelationshipCollection - Parsing relationship: /_rels/.rels
15:54:30.337 [main] DEBUG org.apache.poi.ooxml.POIXMLFactory - using default POIXMLDocumentPart for http://schemas.microsoft.com/office/2017/10/relationships/person
15:54:30.343 [main] DEBUG org.apache.poi.openxml4j.opc.PackageRelationshipCollection - Parsing relationship: /xl/_rels/workbook.xml.rels
15:54:30.343 [main] DEBUG org.apache.poi.openxml4j.opc.PackageRelationshipCollection - Parsing relationship: /xl/worksheets/_rels/sheet1.xml.rels
15:54:30.343 [main] DEBUG org.apache.poi.openxml4j.opc.PackageRelationshipCollection - Parsing relationship: /_rels/.rels
15:54:30.346 [main] DEBUG org.apache.poi.ooxml.POIXMLFactory - using default POIXMLDocumentPart for http://schemas.microsoft.com/office/2017/10/relationships/person
15:54:30.351 [main] DEBUG org.apache.poi.openxml4j.opc.PackageRelationshipCollection - Parsing relationship: /xl/_rels/workbook.xml.rels
15:54:30.351 [main] DEBUG org.apache.poi.openxml4j.opc.PackageRelationshipCollection - Parsing relationship: /xl/worksheets/_rels/sheet1.xml.rels
15:54:30.351 [main] DEBUG org.apache.poi.openxml4j.opc.PackageRelationshipCollection - Parsing relationship: /_rels/.rels
15:54:30.353 [main] DEBUG org.apache.poi.ooxml.POIXMLFactory - using default POIXMLDocumentPart for http://schemas.microsoft.com/office/2017/10/relationships/person
15:54:30.358 [main] DEBUG org.apache.poi.openxml4j.opc.PackageRelationshipCollection - Parsing relationship: /xl/_rels/workbook.xml.rels
15:54:30.359 [main] DEBUG org.apache.poi.openxml4j.opc.PackageRelationshipCollection - Parsing relationship: /xl/worksheets/_rels/sheet1.xml.rels
15:54:30.359 [main] DEBUG org.apache.poi.openxml4j.opc.PackageRelationshipCollection - Parsing relationship: /_rels/.rels
15:54:30.362 [main] DEBUG org.apache.poi.ooxml.POIXMLFactory - using default POIXMLDocumentPart for http://schemas.microsoft.com/office/2017/10/relationships/person
15:54:30.368 [main] DEBUG org.apache.poi.openxml4j.opc.PackageRelationshipCollection - Parsing relationship: /xl/_rels/workbook.xml.rels
15:54:30.368 [main] DEBUG org.apache.poi.openxml4j.opc.PackageRelationshipCollection - Parsing relationship: /xl/worksheets/_rels/sheet1.xml.rels
15:54:30.368 [main] DEBUG org.apache.poi.openxml4j.opc.PackageRelationshipCollection - Parsing relationship: /_rels/.rels
15:54:30.370 [main] DEBUG org.apache.poi.ooxml.POIXMLFactory - using default POIXMLDocumentPart for http://schemas.microsoft.com/office/2017/10/relationships/person
15:54:30.375 [main] DEBUG org.apache.poi.openxml4j.opc.PackageRelationshipCollection - Parsing relationship: /xl/_rels/workbook.xml.rels
15:54:30.376 [main] DEBUG org.apache.poi.openxml4j.opc.PackageRelationshipCollection - Parsing relationship: /xl/worksheets/_rels/sheet1.xml.rels
15:54:30.376 [main] DEBUG org.apache.poi.openxml4j.opc.PackageRelationshipCollection - Parsing relationship: /_rels/.rels
15:54:30.378 [main] DEBUG org.apache.poi.ooxml.POIXMLFactory - using default POIXMLDocumentPart for http://schemas.microsoft.com/office/2017/10/relationships/person
15:54:30.382 [main] DEBUG org.apache.poi.openxml4j.opc.PackageRelationshipCollection - Parsing relationship: /xl/_rels/workbook.xml.rels
15:54:30.382 [main] DEBUG org.apache.poi.openxml4j.opc.PackageRelationshipCollection - Parsing relationship: /xl/worksheets/_rels/sheet1.xml.rels
15:54:30.382 [main] DEBUG org.apache.poi.openxml4j.opc.PackageRelationshipCollection - Parsing relationship: /_rels/.rels
15:54:30.385 [main] DEBUG org.apache.poi.ooxml.POIXMLFactory - using default POIXMLDocumentPart for http://schemas.microsoft.com/office/2017/10/relationships/person
15:54:30.389 [main] DEBUG org.apache.poi.openxml4j.opc.PackageRelationshipCollection - Parsing relationship: /xl/_rels/workbook.xml.rels
15:54:30.389 [main] DEBUG org.apache.poi.openxml4j.opc.PackageRelationshipCollection - Parsing relationship: /xl/worksheets/_rels/sheet1.xml.rels
15:54:30.389 [main] DEBUG org.apache.poi.openxml4j.opc.PackageRelationshipCollection - Parsing relationship: /_rels/.rels
15:54:30.391 [main] DEBUG org.apache.poi.ooxml.POIXMLFactory - using default POIXMLDocumentPart for http://schemas.microsoft.com/office/2017/10/relationships/person
15:54:30.396 [main] DEBUG org.apache.poi.openxml4j.opc.PackageRelationshipCollection - Parsing relationship: /xl/_rels/workbook.xml.rels
15:54:30.396 [main] DEBUG org.apache.poi.openxml4j.opc.PackageRelationshipCollection - Parsing relationship: /xl/worksheets/_rels/sheet1.xml.rels
15:54:30.396 [main] DEBUG org.apache.poi.openxml4j.opc.PackageRelationshipCollection - Parsing relationship: /_rels/.rels
15:54:30.398 [main] DEBUG org.apache.poi.ooxml.POIXMLFactory - using default POIXMLDocumentPart for http://schemas.microsoft.com/office/2017/10/relationships/person
15:54:30.402 [main] DEBUG org.apache.poi.openxml4j.opc.PackageRelationshipCollection - Parsing relationship: /xl/_rels/workbook.xml.rels
15:54:30.402 [main] DEBUG org.apache.poi.openxml4j.opc.PackageRelationshipCollection - Parsing relationship: /xl/worksheets/_rels/sheet1.xml.rels
15:54:30.402 [main] DEBUG org.apache.poi.openxml4j.opc.PackageRelationshipCollection - Parsing relationship: /_rels/.rels
15:54:30.404 [main] DEBUG org.apache.poi.ooxml.POIXMLFactory - using default POIXMLDocumentPart for http://schemas.microsoft.com/office/2017/10/relationships/person
15:54:30.409 [main] DEBUG org.apache.poi.openxml4j.opc.PackageRelationshipCollection - Parsing relationship: /xl/_rels/workbook.xml.rels
15:54:30.409 [main] DEBUG org.apache.poi.openxml4j.opc.PackageRelationshipCollection - Parsing relationship: /xl/worksheets/_rels/sheet1.xml.rels
15:54:30.409 [main] DEBUG org.apache.poi.openxml4j.opc.PackageRelationshipCollection - Parsing relationship: /_rels/.rels
15:54:30.411 [main] DEBUG org.apache.poi.ooxml.POIXMLFactory - using default POIXMLDocumentPart for http://schemas.microsoft.com/office/2017/10/relationships/person
15:54:30.415 [main] DEBUG org.apache.poi.openxml4j.opc.PackageRelationshipCollection - Parsing relationship: /xl/_rels/workbook.xml.rels
15:54:30.415 [main] DEBUG org.apache.poi.openxml4j.opc.PackageRelationshipCollection - Parsing relationship: /xl/worksheets/_rels/sheet1.xml.rels
15:54:30.415 [main] DEBUG org.apache.poi.openxml4j.opc.PackageRelationshipCollection - Parsing relationship: /_rels/.rels
15:54:30.417 [main] DEBUG org.apache.poi.ooxml.POIXMLFactory - using default POIXMLDocumentPart for http://schemas.microsoft.com/office/2017/10/relationships/person
15:54:30.421 [main] DEBUG org.apache.poi.openxml4j.opc.PackageRelationshipCollection - Parsing relationship: /xl/_rels/workbook.xml.rels
15:54:30.421 [main] DEBUG org.apache.poi.openxml4j.opc.PackageRelationshipCollection - Parsing relationship: /xl/worksheets/_rels/sheet1.xml.rels
15:54:30.421 [main] DEBUG org.apache.poi.openxml4j.opc.PackageRelationshipCollection - Parsing relationship: /_rels/.rels
15:54:30.423 [main] DEBUG org.apache.poi.ooxml.POIXMLFactory - using default POIXMLDocumentPart for http://schemas.microsoft.com/office/2017/10/relationships/person
15:54:30.429 [main] DEBUG org.apache.poi.openxml4j.opc.PackageRelationshipCollection - Parsing relationship: /xl/_rels/workbook.xml.rels
15:54:30.429 [main] DEBUG org.apache.poi.openxml4j.opc.PackageRelationshipCollection - Parsing relationship: /xl/worksheets/_rels/sheet1.xml.rels
15:54:30.429 [main] DEBUG org.apache.poi.openxml4j.opc.PackageRelationshipCollection - Parsing relationship: /_rels/.rels
15:54:30.432 [main] DEBUG org.apache.poi.ooxml.POIXMLFactory - using default POIXMLDocumentPart for http://schemas.microsoft.com/office/2017/10/relationships/person
15:54:30.438 [main] DEBUG org.apache.poi.openxml4j.opc.PackageRelationshipCollection - Parsing relationship: /xl/_rels/workbook.xml.rels
15:54:30.439 [main] DEBUG org.apache.poi.openxml4j.opc.PackageRelationshipCollection - Parsing relationship: /xl/worksheets/_rels/sheet1.xml.rels
15:54:30.439 [main] DEBUG org.apache.poi.openxml4j.opc.PackageRelationshipCollection - Parsing relationship: /_rels/.rels
15:54:30.443 [main] DEBUG org.apache.poi.ooxml.POIXMLFactory - using default POIXMLDocumentPart for http://schemas.microsoft.com/office/2017/10/relationships/person
15:54:30.448 [main] DEBUG org.apache.poi.openxml4j.opc.PackageRelationshipCollection - Parsing relationship: /xl/_rels/workbook.xml.rels
15:54:30.448 [main] DEBUG org.apache.poi.openxml4j.opc.PackageRelationshipCollection - Parsing relationship: /xl/worksheets/_rels/sheet1.xml.rels
15:54:30.448 [main] DEBUG org.apache.poi.openxml4j.opc.PackageRelationshipCollection - Parsing relationship: /_rels/.rels
15:54:30.450 [main] DEBUG org.apache.poi.ooxml.POIXMLFactory - using default POIXMLDocumentPart for http://schemas.microsoft.com/office/2017/10/relationships/person
15:54:30.454 [main] DEBUG org.apache.poi.openxml4j.opc.PackageRelationshipCollection - Parsing relationship: /xl/_rels/workbook.xml.rels
15:54:30.454 [main] DEBUG org.apache.poi.openxml4j.opc.PackageRelationshipCollection - Parsing relationship: /xl/worksheets/_rels/sheet1.xml.rels
15:54:30.454 [main] DEBUG org.apache.poi.openxml4j.opc.PackageRelationshipCollection - Parsing relationship: /_rels/.rels
15:54:30.456 [main] DEBUG org.apache.poi.ooxml.POIXMLFactory - using default POIXMLDocumentPart for http://schemas.microsoft.com/office/2017/10/relationships/person
15:54:30.462 [main] DEBUG org.apache.poi.openxml4j.opc.PackageRelationshipCollection - Parsing relationship: /xl/_rels/workbook.xml.rels
15:54:30.462 [main] DEBUG org.apache.poi.openxml4j.opc.PackageRelationshipCollection - Parsing relationship: /xl/worksheets/_rels/sheet1.xml.rels
15:54:30.462 [main] DEBUG org.apache.poi.openxml4j.opc.PackageRelationshipCollection - Parsing relationship: /_rels/.rels
15:54:30.465 [main] DEBUG org.apache.poi.ooxml.POIXMLFactory - using default POIXMLDocumentPart for http://schemas.microsoft.com/office/2017/10/relationships/person
15:54:30.470 [main] DEBUG org.apache.poi.openxml4j.opc.PackageRelationshipCollection - Parsing relationship: /xl/_rels/workbook.xml.rels
15:54:30.470 [main] DEBUG org.apache.poi.openxml4j.opc.PackageRelationshipCollection - Parsing relationship: /xl/worksheets/_rels/sheet1.xml.rels
15:54:30.470 [main] DEBUG org.apache.poi.openxml4j.opc.PackageRelationshipCollection - Parsing relationship: /_rels/.rels
15:54:30.472 [main] DEBUG org.apache.poi.ooxml.POIXMLFactory - using default POIXMLDocumentPart for http://schemas.microsoft.com/office/2017/10/relationships/person
15:54:30.478 [main] DEBUG org.apache.poi.openxml4j.opc.PackageRelationshipCollection - Parsing relationship: /xl/_rels/workbook.xml.rels
15:54:30.479 [main] DEBUG org.apache.poi.openxml4j.opc.PackageRelationshipCollection - Parsing relationship: /xl/worksheets/_rels/sheet1.xml.rels
15:54:30.479 [main] DEBUG org.apache.poi.openxml4j.opc.PackageRelationshipCollection - Parsing relationship: /_rels/.rels
15:54:30.482 [main] DEBUG org.apache.poi.ooxml.POIXMLFactory - using default POIXMLDocumentPart for http://schemas.microsoft.com/office/2017/10/relationships/person
15:54:30.487 [main] DEBUG org.apache.poi.openxml4j.opc.PackageRelationshipCollection - Parsing relationship: /xl/_rels/workbook.xml.rels
15:54:30.487 [main] DEBUG org.apache.poi.openxml4j.opc.PackageRelationshipCollection - Parsing relationship: /xl/worksheets/_rels/sheet1.xml.rels
15:54:30.487 [main] DEBUG org.apache.poi.openxml4j.opc.PackageRelationshipCollection - Parsing relationship: /_rels/.rels
15:54:30.489 [main] DEBUG org.apache.poi.ooxml.POIXMLFactory - using default POIXMLDocumentPart for http://schemas.microsoft.com/office/2017/10/relationships/person
15:54:30.496 [main] DEBUG org.apache.poi.openxml4j.opc.PackageRelationshipCollection - Parsing relationship: /xl/_rels/workbook.xml.rels
15:54:30.497 [main] DEBUG org.apache.poi.openxml4j.opc.PackageRelationshipCollection - Parsing relationship: /xl/worksheets/_rels/sheet1.xml.rels
15:54:30.497 [main] DEBUG org.apache.poi.openxml4j.opc.PackageRelationshipCollection - Parsing relationship: /_rels/.rels
15:54:30.499 [main] DEBUG org.apache.poi.ooxml.POIXMLFactory - using default POIXMLDocumentPart for http://schemas.microsoft.com/office/2017/10/relationships/person
15:54:30.504 [main] DEBUG org.apache.poi.openxml4j.opc.PackageRelationshipCollection - Parsing relationship: /xl/_rels/workbook.xml.rels
15:54:30.504 [main] DEBUG org.apache.poi.openxml4j.opc.PackageRelationshipCollection - Parsing relationship: /xl/worksheets/_rels/sheet1.xml.rels
15:54:30.504 [main] DEBUG org.apache.poi.openxml4j.opc.PackageRelationshipCollection - Parsing relationship: /_rels/.rels
15:54:30.511 [main] DEBUG org.apache.poi.ooxml.POIXMLFactory - using default POIXMLDocumentPart for http://schemas.microsoft.com/office/2017/10/relationships/person
15:54:30.516 [main] DEBUG org.apache.poi.openxml4j.opc.PackageRelationshipCollection - Parsing relationship: /xl/_rels/workbook.xml.rels
15:54:30.516 [main] DEBUG org.apache.poi.openxml4j.opc.PackageRelationshipCollection - Parsing relationship: /xl/worksheets/_rels/sheet1.xml.rels
15:54:30.516 [main] DEBUG org.apache.poi.openxml4j.opc.PackageRelationshipCollection - Parsing relationship: /_rels/.rels
15:54:30.518 [main] DEBUG org.apache.poi.ooxml.POIXMLFactory - using default POIXMLDocumentPart for http://schemas.microsoft.com/office/2017/10/relationships/person
15:54:30.523 [main] DEBUG org.apache.poi.openxml4j.opc.PackageRelationshipCollection - Parsing relationship: /xl/_rels/workbook.xml.rels
15:54:30.523 [main] DEBUG org.apache.poi.openxml4j.opc.PackageRelationshipCollection - Parsing relationship: /xl/worksheets/_rels/sheet1.xml.rels
15:54:30.523 [main] DEBUG org.apache.poi.openxml4j.opc.PackageRelationshipCollection - Parsing relationship: /_rels/.rels
15:54:30.527 [main] DEBUG org.apache.poi.ooxml.POIXMLFactory - using default POIXMLDocumentPart for http://schemas.microsoft.com/office/2017/10/relationships/person
15:54:30.533 [main] DEBUG org.apache.poi.openxml4j.opc.PackageRelationshipCollection - Parsing relationship: /xl/_rels/workbook.xml.rels
15:54:30.533 [main] DEBUG org.apache.poi.openxml4j.opc.PackageRelationshipCollection - Parsing relationship: /xl/worksheets/_rels/sheet1.xml.rels
15:54:30.533 [main] DEBUG org.apache.poi.openxml4j.opc.PackageRelationshipCollection - Parsing relationship: /_rels/.rels
15:54:30.535 [main] DEBUG org.apache.poi.ooxml.POIXMLFactory - using default POIXMLDocumentPart for http://schemas.microsoft.com/office/2017/10/relationships/person
15:54:30.540 [main] DEBUG org.apache.poi.openxml4j.opc.PackageRelationshipCollection - Parsing relationship: /xl/_rels/workbook.xml.rels
15:54:30.540 [main] DEBUG org.apache.poi.openxml4j.opc.PackageRelationshipCollection - Parsing relationship: /xl/worksheets/_rels/sheet1.xml.rels
15:54:30.540 [main] DEBUG org.apache.poi.openxml4j.opc.PackageRelationshipCollection - Parsing relationship: /_rels/.rels
15:54:30.544 [main] DEBUG org.apache.poi.ooxml.POIXMLFactory - using default POIXMLDocumentPart for http://schemas.microsoft.com/office/2017/10/relationships/person
15:54:30.548 [main] DEBUG org.apache.poi.openxml4j.opc.PackageRelationshipCollection - Parsing relationship: /xl/_rels/workbook.xml.rels
15:54:30.548 [main] DEBUG org.apache.poi.openxml4j.opc.PackageRelationshipCollection - Parsing relationship: /xl/worksheets/_rels/sheet1.xml.rels
15:54:30.548 [main] DEBUG org.apache.poi.openxml4j.opc.PackageRelationshipCollection - Parsing relationship: /_rels/.rels
15:54:30.550 [main] DEBUG org.apache.poi.ooxml.POIXMLFactory - using default POIXMLDocumentPart for http://schemas.microsoft.com/office/2017/10/relationships/person
15:54:30.554 [main] DEBUG org.apache.poi.openxml4j.opc.PackageRelationshipCollection - Parsing relationship: /xl/_rels/workbook.xml.rels
15:54:30.554 [main] DEBUG org.apache.poi.openxml4j.opc.PackageRelationshipCollection - Parsing relationship: /xl/worksheets/_rels/sheet1.xml.rels
15:54:30.555 [main] DEBUG org.apache.poi.openxml4j.opc.PackageRelationshipCollection - Parsing relationship: /_rels/.rels
15:54:30.557 [main] DEBUG org.apache.poi.ooxml.POIXMLFactory - using default POIXMLDocumentPart for http://schemas.microsoft.com/office/2017/10/relationships/person
15:54:30.564 [main] DEBUG org.apache.poi.openxml4j.opc.PackageRelationshipCollection - Parsing relationship: /xl/_rels/workbook.xml.rels
15:54:30.564 [main] DEBUG org.apache.poi.openxml4j.opc.PackageRelationshipCollection - Parsing relationship: /xl/worksheets/_rels/sheet1.xml.rels
15:54:30.564 [main] DEBUG org.apache.poi.openxml4j.opc.PackageRelationshipCollection - Parsing relationship: /_rels/.rels
15:54:30.567 [main] DEBUG org.apache.poi.ooxml.POIXMLFactory - using default POIXMLDocumentPart for http://schemas.microsoft.com/office/2017/10/relationships/person
15:54:30.571 [main] DEBUG org.apache.poi.openxml4j.opc.PackageRelationshipCollection - Parsing relationship: /xl/_rels/workbook.xml.rels
15:54:30.572 [main] DEBUG org.apache.poi.openxml4j.opc.PackageRelationshipCollection - Parsing relationship: /xl/worksheets/_rels/sheet1.xml.rels
15:54:30.572 [main] DEBUG org.apache.poi.openxml4j.opc.PackageRelationshipCollection - Parsing relationship: /_rels/.rels
15:54:30.576 [main] DEBUG org.apache.poi.ooxml.POIXMLFactory - using default POIXMLDocumentPart for http://schemas.microsoft.com/office/2017/10/relationships/person
15:54:30.581 [main] DEBUG org.apache.poi.openxml4j.opc.PackageRelationshipCollection - Parsing relationship: /xl/_rels/workbook.xml.rels
15:54:30.581 [main] DEBUG org.apache.poi.openxml4j.opc.PackageRelationshipCollection - Parsing relationship: /xl/worksheets/_rels/sheet1.xml.rels
15:54:30.581 [main] DEBUG org.apache.poi.openxml4j.opc.PackageRelationshipCollection - Parsing relationship: /_rels/.rels
15:54:30.583 [main] DEBUG org.apache.poi.ooxml.POIXMLFactory - using default POIXMLDocumentPart for http://schemas.microsoft.com/office/2017/10/relationships/person
15:54:30.588 [main] DEBUG org.apache.poi.openxml4j.opc.PackageRelationshipCollection - Parsing relationship: /xl/_rels/workbook.xml.rels
15:54:30.588 [main] DEBUG org.apache.poi.openxml4j.opc.PackageRelationshipCollection - Parsing relationship: /xl/worksheets/_rels/sheet1.xml.rels
15:54:30.588 [main] DEBUG org.apache.poi.openxml4j.opc.PackageRelationshipCollection - Parsing relationship: /_rels/.rels
15:54:30.592 [main] DEBUG org.apache.poi.ooxml.POIXMLFactory - using default POIXMLDocumentPart for http://schemas.microsoft.com/office/2017/10/relationships/person
15:54:30.598 [main] DEBUG org.apache.poi.openxml4j.opc.PackageRelationshipCollection - Parsing relationship: /xl/_rels/workbook.xml.rels
15:54:30.598 [main] DEBUG org.apache.poi.openxml4j.opc.PackageRelationshipCollection - Parsing relationship: /xl/worksheets/_rels/sheet1.xml.rels
15:54:30.598 [main] DEBUG org.apache.poi.openxml4j.opc.PackageRelationshipCollection - Parsing relationship: /_rels/.rels
15:54:30.600 [main] DEBUG org.apache.poi.ooxml.POIXMLFactory - using default POIXMLDocumentPart for http://schemas.microsoft.com/office/2017/10/relationships/person
15:54:30.606 [main] DEBUG org.apache.poi.openxml4j.opc.PackageRelationshipCollection - Parsing relationship: /xl/_rels/workbook.xml.rels
15:54:30.606 [main] DEBUG org.apache.poi.openxml4j.opc.PackageRelationshipCollection - Parsing relationship: /xl/worksheets/_rels/sheet1.xml.rels
15:54:30.606 [main] DEBUG org.apache.poi.openxml4j.opc.PackageRelationshipCollection - Parsing relationship: /_rels/.rels
15:54:30.611 [main] DEBUG org.apache.poi.ooxml.POIXMLFactory - using default POIXMLDocumentPart for http://schemas.microsoft.com/office/2017/10/relationships/person
15:54:30.616 [main] DEBUG org.apache.poi.openxml4j.opc.PackageRelationshipCollection - Parsing relationship: /xl/_rels/workbook.xml.rels
15:54:30.616 [main] DEBUG org.apache.poi.openxml4j.opc.PackageRelationshipCollection - Parsing relationship: /xl/worksheets/_rels/sheet1.xml.rels
15:54:30.616 [main] DEBUG org.apache.poi.openxml4j.opc.PackageRelationshipCollection - Parsing relationship: /_rels/.rels
15:54:30.619 [main] DEBUG org.apache.poi.ooxml.POIXMLFactory - using default POIXMLDocumentPart for http://schemas.microsoft.com/office/2017/10/relationships/person
15:54:30.627 [main] DEBUG org.apache.poi.openxml4j.opc.PackageRelationshipCollection - Parsing relationship: /xl/_rels/workbook.xml.rels
15:54:30.627 [main] DEBUG org.apache.poi.openxml4j.opc.PackageRelationshipCollection - Parsing relationship: /xl/worksheets/_rels/sheet1.xml.rels
15:54:30.627 [main] DEBUG org.apache.poi.openxml4j.opc.PackageRelationshipCollection - Parsing relationship: /_rels/.rels
15:54:30.630 [main] DEBUG org.apache.poi.ooxml.POIXMLFactory - using default POIXMLDocumentPart for http://schemas.microsoft.com/office/2017/10/relationships/person
15:54:30.634 [main] DEBUG org.apache.poi.openxml4j.opc.PackageRelationshipCollection - Parsing relationship: /xl/_rels/workbook.xml.rels
15:54:30.635 [main] DEBUG org.apache.poi.openxml4j.opc.PackageRelationshipCollection - Parsing relationship: /xl/worksheets/_rels/sheet1.xml.rels
15:54:30.635 [main] DEBUG org.apache.poi.openxml4j.opc.PackageRelationshipCollection - Parsing relationship: /_rels/.rels
15:54:30.637 [main] DEBUG org.apache.poi.ooxml.POIXMLFactory - using default POIXMLDocumentPart for http://schemas.microsoft.com/office/2017/10/relationships/person
15:54:30.644 [main] DEBUG org.apache.poi.openxml4j.opc.PackageRelationshipCollection - Parsing relationship: /xl/_rels/workbook.xml.rels
15:54:30.644 [main] DEBUG org.apache.poi.openxml4j.opc.PackageRelationshipCollection - Parsing relationship: /xl/worksheets/_rels/sheet1.xml.rels
15:54:30.644 [main] DEBUG org.apache.poi.openxml4j.opc.PackageRelationshipCollection - Parsing relationship: /_rels/.rels
15:54:30.646 [main] DEBUG org.apache.poi.ooxml.POIXMLFactory - using default POIXMLDocumentPart for http://schemas.microsoft.com/office/2017/10/relationships/person
15:54:30.652 [main] DEBUG org.apache.poi.openxml4j.opc.PackageRelationshipCollection - Parsing relationship: /xl/_rels/workbook.xml.rels
15:54:30.652 [main] DEBUG org.apache.poi.openxml4j.opc.PackageRelationshipCollection - Parsing relationship: /xl/worksheets/_rels/sheet1.xml.rels
15:54:30.653 [main] DEBUG org.apache.poi.openxml4j.opc.PackageRelationshipCollection - Parsing relationship: /_rels/.rels
15:54:30.656 [main] DEBUG org.apache.poi.ooxml.POIXMLFactory - using default POIXMLDocumentPart for http://schemas.microsoft.com/office/2017/10/relationships/person
15:54:30.663 [main] DEBUG org.apache.poi.openxml4j.opc.PackageRelationshipCollection - Parsing relationship: /xl/_rels/workbook.xml.rels
15:54:30.663 [main] DEBUG org.apache.poi.openxml4j.opc.PackageRelationshipCollection - Parsing relationship: /xl/worksheets/_rels/sheet1.xml.rels
15:54:30.664 [main] DEBUG org.apache.poi.openxml4j.opc.PackageRelationshipCollection - Parsing relationship: /_rels/.rels
15:54:30.666 [main] DEBUG org.apache.poi.ooxml.POIXMLFactory - using default POIXMLDocumentPart for http://schemas.microsoft.com/office/2017/10/relationships/person
15:54:30.671 [main] DEBUG org.apache.poi.openxml4j.opc.PackageRelationshipCollection - Parsing relationship: /xl/_rels/workbook.xml.rels
15:54:30.672 [main] DEBUG org.apache.poi.openxml4j.opc.PackageRelationshipCollection - Parsing relationship: /xl/worksheets/_rels/sheet1.xml.rels
15:54:30.672 [main] DEBUG org.apache.poi.openxml4j.opc.PackageRelationshipCollection - Parsing relationship: /_rels/.rels
15:54:30.674 [main] DEBUG org.apache.poi.ooxml.POIXMLFactory - using default POIXMLDocumentPart for http://schemas.microsoft.com/office/2017/10/relationships/person
15:54:30.683 [main] DEBUG org.apache.poi.openxml4j.opc.PackageRelationshipCollection - Parsing relationship: /xl/_rels/workbook.xml.rels
15:54:30.683 [main] DEBUG org.apache.poi.openxml4j.opc.PackageRelationshipCollection - Parsing relationship: /xl/worksheets/_rels/sheet1.xml.rels
15:54:30.683 [main] DEBUG org.apache.poi.openxml4j.opc.PackageRelationshipCollection - Parsing relationship: /_rels/.rels
15:54:30.687 [main] DEBUG org.apache.poi.ooxml.POIXMLFactory - using default POIXMLDocumentPart for http://schemas.microsoft.com/office/2017/10/relationships/person
15:54:30.694 [main] DEBUG org.apache.poi.openxml4j.opc.PackageRelationshipCollection - Parsing relationship: /xl/_rels/workbook.xml.rels
15:54:30.694 [main] DEBUG org.apache.poi.openxml4j.opc.PackageRelationshipCollection - Parsing relationship: /xl/worksheets/_rels/sheet1.xml.rels
15:54:30.694 [main] DEBUG org.apache.poi.openxml4j.opc.PackageRelationshipCollection - Parsing relationship: /_rels/.rels
15:54:30.696 [main] DEBUG org.apache.poi.ooxml.POIXMLFactory - using default POIXMLDocumentPart for http://schemas.microsoft.com/office/2017/10/relationships/person
15:54:30.702 [main] DEBUG org.apache.poi.openxml4j.opc.PackageRelationshipCollection - Parsing relationship: /xl/_rels/workbook.xml.rels
15:54:30.702 [main] DEBUG org.apache.poi.openxml4j.opc.PackageRelationshipCollection - Parsing relationship: /xl/worksheets/_rels/sheet1.xml.rels
15:54:30.702 [main] DEBUG org.apache.poi.openxml4j.opc.PackageRelationshipCollection - Parsing relationship: /_rels/.rels
15:54:30.704 [main] DEBUG org.apache.poi.ooxml.POIXMLFactory - using default POIXMLDocumentPart for http://schemas.microsoft.com/office/2017/10/relationships/person
15:54:30.711 [main] DEBUG org.apache.poi.openxml4j.opc.PackageRelationshipCollection - Parsing relationship: /xl/_rels/workbook.xml.rels
15:54:30.711 [main] DEBUG org.apache.poi.openxml4j.opc.PackageRelationshipCollection - Parsing relationship: /xl/worksheets/_rels/sheet1.xml.rels
15:54:30.711 [main] DEBUG org.apache.poi.openxml4j.opc.PackageRelationshipCollection - Parsing relationship: /_rels/.rels
15:54:30.713 [main] DEBUG org.apache.poi.ooxml.POIXMLFactory - using default POIXMLDocumentPart for http://schemas.microsoft.com/office/2017/10/relationships/person
15:54:30.718 [main] DEBUG org.apache.poi.openxml4j.opc.PackageRelationshipCollection - Parsing relationship: /xl/_rels/workbook.xml.rels
15:54:30.718 [main] DEBUG org.apache.poi.openxml4j.opc.PackageRelationshipCollection - Parsing relationship: /xl/worksheets/_rels/sheet1.xml.rels
15:54:30.718 [main] DEBUG org.apache.poi.openxml4j.opc.PackageRelationshipCollection - Parsing relationship: /_rels/.rels
15:54:30.721 [main] DEBUG org.apache.poi.ooxml.POIXMLFactory - using default POIXMLDocumentPart for http://schemas.microsoft.com/office/2017/10/relationships/person
15:54:30.726 [main] DEBUG org.apache.poi.openxml4j.opc.PackageRelationshipCollection - Parsing relationship: /xl/_rels/workbook.xml.rels
15:54:30.726 [main] DEBUG org.apache.poi.openxml4j.opc.PackageRelationshipCollection - Parsing relationship: /xl/worksheets/_rels/sheet1.xml.rels
15:54:30.726 [main] DEBUG org.apache.poi.openxml4j.opc.PackageRelationshipCollection - Parsing relationship: /_rels/.rels
15:54:30.728 [main] DEBUG org.apache.poi.ooxml.POIXMLFactory - using default POIXMLDocumentPart for http://schemas.microsoft.com/office/2017/10/relationships/person
15:54:30.733 [main] DEBUG org.apache.poi.openxml4j.opc.PackageRelationshipCollection - Parsing relationship: /xl/_rels/workbook.xml.rels
15:54:30.733 [main] DEBUG org.apache.poi.openxml4j.opc.PackageRelationshipCollection - Parsing relationship: /xl/worksheets/_rels/sheet1.xml.rels
15:54:30.734 [main] DEBUG org.apache.poi.openxml4j.opc.PackageRelationshipCollection - Parsing relationship: /_rels/.rels
15:54:30.736 [main] DEBUG org.apache.poi.ooxml.POIXMLFactory - using default POIXMLDocumentPart for http://schemas.microsoft.com/office/2017/10/relationships/person
15:54:30.740 [main] DEBUG org.apache.poi.openxml4j.opc.PackageRelationshipCollection - Parsing relationship: /xl/_rels/workbook.xml.rels
15:54:30.740 [main] DEBUG org.apache.poi.openxml4j.opc.PackageRelationshipCollection - Parsing relationship: /xl/worksheets/_rels/sheet1.xml.rels
15:54:30.740 [main] DEBUG org.apache.poi.openxml4j.opc.PackageRelationshipCollection - Parsing relationship: /_rels/.rels
15:54:30.743 [main] DEBUG org.apache.poi.ooxml.POIXMLFactory - using default POIXMLDocumentPart for http://schemas.microsoft.com/office/2017/10/relationships/person
15:54:30.747 [main] DEBUG org.apache.poi.openxml4j.opc.PackageRelationshipCollection - Parsing relationship: /xl/_rels/workbook.xml.rels
15:54:30.748 [main] DEBUG org.apache.poi.openxml4j.opc.PackageRelationshipCollection - Parsing relationship: /xl/worksheets/_rels/sheet1.xml.rels
15:54:30.748 [main] DEBUG org.apache.poi.openxml4j.opc.PackageRelationshipCollection - Parsing relationship: /_rels/.rels
15:54:30.751 [main] DEBUG org.apache.poi.ooxml.POIXMLFactory - using default POIXMLDocumentPart for http://schemas.microsoft.com/office/2017/10/relationships/person
15:54:30.759 [main] DEBUG org.apache.poi.openxml4j.opc.PackageRelationshipCollection - Parsing relationship: /xl/_rels/workbook.xml.rels
15:54:30.759 [main] DEBUG org.apache.poi.openxml4j.opc.PackageRelationshipCollection - Parsing relationship: /xl/worksheets/_rels/sheet1.xml.rels
15:54:30.759 [main] DEBUG org.apache.poi.openxml4j.opc.PackageRelationshipCollection - Parsing relationship: /_rels/.rels
15:54:30.763 [main] DEBUG org.apache.poi.ooxml.POIXMLFactory - using default POIXMLDocumentPart for http://schemas.microsoft.com/office/2017/10/relationships/person
15:54:30.770 [main] DEBUG org.apache.poi.openxml4j.opc.PackageRelationshipCollection - Parsing relationship: /xl/_rels/workbook.xml.rels
15:54:30.771 [main] DEBUG org.apache.poi.openxml4j.opc.PackageRelationshipCollection - Parsing relationship: /xl/worksheets/_rels/sheet1.xml.rels
15:54:30.771 [main] DEBUG org.apache.poi.openxml4j.opc.PackageRelationshipCollection - Parsing relationship: /_rels/.rels
15:54:30.773 [main] DEBUG org.apache.poi.ooxml.POIXMLFactory - using default POIXMLDocumentPart for http://schemas.microsoft.com/office/2017/10/relationships/person
15:54:30.779 [main] DEBUG org.apache.poi.openxml4j.opc.PackageRelationshipCollection - Parsing relationship: /xl/_rels/workbook.xml.rels
15:54:30.779 [main] DEBUG org.apache.poi.openxml4j.opc.PackageRelationshipCollection - Parsing relationship: /xl/worksheets/_rels/sheet1.xml.rels
15:54:30.779 [main] DEBUG org.apache.poi.openxml4j.opc.PackageRelationshipCollection - Parsing relationship: /_rels/.rels
15:54:30.782 [main] DEBUG org.apache.poi.ooxml.POIXMLFactory - using default POIXMLDocumentPart for http://schemas.microsoft.com/office/2017/10/relationships/person
15:54:30.787 [main] DEBUG org.apache.poi.openxml4j.opc.PackageRelationshipCollection - Parsing relationship: /xl/_rels/workbook.xml.rels
15:54:30.787 [main] DEBUG org.apache.poi.openxml4j.opc.PackageRelationshipCollection - Parsing relationship: /xl/worksheets/_rels/sheet1.xml.rels
15:54:30.787 [main] DEBUG org.apache.poi.openxml4j.opc.PackageRelationshipCollection - Parsing relationship: /_rels/.rels
15:54:30.790 [main] DEBUG org.apache.poi.ooxml.POIXMLFactory - using default POIXMLDocumentPart for http://schemas.microsoft.com/office/2017/10/relationships/person
15:54:30.797 [main] DEBUG org.apache.poi.openxml4j.opc.PackageRelationshipCollection - Parsing relationship: /xl/_rels/workbook.xml.rels
15:54:30.798 [main] DEBUG org.apache.poi.openxml4j.opc.PackageRelationshipCollection - Parsing relationship: /xl/worksheets/_rels/sheet1.xml.rels
15:54:30.798 [main] DEBUG org.apache.poi.openxml4j.opc.PackageRelationshipCollection - Parsing relationship: /_rels/.rels
15:54:30.800 [main] DEBUG org.apache.poi.ooxml.POIXMLFactory - using default POIXMLDocumentPart for http://schemas.microsoft.com/office/2017/10/relationships/person
15:54:30.805 [main] DEBUG org.apache.poi.openxml4j.opc.PackageRelationshipCollection - Parsing relationship: /xl/_rels/workbook.xml.rels
15:54:30.805 [main] DEBUG org.apache.poi.openxml4j.opc.PackageRelationshipCollection - Parsing relationship: /xl/worksheets/_rels/sheet1.xml.rels
15:54:30.806 [main] DEBUG org.apache.poi.openxml4j.opc.PackageRelationshipCollection - Parsing relationship: /_rels/.rels
15:54:30.809 [main] DEBUG org.apache.poi.ooxml.POIXMLFactory - using default POIXMLDocumentPart for http://schemas.microsoft.com/office/2017/10/relationships/person
15:54:30.817 [main] DEBUG org.apache.poi.openxml4j.opc.PackageRelationshipCollection - Parsing relationship: /xl/_rels/workbook.xml.rels
15:54:30.818 [main] DEBUG org.apache.poi.openxml4j.opc.PackageRelationshipCollection - Parsing relationship: /xl/worksheets/_rels/sheet1.xml.rels
15:54:30.818 [main] DEBUG org.apache.poi.openxml4j.opc.PackageRelationshipCollection - Parsing relationship: /_rels/.rels
15:54:30.820 [main] DEBUG org.apache.poi.ooxml.POIXMLFactory - using default POIXMLDocumentPart for http://schemas.microsoft.com/office/2017/10/relationships/person
15:54:30.826 [main] DEBUG org.apache.poi.openxml4j.opc.PackageRelationshipCollection - Parsing relationship: /xl/_rels/workbook.xml.rels
15:54:30.826 [main] DEBUG org.apache.poi.openxml4j.opc.PackageRelationshipCollection - Parsing relationship: /xl/worksheets/_rels/sheet1.xml.rels
15:54:30.826 [main] DEBUG org.apache.poi.openxml4j.opc.PackageRelationshipCollection - Parsing relationship: /_rels/.rels
15:54:30.828 [main] DEBUG org.apache.poi.ooxml.POIXMLFactory - using default POIXMLDocumentPart for http://schemas.microsoft.com/office/2017/10/relationships/person
15:54:30.833 [main] DEBUG org.apache.poi.openxml4j.opc.PackageRelationshipCollection - Parsing relationship: /xl/_rels/workbook.xml.rels
15:54:30.833 [main] DEBUG org.apache.poi.openxml4j.opc.PackageRelationshipCollection - Parsing relationship: /xl/worksheets/_rels/sheet1.xml.rels
15:54:30.833 [main] DEBUG org.apache.poi.openxml4j.opc.PackageRelationshipCollection - Parsing relationship: /_rels/.rels
15:54:30.835 [main] DEBUG org.apache.poi.ooxml.POIXMLFactory - using default POIXMLDocumentPart for http://schemas.microsoft.com/office/2017/10/relationships/person
15:54:30.839 [main] DEBUG org.apache.poi.openxml4j.opc.PackageRelationshipCollection - Parsing relationship: /xl/_rels/workbook.xml.rels
15:54:30.839 [main] DEBUG org.apache.poi.openxml4j.opc.PackageRelationshipCollection - Parsing relationship: /xl/worksheets/_rels/sheet1.xml.rels
15:54:30.839 [main] DEBUG org.apache.poi.openxml4j.opc.PackageRelationshipCollection - Parsing relationship: /_rels/.rels
15:54:30.841 [main] DEBUG org.apache.poi.ooxml.POIXMLFactory - using default POIXMLDocumentPart for http://schemas.microsoft.com/office/2017/10/relationships/person
15:54:30.849 [main] DEBUG org.apache.poi.openxml4j.opc.PackageRelationshipCollection - Parsing relationship: /xl/_rels/workbook.xml.rels
15:54:30.849 [main] DEBUG org.apache.poi.openxml4j.opc.PackageRelationshipCollection - Parsing relationship: /xl/worksheets/_rels/sheet1.xml.rels
15:54:30.849 [main] DEBUG org.apache.poi.openxml4j.opc.PackageRelationshipCollection - Parsing relationship: /_rels/.rels
15:54:30.851 [main] DEBUG org.apache.poi.ooxml.POIXMLFactory - using default POIXMLDocumentPart for http://schemas.microsoft.com/office/2017/10/relationships/person
15:54:30.856 [main] DEBUG org.apache.poi.openxml4j.opc.PackageRelationshipCollection - Parsing relationship: /xl/_rels/workbook.xml.rels
15:54:30.856 [main] DEBUG org.apache.poi.openxml4j.opc.PackageRelationshipCollection - Parsing relationship: /xl/worksheets/_rels/sheet1.xml.rels
15:54:30.856 [main] DEBUG org.apache.poi.openxml4j.opc.PackageRelationshipCollection - Parsing relationship: /_rels/.rels
15:54:30.859 [main] DEBUG org.apache.poi.ooxml.POIXMLFactory - using default POIXMLDocumentPart for http://schemas.microsoft.com/office/2017/10/relationships/person
15:54:30.863 [main] DEBUG org.apache.poi.openxml4j.opc.PackageRelationshipCollection - Parsing relationship: /xl/_rels/workbook.xml.rels
15:54:30.863 [main] DEBUG org.apache.poi.openxml4j.opc.PackageRelationshipCollection - Parsing relationship: /xl/worksheets/_rels/sheet1.xml.rels
15:54:30.864 [main] DEBUG org.apache.poi.openxml4j.opc.PackageRelationshipCollection - Parsing relationship: /_rels/.rels
15:54:30.865 [main] DEBUG org.apache.poi.ooxml.POIXMLFactory - using default POIXMLDocumentPart for http://schemas.microsoft.com/office/2017/10/relationships/person
15:54:30.869 [main] DEBUG org.apache.poi.openxml4j.opc.PackageRelationshipCollection - Parsing relationship: /xl/_rels/workbook.xml.rels
15:54:30.870 [main] DEBUG org.apache.poi.openxml4j.opc.PackageRelationshipCollection - Parsing relationship: /xl/worksheets/_rels/sheet1.xml.rels
15:54:30.870 [main] DEBUG org.apache.poi.openxml4j.opc.PackageRelationshipCollection - Parsing relationship: /_rels/.rels
15:54:30.872 [main] DEBUG org.apache.poi.ooxml.POIXMLFactory - using default POIXMLDocumentPart for http://schemas.microsoft.com/office/2017/10/relationships/person
15:54:30.877 [main] DEBUG org.apache.poi.openxml4j.opc.PackageRelationshipCollection - Parsing relationship: /xl/_rels/workbook.xml.rels
15:54:30.877 [main] DEBUG org.apache.poi.openxml4j.opc.PackageRelationshipCollection - Parsing relationship: /xl/worksheets/_rels/sheet1.xml.rels
15:54:30.877 [main] DEBUG org.apache.poi.openxml4j.opc.PackageRelationshipCollection - Parsing relationship: /_rels/.rels
15:54:30.880 [main] DEBUG org.apache.poi.ooxml.POIXMLFactory - using default POIXMLDocumentPart for http://schemas.microsoft.com/office/2017/10/relationships/person
15:54:30.885 [main] DEBUG org.apache.poi.openxml4j.opc.PackageRelationshipCollection - Parsing relationship: /xl/_rels/workbook.xml.rels
15:54:30.885 [main] DEBUG org.apache.poi.openxml4j.opc.PackageRelationshipCollection - Parsing relationship: /xl/worksheets/_rels/sheet1.xml.rels
15:54:30.885 [main] DEBUG org.apache.poi.openxml4j.opc.PackageRelationshipCollection - Parsing relationship: /_rels/.rels
15:54:30.887 [main] DEBUG org.apache.poi.ooxml.POIXMLFactory - using default POIXMLDocumentPart for http://schemas.microsoft.com/office/2017/10/relationships/person
15:54:30.893 [main] DEBUG org.apache.poi.openxml4j.opc.PackageRelationshipCollection - Parsing relationship: /xl/_rels/workbook.xml.rels
15:54:30.893 [main] DEBUG org.apache.poi.openxml4j.opc.PackageRelationshipCollection - Parsing relationship: /xl/worksheets/_rels/sheet1.xml.rels
15:54:30.893 [main] DEBUG org.apache.poi.openxml4j.opc.PackageRelationshipCollection - Parsing relationship: /_rels/.rels
15:54:30.895 [main] DEBUG org.apache.poi.ooxml.POIXMLFactory - using default POIXMLDocumentPart for http://schemas.microsoft.com/office/2017/10/relationships/person
15:54:30.899 [main] DEBUG org.apache.poi.openxml4j.opc.PackageRelationshipCollection - Parsing relationship: /xl/_rels/workbook.xml.rels
15:54:30.900 [main] DEBUG org.apache.poi.openxml4j.opc.PackageRelationshipCollection - Parsing relationship: /xl/worksheets/_rels/sheet1.xml.rels
15:54:30.900 [main] DEBUG org.apache.poi.openxml4j.opc.PackageRelationshipCollection - Parsing relationship: /_rels/.rels
15:54:30.902 [main] DEBUG org.apache.poi.ooxml.POIXMLFactory - using default POIXMLDocumentPart for http://schemas.microsoft.com/office/2017/10/relationships/person
15:54:30.907 [main] DEBUG org.apache.poi.openxml4j.opc.PackageRelationshipCollection - Parsing relationship: /xl/_rels/workbook.xml.rels
15:54:30.907 [main] DEBUG org.apache.poi.openxml4j.opc.PackageRelationshipCollection - Parsing relationship: /xl/worksheets/_rels/sheet1.xml.rels
15:54:30.907 [main] DEBUG org.apache.poi.openxml4j.opc.PackageRelationshipCollection - Parsing relationship: /_rels/.rels
15:54:30.911 [main] DEBUG org.apache.poi.ooxml.POIXMLFactory - using default POIXMLDocumentPart for http://schemas.microsoft.com/office/2017/10/relationships/person
15:54:30.916 [main] DEBUG org.apache.poi.openxml4j.opc.PackageRelationshipCollection - Parsing relationship: /xl/_rels/workbook.xml.rels
15:54:30.916 [main] DEBUG org.apache.poi.openxml4j.opc.PackageRelationshipCollection - Parsing relationship: /xl/worksheets/_rels/sheet1.xml.rels
15:54:30.916 [main] DEBUG org.apache.poi.openxml4j.opc.PackageRelationshipCollection - Parsing relationship: /_rels/.rels
15:54:30.918 [main] DEBUG org.apache.poi.ooxml.POIXMLFactory - using default POIXMLDocumentPart for http://schemas.microsoft.com/office/2017/10/relationships/person
15:54:30.923 [main] DEBUG org.apache.poi.openxml4j.opc.PackageRelationshipCollection - Parsing relationship: /xl/_rels/workbook.xml.rels
15:54:30.923 [main] DEBUG org.apache.poi.openxml4j.opc.PackageRelationshipCollection - Parsing relationship: /xl/worksheets/_rels/sheet1.xml.rels
15:54:30.924 [main] DEBUG org.apache.poi.openxml4j.opc.PackageRelationshipCollection - Parsing relationship: /_rels/.rels
15:54:30.928 [main] DEBUG org.apache.poi.ooxml.POIXMLFactory - using default POIXMLDocumentPart for http://schemas.microsoft.com/office/2017/10/relationships/person
15:54:30.932 [main] DEBUG org.apache.poi.openxml4j.opc.PackageRelationshipCollection - Parsing relationship: /xl/_rels/workbook.xml.rels
15:54:30.933 [main] DEBUG org.apache.poi.openxml4j.opc.PackageRelationshipCollection - Parsing relationship: /xl/worksheets/_rels/sheet1.xml.rels
15:54:30.933 [main] DEBUG org.apache.poi.openxml4j.opc.PackageRelationshipCollection - Parsing relationship: /_rels/.rels
15:54:30.935 [main] DEBUG org.apache.poi.ooxml.POIXMLFactory - using default POIXMLDocumentPart for http://schemas.microsoft.com/office/2017/10/relationships/person
15:54:30.939 [main] DEBUG org.apache.poi.openxml4j.opc.PackageRelationshipCollection - Parsing relationship: /xl/_rels/workbook.xml.rels
15:54:30.940 [main] DEBUG org.apache.poi.openxml4j.opc.PackageRelationshipCollection - Parsing relationship: /xl/worksheets/_rels/sheet1.xml.rels
15:54:30.940 [main] DEBUG org.apache.poi.openxml4j.opc.PackageRelationshipCollection - Parsing relationship: /_rels/.rels
15:54:30.943 [main] DEBUG org.apache.poi.ooxml.POIXMLFactory - using default POIXMLDocumentPart for http://schemas.microsoft.com/office/2017/10/relationships/person
15:54:30.948 [main] DEBUG org.apache.poi.openxml4j.opc.PackageRelationshipCollection - Parsing relationship: /xl/_rels/workbook.xml.rels
15:54:30.948 [main] DEBUG org.apache.poi.openxml4j.opc.PackageRelationshipCollection - Parsing relationship: /xl/worksheets/_rels/sheet1.xml.rels
15:54:30.948 [main] DEBUG org.apache.poi.openxml4j.opc.PackageRelationshipCollection - Parsing relationship: /_rels/.rels
15:54:30.950 [main] DEBUG org.apache.poi.ooxml.POIXMLFactory - using default POIXMLDocumentPart for http://schemas.microsoft.com/office/2017/10/relationships/person
15:54:30.955 [main] DEBUG org.apache.poi.openxml4j.opc.PackageRelationshipCollection - Parsing relationship: /xl/_rels/workbook.xml.rels
15:54:30.955 [main] DEBUG org.apache.poi.openxml4j.opc.PackageRelationshipCollection - Parsing relationship: /xl/worksheets/_rels/sheet1.xml.rels
15:54:30.955 [main] DEBUG org.apache.poi.openxml4j.opc.PackageRelationshipCollection - Parsing relationship: /_rels/.rels
15:54:30.957 [main] DEBUG org.apache.poi.ooxml.POIXMLFactory - using default POIXMLDocumentPart for http://schemas.microsoft.com/office/2017/10/relationships/person
15:54:30.962 [main] DEBUG org.apache.poi.openxml4j.opc.PackageRelationshipCollection - Parsing relationship: /xl/_rels/workbook.xml.rels
15:54:30.962 [main] DEBUG org.apache.poi.openxml4j.opc.PackageRelationshipCollection - Parsing relationship: /xl/worksheets/_rels/sheet1.xml.rels
15:54:30.962 [main] DEBUG org.apache.poi.openxml4j.opc.PackageRelationshipCollection - Parsing relationship: /_rels/.rels
15:54:30.964 [main] DEBUG org.apache.poi.ooxml.POIXMLFactory - using default POIXMLDocumentPart for http://schemas.microsoft.com/office/2017/10/relationships/person
15:54:30.970 [main] DEBUG org.apache.poi.openxml4j.opc.PackageRelationshipCollection - Parsing relationship: /xl/_rels/workbook.xml.rels
15:54:30.971 [main] DEBUG org.apache.poi.openxml4j.opc.PackageRelationshipCollection - Parsing relationship: /xl/worksheets/_rels/sheet1.xml.rels
15:54:30.971 [main] DEBUG org.apache.poi.openxml4j.opc.PackageRelationshipCollection - Parsing relationship: /_rels/.rels
15:54:30.973 [main] DEBUG org.apache.poi.ooxml.POIXMLFactory - using default POIXMLDocumentPart for http://schemas.microsoft.com/office/2017/10/relationships/person
15:54:30.978 [main] DEBUG org.apache.poi.openxml4j.opc.PackageRelationshipCollection - Parsing relationship: /xl/_rels/workbook.xml.rels
15:54:30.979 [main] DEBUG org.apache.poi.openxml4j.opc.PackageRelationshipCollection - Parsing relationship: /xl/worksheets/_rels/sheet1.xml.rels
15:54:30.979 [main] DEBUG org.apache.poi.openxml4j.opc.PackageRelationshipCollection - Parsing relationship: /_rels/.rels
15:54:30.981 [main] DEBUG org.apache.poi.ooxml.POIXMLFactory - using default POIXMLDocumentPart for http://schemas.microsoft.com/office/2017/10/relationships/person
15:54:30.984 [main] DEBUG org.apache.poi.openxml4j.opc.PackageRelationshipCollection - Parsing relationship: /xl/_rels/workbook.xml.rels
15:54:30.984 [main] DEBUG org.apache.poi.openxml4j.opc.PackageRelationshipCollection - Parsing relationship: /xl/worksheets/_rels/sheet1.xml.rels
15:54:30.984 [main] DEBUG org.apache.poi.openxml4j.opc.PackageRelationshipCollection - Parsing relationship: /_rels/.rels
15:54:30.986 [main] DEBUG org.apache.poi.ooxml.POIXMLFactory - using default POIXMLDocumentPart for http://schemas.microsoft.com/office/2017/10/relationships/person
15:54:30.989 [main] DEBUG org.apache.poi.openxml4j.opc.PackageRelationshipCollection - Parsing relationship: /xl/_rels/workbook.xml.rels
15:54:30.990 [main] DEBUG org.apache.poi.openxml4j.opc.PackageRelationshipCollection - Parsing relationship: /xl/worksheets/_rels/sheet1.xml.rels
15:54:30.990 [main] DEBUG org.apache.poi.openxml4j.opc.PackageRelationshipCollection - Parsing relationship: /_rels/.rels
15:54:30.992 [main] DEBUG org.apache.poi.ooxml.POIXMLFactory - using default POIXMLDocumentPart for http://schemas.microsoft.com/office/2017/10/relationships/person
15:54:30.996 [main] DEBUG org.apache.poi.openxml4j.opc.PackageRelationshipCollection - Parsing relationship: /xl/_rels/workbook.xml.rels
15:54:30.996 [main] DEBUG org.apache.poi.openxml4j.opc.PackageRelationshipCollection - Parsing relationship: /xl/worksheets/_rels/sheet1.xml.rels
15:54:30.996 [main] DEBUG org.apache.poi.openxml4j.opc.PackageRelationshipCollection - Parsing relationship: /_rels/.rels
15:54:30.998 [main] DEBUG org.apache.poi.ooxml.POIXMLFactory - using default POIXMLDocumentPart for http://schemas.microsoft.com/office/2017/10/relationships/person
15:54:31.002 [main] DEBUG org.apache.poi.openxml4j.opc.PackageRelationshipCollection - Parsing relationship: /xl/_rels/workbook.xml.rels
15:54:31.002 [main] DEBUG org.apache.poi.openxml4j.opc.PackageRelationshipCollection - Parsing relationship: /xl/worksheets/_rels/sheet1.xml.rels
15:54:31.002 [main] DEBUG org.apache.poi.openxml4j.opc.PackageRelationshipCollection - Parsing relationship: /_rels/.rels
15:54:31.003 [main] DEBUG org.apache.poi.ooxml.POIXMLFactory - using default POIXMLDocumentPart for http://schemas.microsoft.com/office/2017/10/relationships/person
15:54:31.007 [main] DEBUG org.apache.poi.openxml4j.opc.PackageRelationshipCollection - Parsing relationship: /xl/_rels/workbook.xml.rels
15:54:31.007 [main] DEBUG org.apache.poi.openxml4j.opc.PackageRelationshipCollection - Parsing relationship: /xl/worksheets/_rels/sheet1.xml.rels
15:54:31.007 [main] DEBUG org.apache.poi.openxml4j.opc.PackageRelationshipCollection - Parsing relationship: /_rels/.rels
15:54:31.010 [main] DEBUG org.apache.poi.ooxml.POIXMLFactory - using default POIXMLDocumentPart for http://schemas.microsoft.com/office/2017/10/relationships/person
15:54:31.013 [main] DEBUG org.apache.poi.openxml4j.opc.PackageRelationshipCollection - Parsing relationship: /xl/_rels/workbook.xml.rels
15:54:31.013 [main] DEBUG org.apache.poi.openxml4j.opc.PackageRelationshipCollection - Parsing relationship: /xl/worksheets/_rels/sheet1.xml.rels
15:54:31.013 [main] DEBUG org.apache.poi.openxml4j.opc.PackageRelationshipCollection - Parsing relationship: /_rels/.rels
15:54:31.015 [main] DEBUG org.apache.poi.ooxml.POIXMLFactory - using default POIXMLDocumentPart for http://schemas.microsoft.com/office/2017/10/relationships/person
15:54:31.018 [main] DEBUG org.apache.poi.openxml4j.opc.PackageRelationshipCollection - Parsing relationship: /xl/_rels/workbook.xml.rels
15:54:31.019 [main] DEBUG org.apache.poi.openxml4j.opc.PackageRelationshipCollection - Parsing relationship: /xl/worksheets/_rels/sheet1.xml.rels
15:54:31.019 [main] DEBUG org.apache.poi.openxml4j.opc.PackageRelationshipCollection - Parsing relationship: /_rels/.rels
15:54:31.020 [main] DEBUG org.apache.poi.ooxml.POIXMLFactory - using default POIXMLDocumentPart for http://schemas.microsoft.com/office/2017/10/relationships/person
15:54:31.024 [main] DEBUG org.apache.poi.openxml4j.opc.PackageRelationshipCollection - Parsing relationship: /xl/_rels/workbook.xml.rels
15:54:31.024 [main] DEBUG org.apache.poi.openxml4j.opc.PackageRelationshipCollection - Parsing relationship: /xl/worksheets/_rels/sheet1.xml.rels
15:54:31.024 [main] DEBUG org.apache.poi.openxml4j.opc.PackageRelationshipCollection - Parsing relationship: /_rels/.rels
15:54:31.026 [main] DEBUG org.apache.poi.ooxml.POIXMLFactory - using default POIXMLDocumentPart for http://schemas.microsoft.com/office/2017/10/relationships/person
15:54:31.030 [main] DEBUG org.apache.poi.openxml4j.opc.PackageRelationshipCollection - Parsing relationship: /xl/_rels/workbook.xml.rels
15:54:31.030 [main] DEBUG org.apache.poi.openxml4j.opc.PackageRelationshipCollection - Parsing relationship: /xl/worksheets/_rels/sheet1.xml.rels
15:54:31.031 [main] DEBUG org.apache.poi.openxml4j.opc.PackageRelationshipCollection - Parsing relationship: /_rels/.rels
15:54:31.032 [main] DEBUG org.apache.poi.ooxml.POIXMLFactory - using default POIXMLDocumentPart for http://schemas.microsoft.com/office/2017/10/relationships/person
15:54:31.036 [main] DEBUG org.apache.poi.openxml4j.opc.PackageRelationshipCollection - Parsing relationship: /xl/_rels/workbook.xml.rels
15:54:31.036 [main] DEBUG org.apache.poi.openxml4j.opc.PackageRelationshipCollection - Parsing relationship: /xl/worksheets/_rels/sheet1.xml.rels
15:54:31.036 [main] DEBUG org.apache.poi.openxml4j.opc.PackageRelationshipCollection - Parsing relationship: /_rels/.rels
15:54:31.038 [main] DEBUG org.apache.poi.ooxml.POIXMLFactory - using default POIXMLDocumentPart for http://schemas.microsoft.com/office/2017/10/relationships/person
15:54:31.042 [main] DEBUG org.apache.poi.openxml4j.opc.PackageRelationshipCollection - Parsing relationship: /xl/_rels/workbook.xml.rels
15:54:31.042 [main] DEBUG org.apache.poi.openxml4j.opc.PackageRelationshipCollection - Parsing relationship: /xl/worksheets/_rels/sheet1.xml.rels
15:54:31.042 [main] DEBUG org.apache.poi.openxml4j.opc.PackageRelationshipCollection - Parsing relationship: /_rels/.rels
15:54:31.044 [main] DEBUG org.apache.poi.ooxml.POIXMLFactory - using default POIXMLDocumentPart for http://schemas.microsoft.com/office/2017/10/relationships/person
15:54:31.047 [main] DEBUG org.apache.poi.openxml4j.opc.PackageRelationshipCollection - Parsing relationship: /xl/_rels/workbook.xml.rels
15:54:31.048 [main] DEBUG org.apache.poi.openxml4j.opc.PackageRelationshipCollection - Parsing relationship: /xl/worksheets/_rels/sheet1.xml.rels
15:54:31.048 [main] DEBUG org.apache.poi.openxml4j.opc.PackageRelationshipCollection - Parsing relationship: /_rels/.rels
15:54:31.049 [main] DEBUG org.apache.poi.ooxml.POIXMLFactory - using default POIXMLDocumentPart for http://schemas.microsoft.com/office/2017/10/relationships/person
15:54:31.053 [main] DEBUG org.apache.poi.openxml4j.opc.PackageRelationshipCollection - Parsing relationship: /xl/_rels/workbook.xml.rels
15:54:31.053 [main] DEBUG org.apache.poi.openxml4j.opc.PackageRelationshipCollection - Parsing relationship: /xl/worksheets/_rels/sheet1.xml.rels
15:54:31.053 [main] DEBUG org.apache.poi.openxml4j.opc.PackageRelationshipCollection - Parsing relationship: /_rels/.rels
15:54:31.055 [main] DEBUG org.apache.poi.ooxml.POIXMLFactory - using default POIXMLDocumentPart for http://schemas.microsoft.com/office/2017/10/relationships/person
15:54:31.060 [main] DEBUG org.apache.poi.openxml4j.opc.PackageRelationshipCollection - Parsing relationship: /xl/_rels/workbook.xml.rels
15:54:31.060 [main] DEBUG org.apache.poi.openxml4j.opc.PackageRelationshipCollection - Parsing relationship: /xl/worksheets/_rels/sheet1.xml.rels
15:54:31.060 [main] DEBUG org.apache.poi.openxml4j.opc.PackageRelationshipCollection - Parsing relationship: /_rels/.rels
15:54:31.062 [main] DEBUG org.apache.poi.ooxml.POIXMLFactory - using default POIXMLDocumentPart for http://schemas.microsoft.com/office/2017/10/relationships/person
15:54:31.065 [main] DEBUG org.apache.poi.openxml4j.opc.PackageRelationshipCollection - Parsing relationship: /xl/_rels/workbook.xml.rels
15:54:31.066 [main] DEBUG org.apache.poi.openxml4j.opc.PackageRelationshipCollection - Parsing relationship: /xl/worksheets/_rels/sheet1.xml.rels
15:54:31.066 [main] DEBUG org.apache.poi.openxml4j.opc.PackageRelationshipCollection - Parsing relationship: /_rels/.rels
15:54:31.067 [main] DEBUG org.apache.poi.ooxml.POIXMLFactory - using default POIXMLDocumentPart for http://schemas.microsoft.com/office/2017/10/relationships/person
15:54:31.071 [main] DEBUG org.apache.poi.openxml4j.opc.PackageRelationshipCollection - Parsing relationship: /xl/_rels/workbook.xml.rels
15:54:31.071 [main] DEBUG org.apache.poi.openxml4j.opc.PackageRelationshipCollection - Parsing relationship: /xl/worksheets/_rels/sheet1.xml.rels
15:54:31.072 [main] DEBUG org.apache.poi.openxml4j.opc.PackageRelationshipCollection - Parsing relationship: /_rels/.rels
15:54:31.073 [main] DEBUG org.apache.poi.ooxml.POIXMLFactory - using default POIXMLDocumentPart for http://schemas.microsoft.com/office/2017/10/relationships/person
15:54:31.078 [main] DEBUG org.apache.poi.openxml4j.opc.PackageRelationshipCollection - Parsing relationship: /xl/_rels/workbook.xml.rels
15:54:31.078 [main] DEBUG org.apache.poi.openxml4j.opc.PackageRelationshipCollection - Parsing relationship: /xl/worksheets/_rels/sheet1.xml.rels
15:54:31.078 [main] DEBUG org.apache.poi.openxml4j.opc.PackageRelationshipCollection - Parsing relationship: /_rels/.rels
15:54:31.081 [main] DEBUG org.apache.poi.ooxml.POIXMLFactory - using default POIXMLDocumentPart for http://schemas.microsoft.com/office/2017/10/relationships/person
15:54:31.086 [main] DEBUG org.apache.poi.openxml4j.opc.PackageRelationshipCollection - Parsing relationship: /xl/_rels/workbook.xml.rels
15:54:31.086 [main] DEBUG org.apache.poi.openxml4j.opc.PackageRelationshipCollection - Parsing relationship: /xl/worksheets/_rels/sheet1.xml.rels
15:54:31.086 [main] DEBUG org.apache.poi.openxml4j.opc.PackageRelationshipCollection - Parsing relationship: /_rels/.rels
15:54:31.088 [main] DEBUG org.apache.poi.ooxml.POIXMLFactory - using default POIXMLDocumentPart for http://schemas.microsoft.com/office/2017/10/relationships/person
15:54:31.094 [main] DEBUG org.apache.poi.openxml4j.opc.PackageRelationshipCollection - Parsing relationship: /xl/_rels/workbook.xml.rels
15:54:31.095 [main] DEBUG org.apache.poi.openxml4j.opc.PackageRelationshipCollection - Parsing relationship: /xl/worksheets/_rels/sheet1.xml.rels
15:54:31.095 [main] DEBUG org.apache.poi.openxml4j.opc.PackageRelationshipCollection - Parsing relationship: /_rels/.rels
15:54:31.098 [main] DEBUG org.apache.poi.ooxml.POIXMLFactory - using default POIXMLDocumentPart for http://schemas.microsoft.com/office/2017/10/relationships/person
15:54:31.102 [main] DEBUG org.apache.poi.openxml4j.opc.PackageRelationshipCollection - Parsing relationship: /xl/_rels/workbook.xml.rels
15:54:31.102 [main] DEBUG org.apache.poi.openxml4j.opc.PackageRelationshipCollection - Parsing relationship: /xl/worksheets/_rels/sheet1.xml.rels
15:54:31.103 [main] DEBUG org.apache.poi.openxml4j.opc.PackageRelationshipCollection - Parsing relationship: /_rels/.rels
15:54:31.105 [main] DEBUG org.apache.poi.ooxml.POIXMLFactory - using default POIXMLDocumentPart for http://schemas.microsoft.com/office/2017/10/relationships/person
15:54:31.111 [main] DEBUG org.apache.poi.openxml4j.opc.PackageRelationshipCollection - Parsing relationship: /xl/_rels/workbook.xml.rels
15:54:31.111 [main] DEBUG org.apache.poi.openxml4j.opc.PackageRelationshipCollection - Parsing relationship: /xl/worksheets/_rels/sheet1.xml.rels
15:54:31.111 [main] DEBUG org.apache.poi.openxml4j.opc.PackageRelationshipCollection - Parsing relationship: /_rels/.rels
15:54:31.114 [main] DEBUG org.apache.poi.ooxml.POIXMLFactory - using default POIXMLDocumentPart for http://schemas.microsoft.com/office/2017/10/relationships/person
15:54:31.118 [main] DEBUG org.apache.poi.openxml4j.opc.PackageRelationshipCollection - Parsing relationship: /xl/_rels/workbook.xml.rels
15:54:31.119 [main] DEBUG org.apache.poi.openxml4j.opc.PackageRelationshipCollection - Parsing relationship: /xl/worksheets/_rels/sheet1.xml.rels
15:54:31.119 [main] DEBUG org.apache.poi.openxml4j.opc.PackageRelationshipCollection - Parsing relationship: /_rels/.rels
15:54:31.121 [main] DEBUG org.apache.poi.ooxml.POIXMLFactory - using default POIXMLDocumentPart for http://schemas.microsoft.com/office/2017/10/relationships/person
15:54:31.126 [main] DEBUG org.apache.poi.openxml4j.opc.PackageRelationshipCollection - Parsing relationship: /xl/_rels/workbook.xml.rels
15:54:31.127 [main] DEBUG org.apache.poi.openxml4j.opc.PackageRelationshipCollection - Parsing relationship: /xl/worksheets/_rels/sheet1.xml.rels
15:54:31.127 [main] DEBUG org.apache.poi.openxml4j.opc.PackageRelationshipCollection - Parsing relationship: /_rels/.rels
15:54:31.129 [main] DEBUG org.apache.poi.ooxml.POIXMLFactory - using default POIXMLDocumentPart for http://schemas.microsoft.com/office/2017/10/relationships/person
15:54:31.133 [main] DEBUG org.apache.poi.openxml4j.opc.PackageRelationshipCollection - Parsing relationship: /xl/_rels/workbook.xml.rels
15:54:31.134 [main] DEBUG org.apache.poi.openxml4j.opc.PackageRelationshipCollection - Parsing relationship: /xl/worksheets/_rels/sheet1.xml.rels
15:54:31.134 [main] DEBUG org.apache.poi.openxml4j.opc.PackageRelationshipCollection - Parsing relationship: /_rels/.rels
15:54:31.136 [main] DEBUG org.apache.poi.ooxml.POIXMLFactory - using default POIXMLDocumentPart for http://schemas.microsoft.com/office/2017/10/relationships/person
15:54:31.144 [main] DEBUG org.apache.poi.openxml4j.opc.PackageRelationshipCollection - Parsing relationship: /xl/_rels/workbook.xml.rels
15:54:31.144 [main] DEBUG org.apache.poi.openxml4j.opc.PackageRelationshipCollection - Parsing relationship: /xl/worksheets/_rels/sheet1.xml.rels
15:54:31.145 [main] DEBUG org.apache.poi.openxml4j.opc.PackageRelationshipCollection - Parsing relationship: /_rels/.rels
15:54:31.147 [main] DEBUG org.apache.poi.ooxml.POIXMLFactory - using default POIXMLDocumentPart for http://schemas.microsoft.com/office/2017/10/relationships/person
15:54:31.152 [main] DEBUG org.apache.poi.openxml4j.opc.PackageRelationshipCollection - Parsing relationship: /xl/_rels/workbook.xml.rels
15:54:31.152 [main] DEBUG org.apache.poi.openxml4j.opc.PackageRelationshipCollection - Parsing relationship: /xl/worksheets/_rels/sheet1.xml.rels
15:54:31.152 [main] DEBUG org.apache.poi.openxml4j.opc.PackageRelationshipCollection - Parsing relationship: /_rels/.rels
15:54:31.155 [main] DEBUG org.apache.poi.ooxml.POIXMLFactory - using default POIXMLDocumentPart for http://schemas.microsoft.com/office/2017/10/relationships/person
15:54:31.161 [main] DEBUG org.apache.poi.openxml4j.opc.PackageRelationshipCollection - Parsing relationship: /xl/_rels/workbook.xml.rels
15:54:31.161 [main] DEBUG org.apache.poi.openxml4j.opc.PackageRelationshipCollection - Parsing relationship: /xl/worksheets/_rels/sheet1.xml.rels
15:54:31.161 [main] DEBUG org.apache.poi.openxml4j.opc.PackageRelationshipCollection - Parsing relationship: /_rels/.rels
15:54:31.163 [main] DEBUG org.apache.poi.ooxml.POIXMLFactory - using default POIXMLDocumentPart for http://schemas.microsoft.com/office/2017/10/relationships/person
15:54:31.169 [main] DEBUG org.apache.poi.openxml4j.opc.PackageRelationshipCollection - Parsing relationship: /xl/_rels/workbook.xml.rels
15:54:31.169 [main] DEBUG org.apache.poi.openxml4j.opc.PackageRelationshipCollection - Parsing relationship: /xl/worksheets/_rels/sheet1.xml.rels
15:54:31.169 [main] DEBUG org.apache.poi.openxml4j.opc.PackageRelationshipCollection - Parsing relationship: /_rels/.rels
15:54:31.171 [main] DEBUG org.apache.poi.ooxml.POIXMLFactory - using default POIXMLDocumentPart for http://schemas.microsoft.com/office/2017/10/relationships/person
15:54:31.175 [main] DEBUG org.apache.poi.openxml4j.opc.PackageRelationshipCollection - Parsing relationship: /xl/_rels/workbook.xml.rels
15:54:31.176 [main] DEBUG org.apache.poi.openxml4j.opc.PackageRelationshipCollection - Parsing relationship: /xl/worksheets/_rels/sheet1.xml.rels
15:54:31.176 [main] DEBUG org.apache.poi.openxml4j.opc.PackageRelationshipCollection - Parsing relationship: /_rels/.rels
15:54:31.178 [main] DEBUG org.apache.poi.ooxml.POIXMLFactory - using default POIXMLDocumentPart for http://schemas.microsoft.com/office/2017/10/relationships/person
15:54:31.182 [main] DEBUG org.apache.poi.openxml4j.opc.PackageRelationshipCollection - Parsing relationship: /xl/_rels/workbook.xml.rels
15:54:31.182 [main] DEBUG org.apache.poi.openxml4j.opc.PackageRelationshipCollection - Parsing relationship: /xl/worksheets/_rels/sheet1.xml.rels
15:54:31.182 [main] DEBUG org.apache.poi.openxml4j.opc.PackageRelationshipCollection - Parsing relationship: /_rels/.rels
15:54:31.184 [main] DEBUG org.apache.poi.ooxml.POIXMLFactory - using default POIXMLDocumentPart for http://schemas.microsoft.com/office/2017/10/relationships/person
15:54:31.188 [main] DEBUG org.apache.poi.openxml4j.opc.PackageRelationshipCollection - Parsing relationship: /xl/_rels/workbook.xml.rels
15:54:31.188 [main] DEBUG org.apache.poi.openxml4j.opc.PackageRelationshipCollection - Parsing relationship: /xl/worksheets/_rels/sheet1.xml.rels
15:54:31.188 [main] DEBUG org.apache.poi.openxml4j.opc.PackageRelationshipCollection - Parsing relationship: /_rels/.rels
15:54:31.191 [main] DEBUG org.apache.poi.ooxml.POIXMLFactory - using default POIXMLDocumentPart for http://schemas.microsoft.com/office/2017/10/relationships/person
15:54:31.195 [main] DEBUG org.apache.poi.openxml4j.opc.PackageRelationshipCollection - Parsing relationship: /xl/_rels/workbook.xml.rels
15:54:31.196 [main] DEBUG org.apache.poi.openxml4j.opc.PackageRelationshipCollection - Parsing relationship: /xl/worksheets/_rels/sheet1.xml.rels
15:54:31.196 [main] DEBUG org.apache.poi.openxml4j.opc.PackageRelationshipCollection - Parsing relationship: /_rels/.rels
15:54:31.198 [main] DEBUG org.apache.poi.ooxml.POIXMLFactory - using default POIXMLDocumentPart for http://schemas.microsoft.com/office/2017/10/relationships/person
15:54:31.202 [main] DEBUG org.apache.poi.openxml4j.opc.PackageRelationshipCollection - Parsing relationship: /xl/_rels/workbook.xml.rels
15:54:31.202 [main] DEBUG org.apache.poi.openxml4j.opc.PackageRelationshipCollection - Parsing relationship: /xl/worksheets/_rels/sheet1.xml.rels
15:54:31.202 [main] DEBUG org.apache.poi.openxml4j.opc.PackageRelationshipCollection - Parsing relationship: /_rels/.rels
15:54:31.204 [main] DEBUG org.apache.poi.ooxml.POIXMLFactory - using default POIXMLDocumentPart for http://schemas.microsoft.com/office/2017/10/relationships/person
15:54:31.209 [main] DEBUG org.apache.poi.openxml4j.opc.PackageRelationshipCollection - Parsing relationship: /xl/_rels/workbook.xml.rels
15:54:31.209 [main] DEBUG org.apache.poi.openxml4j.opc.PackageRelationshipCollection - Parsing relationship: /xl/worksheets/_rels/sheet1.xml.rels
15:54:31.209 [main] DEBUG org.apache.poi.openxml4j.opc.PackageRelationshipCollection - Parsing relationship: /_rels/.rels
15:54:31.211 [main] DEBUG org.apache.poi.ooxml.POIXMLFactory - using default POIXMLDocumentPart for http://schemas.microsoft.com/office/2017/10/relationships/person
15:54:31.215 [main] DEBUG org.apache.poi.openxml4j.opc.PackageRelationshipCollection - Parsing relationship: /xl/_rels/workbook.xml.rels
15:54:31.215 [main] DEBUG org.apache.poi.openxml4j.opc.PackageRelationshipCollection - Parsing relationship: /xl/worksheets/_rels/sheet1.xml.rels
15:54:31.215 [main] DEBUG org.apache.poi.openxml4j.opc.PackageRelationshipCollection - Parsing relationship: /_rels/.rels
15:54:31.217 [main] DEBUG org.apache.poi.ooxml.POIXMLFactory - using default POIXMLDocumentPart for http://schemas.microsoft.com/office/2017/10/relationships/person
15:54:31.221 [main] DEBUG org.apache.poi.openxml4j.opc.PackageRelationshipCollection - Parsing relationship: /xl/_rels/workbook.xml.rels
15:54:31.221 [main] DEBUG org.apache.poi.openxml4j.opc.PackageRelationshipCollection - Parsing relationship: /xl/worksheets/_rels/sheet1.xml.rels
15:54:31.221 [main] DEBUG org.apache.poi.openxml4j.opc.PackageRelationshipCollection - Parsing relationship: /_rels/.rels
15:54:31.224 [main] DEBUG org.apache.poi.ooxml.POIXMLFactory - using default POIXMLDocumentPart for http://schemas.microsoft.com/office/2017/10/relationships/person
15:54:31.229 [main] DEBUG org.apache.poi.openxml4j.opc.PackageRelationshipCollection - Parsing relationship: /xl/_rels/workbook.xml.rels
15:54:31.229 [main] DEBUG org.apache.poi.openxml4j.opc.PackageRelationshipCollection - Parsing relationship: /xl/worksheets/_rels/sheet1.xml.rels
15:54:31.229 [main] DEBUG org.apache.poi.openxml4j.opc.PackageRelationshipCollection - Parsing relationship: /_rels/.rels
15:54:31.231 [main] DEBUG org.apache.poi.ooxml.POIXMLFactory - using default POIXMLDocumentPart for http://schemas.microsoft.com/office/2017/10/relationships/person
15:54:31.235 [main] DEBUG org.apache.poi.openxml4j.opc.PackageRelationshipCollection - Parsing relationship: /xl/_rels/workbook.xml.rels
15:54:31.235 [main] DEBUG org.apache.poi.openxml4j.opc.PackageRelationshipCollection - Parsing relationship: /xl/worksheets/_rels/sheet1.xml.rels
15:54:31.235 [main] DEBUG org.apache.poi.openxml4j.opc.PackageRelationshipCollection - Parsing relationship: /_rels/.rels
15:54:31.237 [main] DEBUG org.apache.poi.ooxml.POIXMLFactory - using default POIXMLDocumentPart for http://schemas.microsoft.com/office/2017/10/relationships/person
15:54:31.244 [main] DEBUG org.apache.poi.openxml4j.opc.PackageRelationshipCollection - Parsing relationship: /xl/_rels/workbook.xml.rels
15:54:31.244 [main] DEBUG org.apache.poi.openxml4j.opc.PackageRelationshipCollection - Parsing relationship: /xl/worksheets/_rels/sheet1.xml.rels
15:54:31.245 [main] DEBUG org.apache.poi.openxml4j.opc.PackageRelationshipCollection - Parsing relationship: /_rels/.rels
15:54:31.247 [main] DEBUG org.apache.poi.ooxml.POIXMLFactory - using default POIXMLDocumentPart for http://schemas.microsoft.com/office/2017/10/relationships/person
15:54:31.251 [main] DEBUG org.apache.poi.openxml4j.opc.PackageRelationshipCollection - Parsing relationship: /xl/_rels/workbook.xml.rels
15:54:31.251 [main] DEBUG org.apache.poi.openxml4j.opc.PackageRelationshipCollection - Parsing relationship: /xl/worksheets/_rels/sheet1.xml.rels
15:54:31.251 [main] DEBUG org.apache.poi.openxml4j.opc.PackageRelationshipCollection - Parsing relationship: /_rels/.rels
15:54:31.253 [main] DEBUG org.apache.poi.ooxml.POIXMLFactory - using default POIXMLDocumentPart for http://schemas.microsoft.com/office/2017/10/relationships/person
15:54:31.257 [main] DEBUG org.apache.poi.openxml4j.opc.PackageRelationshipCollection - Parsing relationship: /xl/_rels/workbook.xml.rels
15:54:31.257 [main] DEBUG org.apache.poi.openxml4j.opc.PackageRelationshipCollection - Parsing relationship: /xl/worksheets/_rels/sheet1.xml.rels
15:54:31.258 [main] DEBUG org.apache.poi.openxml4j.opc.PackageRelationshipCollection - Parsing relationship: /_rels/.rels
15:54:31.260 [main] DEBUG org.apache.poi.ooxml.POIXMLFactory - using default POIXMLDocumentPart for http://schemas.microsoft.com/office/2017/10/relationships/person
15:54:31.263 [main] DEBUG org.apache.poi.openxml4j.opc.PackageRelationshipCollection - Parsing relationship: /xl/_rels/workbook.xml.rels
15:54:31.264 [main] DEBUG org.apache.poi.openxml4j.opc.PackageRelationshipCollection - Parsing relationship: /xl/worksheets/_rels/sheet1.xml.rels
15:54:31.264 [main] DEBUG org.apache.poi.openxml4j.opc.PackageRelationshipCollection - Parsing relationship: /_rels/.rels
15:54:31.265 [main] DEBUG org.apache.poi.ooxml.POIXMLFactory - using default POIXMLDocumentPart for http://schemas.microsoft.com/office/2017/10/relationships/person
15:54:31.269 [main] DEBUG org.apache.poi.openxml4j.opc.PackageRelationshipCollection - Parsing relationship: /xl/_rels/workbook.xml.rels
15:54:31.269 [main] DEBUG org.apache.poi.openxml4j.opc.PackageRelationshipCollection - Parsing relationship: /xl/worksheets/_rels/sheet1.xml.rels
15:54:31.269 [main] DEBUG org.apache.poi.openxml4j.opc.PackageRelationshipCollection - Parsing relationship: /_rels/.rels
15:54:31.273 [main] DEBUG org.apache.poi.ooxml.POIXMLFactory - using default POIXMLDocumentPart for http://schemas.microsoft.com/office/2017/10/relationships/person
15:54:31.278 [main] DEBUG org.apache.poi.openxml4j.opc.PackageRelationshipCollection - Parsing relationship: /xl/_rels/workbook.xml.rels
15:54:31.278 [main] DEBUG org.apache.poi.openxml4j.opc.PackageRelationshipCollection - Parsing relationship: /xl/worksheets/_rels/sheet1.xml.rels
15:54:31.278 [main] DEBUG org.apache.poi.openxml4j.opc.PackageRelationshipCollection - Parsing relationship: /_rels/.rels
15:54:31.280 [main] DEBUG org.apache.poi.ooxml.POIXMLFactory - using default POIXMLDocumentPart for http://schemas.microsoft.com/office/2017/10/relationships/person
15:54:31.284 [main] DEBUG org.apache.poi.openxml4j.opc.PackageRelationshipCollection - Parsing relationship: /xl/_rels/workbook.xml.rels
15:54:31.284 [main] DEBUG org.apache.poi.openxml4j.opc.PackageRelationshipCollection - Parsing relationship: /xl/worksheets/_rels/sheet1.xml.rels
15:54:31.284 [main] DEBUG org.apache.poi.openxml4j.opc.PackageRelationshipCollection - Parsing relationship: /_rels/.rels
15:54:31.286 [main] DEBUG org.apache.poi.ooxml.POIXMLFactory - using default POIXMLDocumentPart for http://schemas.microsoft.com/office/2017/10/relationships/person
15:54:31.292 [main] DEBUG org.apache.poi.openxml4j.opc.PackageRelationshipCollection - Parsing relationship: /xl/_rels/workbook.xml.rels
15:54:31.293 [main] DEBUG org.apache.poi.openxml4j.opc.PackageRelationshipCollection - Parsing relationship: /xl/worksheets/_rels/sheet1.xml.rels
15:54:31.293 [main] DEBUG org.apache.poi.openxml4j.opc.PackageRelationshipCollection - Parsing relationship: /_rels/.rels
15:54:31.294 [main] DEBUG org.apache.poi.ooxml.POIXMLFactory - using default POIXMLDocumentPart for http://schemas.microsoft.com/office/2017/10/relationships/person
15:54:31.298 [main] DEBUG org.apache.poi.openxml4j.opc.PackageRelationshipCollection - Parsing relationship: /xl/_rels/workbook.xml.rels
15:54:31.299 [main] DEBUG org.apache.poi.openxml4j.opc.PackageRelationshipCollection - Parsing relationship: /xl/worksheets/_rels/sheet1.xml.rels
15:54:31.299 [main] DEBUG org.apache.poi.openxml4j.opc.PackageRelationshipCollection - Parsing relationship: /_rels/.rels
15:54:31.300 [main] DEBUG org.apache.poi.ooxml.POIXMLFactory - using default POIXMLDocumentPart for http://schemas.microsoft.com/office/2017/10/relationships/person
15:54:31.304 [main] DEBUG org.apache.poi.openxml4j.opc.PackageRelationshipCollection - Parsing relationship: /xl/_rels/workbook.xml.rels
15:54:31.304 [main] DEBUG org.apache.poi.openxml4j.opc.PackageRelationshipCollection - Parsing relationship: /xl/worksheets/_rels/sheet1.xml.rels
15:54:31.304 [main] DEBUG org.apache.poi.openxml4j.opc.PackageRelationshipCollection - Parsing relationship: /_rels/.rels
15:54:31.306 [main] DEBUG org.apache.poi.ooxml.POIXMLFactory - using default POIXMLDocumentPart for http://schemas.microsoft.com/office/2017/10/relationships/person
15:54:31.310 [main] DEBUG org.apache.poi.openxml4j.opc.PackageRelationshipCollection - Parsing relationship: /xl/_rels/workbook.xml.rels
15:54:31.310 [main] DEBUG org.apache.poi.openxml4j.opc.PackageRelationshipCollection - Parsing relationship: /xl/worksheets/_rels/sheet1.xml.rels
15:54:31.310 [main] DEBUG org.apache.poi.openxml4j.opc.PackageRelationshipCollection - Parsing relationship: /_rels/.rels
15:54:31.312 [main] DEBUG org.apache.poi.ooxml.POIXMLFactory - using default POIXMLDocumentPart for http://schemas.microsoft.com/office/2017/10/relationships/person
15:54:31.317 [main] DEBUG org.apache.poi.openxml4j.opc.PackageRelationshipCollection - Parsing relationship: /xl/_rels/workbook.xml.rels
15:54:31.317 [main] DEBUG org.apache.poi.openxml4j.opc.PackageRelationshipCollection - Parsing relationship: /xl/worksheets/_rels/sheet1.xml.rels
15:54:31.317 [main] DEBUG org.apache.poi.openxml4j.opc.PackageRelationshipCollection - Parsing relationship: /_rels/.rels
15:54:31.319 [main] DEBUG org.apache.poi.ooxml.POIXMLFactory - using default POIXMLDocumentPart for http://schemas.microsoft.com/office/2017/10/relationships/person
15:54:31.326 [main] DEBUG org.apache.poi.openxml4j.opc.PackageRelationshipCollection - Parsing relationship: /xl/_rels/workbook.xml.rels
15:54:31.326 [main] DEBUG org.apache.poi.openxml4j.opc.PackageRelationshipCollection - Parsing relationship: /xl/worksheets/_rels/sheet1.xml.rels
15:54:31.326 [main] DEBUG org.apache.poi.openxml4j.opc.PackageRelationshipCollection - Parsing relationship: /_rels/.rels
15:54:31.328 [main] DEBUG org.apache.poi.ooxml.POIXMLFactory - using default POIXMLDocumentPart for http://schemas.microsoft.com/office/2017/10/relationships/person
15:54:31.332 [main] DEBUG org.apache.poi.openxml4j.opc.PackageRelationshipCollection - Parsing relationship: /xl/_rels/workbook.xml.rels
15:54:31.332 [main] DEBUG org.apache.poi.openxml4j.opc.PackageRelationshipCollection - Parsing relationship: /xl/worksheets/_rels/sheet1.xml.rels
15:54:31.332 [main] DEBUG org.apache.poi.openxml4j.opc.PackageRelationshipCollection - Parsing relationship: /_rels/.rels
15:54:31.335 [main] DEBUG org.apache.poi.ooxml.POIXMLFactory - using default POIXMLDocumentPart for http://schemas.microsoft.com/office/2017/10/relationships/person
15:54:31.339 [main] DEBUG org.apache.poi.openxml4j.opc.PackageRelationshipCollection - Parsing relationship: /xl/_rels/workbook.xml.rels
15:54:31.339 [main] DEBUG org.apache.poi.openxml4j.opc.PackageRelationshipCollection - Parsing relationship: /xl/worksheets/_rels/sheet1.xml.rels
15:54:31.339 [main] DEBUG org.apache.poi.openxml4j.opc.PackageRelationshipCollection - Parsing relationship: /_rels/.rels
15:54:31.342 [main] DEBUG org.apache.poi.ooxml.POIXMLFactory - using default POIXMLDocumentPart for http://schemas.microsoft.com/office/2017/10/relationships/person
15:54:31.346 [main] DEBUG org.apache.poi.openxml4j.opc.PackageRelationshipCollection - Parsing relationship: /xl/_rels/workbook.xml.rels
15:54:31.346 [main] DEBUG org.apache.poi.openxml4j.opc.PackageRelationshipCollection - Parsing relationship: /xl/worksheets/_rels/sheet1.xml.rels
15:54:31.346 [main] DEBUG org.apache.poi.openxml4j.opc.PackageRelationshipCollection - Parsing relationship: /_rels/.rels
15:54:31.348 [main] DEBUG org.apache.poi.ooxml.POIXMLFactory - using default POIXMLDocumentPart for http://schemas.microsoft.com/office/2017/10/relationships/person
15:54:31.352 [main] DEBUG org.apache.poi.openxml4j.opc.PackageRelationshipCollection - Parsing relationship: /xl/_rels/workbook.xml.rels
15:54:31.352 [main] DEBUG org.apache.poi.openxml4j.opc.PackageRelationshipCollection - Parsing relationship: /xl/worksheets/_rels/sheet1.xml.rels
15:54:31.352 [main] DEBUG org.apache.poi.openxml4j.opc.PackageRelationshipCollection - Parsing relationship: /_rels/.rels
15:54:31.353 [main] DEBUG org.apache.poi.ooxml.POIXMLFactory - using default POIXMLDocumentPart for http://schemas.microsoft.com/office/2017/10/relationships/person
15:54:31.357 [main] DEBUG org.apache.poi.openxml4j.opc.PackageRelationshipCollection - Parsing relationship: /xl/_rels/workbook.xml.rels
15:54:31.358 [main] DEBUG org.apache.poi.openxml4j.opc.PackageRelationshipCollection - Parsing relationship: /xl/worksheets/_rels/sheet1.xml.rels
15:54:31.358 [main] DEBUG org.apache.poi.openxml4j.opc.PackageRelationshipCollection - Parsing relationship: /_rels/.rels
15:54:31.360 [main] DEBUG org.apache.poi.ooxml.POIXMLFactory - using default POIXMLDocumentPart for http://schemas.microsoft.com/office/2017/10/relationships/person
15:54:31.363 [main] DEBUG org.apache.poi.openxml4j.opc.PackageRelationshipCollection - Parsing relationship: /xl/_rels/workbook.xml.rels
15:54:31.364 [main] DEBUG org.apache.poi.openxml4j.opc.PackageRelationshipCollection - Parsing relationship: /xl/worksheets/_rels/sheet1.xml.rels
15:54:31.364 [main] DEBUG org.apache.poi.openxml4j.opc.PackageRelationshipCollection - Parsing relationship: /_rels/.rels
15:54:31.365 [main] DEBUG org.apache.poi.ooxml.POIXMLFactory - using default POIXMLDocumentPart for http://schemas.microsoft.com/office/2017/10/relationships/person
15:54:31.369 [main] DEBUG org.apache.poi.openxml4j.opc.PackageRelationshipCollection - Parsing relationship: /xl/_rels/workbook.xml.rels
15:54:31.369 [main] DEBUG org.apache.poi.openxml4j.opc.PackageRelationshipCollection - Parsing relationship: /xl/worksheets/_rels/sheet1.xml.rels
15:54:31.369 [main] DEBUG org.apache.poi.openxml4j.opc.PackageRelationshipCollection - Parsing relationship: /_rels/.rels
15:54:31.371 [main] DEBUG org.apache.poi.ooxml.POIXMLFactory - using default POIXMLDocumentPart for http://schemas.microsoft.com/office/2017/10/relationships/person
15:54:31.376 [main] DEBUG org.apache.poi.openxml4j.opc.PackageRelationshipCollection - Parsing relationship: /xl/_rels/workbook.xml.rels
15:54:31.376 [main] DEBUG org.apache.poi.openxml4j.opc.PackageRelationshipCollection - Parsing relationship: /xl/worksheets/_rels/sheet1.xml.rels
15:54:31.376 [main] DEBUG org.apache.poi.openxml4j.opc.PackageRelationshipCollection - Parsing relationship: /_rels/.rels
15:54:31.378 [main] DEBUG org.apache.poi.ooxml.POIXMLFactory - using default POIXMLDocumentPart for http://schemas.microsoft.com/office/2017/10/relationships/person
15:54:31.382 [main] DEBUG org.apache.poi.openxml4j.opc.PackageRelationshipCollection - Parsing relationship: /xl/_rels/workbook.xml.rels
15:54:31.383 [main] DEBUG org.apache.poi.openxml4j.opc.PackageRelationshipCollection - Parsing relationship: /xl/worksheets/_rels/sheet1.xml.rels
15:54:31.383 [main] DEBUG org.apache.poi.openxml4j.opc.PackageRelationshipCollection - Parsing relationship: /_rels/.rels
15:54:31.385 [main] DEBUG org.apache.poi.ooxml.POIXMLFactory - using default POIXMLDocumentPart for http://schemas.microsoft.com/office/2017/10/relationships/person
15:54:31.389 [main] DEBUG org.apache.poi.openxml4j.opc.PackageRelationshipCollection - Parsing relationship: /xl/_rels/workbook.xml.rels
15:54:31.389 [main] DEBUG org.apache.poi.openxml4j.opc.PackageRelationshipCollection - Parsing relationship: /xl/worksheets/_rels/sheet1.xml.rels
15:54:31.389 [main] DEBUG org.apache.poi.openxml4j.opc.PackageRelationshipCollection - Parsing relationship: /_rels/.rels
15:54:31.393 [main] DEBUG org.apache.poi.ooxml.POIXMLFactory - using default POIXMLDocumentPart for http://schemas.microsoft.com/office/2017/10/relationships/person
15:54:31.398 [main] DEBUG org.apache.poi.openxml4j.opc.PackageRelationshipCollection - Parsing relationship: /xl/_rels/workbook.xml.rels
15:54:31.398 [main] DEBUG org.apache.poi.openxml4j.opc.PackageRelationshipCollection - Parsing relationship: /xl/worksheets/_rels/sheet1.xml.rels
15:54:31.398 [main] DEBUG org.apache.poi.openxml4j.opc.PackageRelationshipCollection - Parsing relationship: /_rels/.rels
15:54:31.400 [main] DEBUG org.apache.poi.ooxml.POIXMLFactory - using default POIXMLDocumentPart for http://schemas.microsoft.com/office/2017/10/relationships/person
15:54:31.404 [main] DEBUG org.apache.poi.openxml4j.opc.PackageRelationshipCollection - Parsing relationship: /xl/_rels/workbook.xml.rels
15:54:31.404 [main] DEBUG org.apache.poi.openxml4j.opc.PackageRelationshipCollection - Parsing relationship: /xl/worksheets/_rels/sheet1.xml.rels
15:54:31.404 [main] DEBUG org.apache.poi.openxml4j.opc.PackageRelationshipCollection - Parsing relationship: /_rels/.rels
15:54:31.406 [main] DEBUG org.apache.poi.ooxml.POIXMLFactory - using default POIXMLDocumentPart for http://schemas.microsoft.com/office/2017/10/relationships/person
15:54:31.413 [main] DEBUG org.apache.poi.openxml4j.opc.PackageRelationshipCollection - Parsing relationship: /xl/_rels/workbook.xml.rels
15:54:31.413 [main] DEBUG org.apache.poi.openxml4j.opc.PackageRelationshipCollection - Parsing relationship: /xl/worksheets/_rels/sheet1.xml.rels
15:54:31.413 [main] DEBUG org.apache.poi.openxml4j.opc.PackageRelationshipCollection - Parsing relationship: /_rels/.rels
15:54:31.415 [main] DEBUG org.apache.poi.ooxml.POIXMLFactory - using default POIXMLDocumentPart for http://schemas.microsoft.com/office/2017/10/relationships/person
15:54:31.420 [main] DEBUG org.apache.poi.openxml4j.opc.PackageRelationshipCollection - Parsing relationship: /xl/_rels/workbook.xml.rels
15:54:31.421 [main] DEBUG org.apache.poi.openxml4j.opc.PackageRelationshipCollection - Parsing relationship: /xl/worksheets/_rels/sheet1.xml.rels
15:54:31.421 [main] DEBUG org.apache.poi.openxml4j.opc.PackageRelationshipCollection - Parsing relationship: /_rels/.rels
15:54:31.424 [main] DEBUG org.apache.poi.ooxml.POIXMLFactory - using default POIXMLDocumentPart for http://schemas.microsoft.com/office/2017/10/relationships/person
15:54:31.430 [main] DEBUG org.apache.poi.openxml4j.opc.PackageRelationshipCollection - Parsing relationship: /xl/_rels/workbook.xml.rels
15:54:31.430 [main] DEBUG org.apache.poi.openxml4j.opc.PackageRelationshipCollection - Parsing relationship: /xl/worksheets/_rels/sheet1.xml.rels
15:54:31.430 [main] DEBUG org.apache.poi.openxml4j.opc.PackageRelationshipCollection - Parsing relationship: /_rels/.rels
15:54:31.432 [main] DEBUG org.apache.poi.ooxml.POIXMLFactory - using default POIXMLDocumentPart for http://schemas.microsoft.com/office/2017/10/relationships/person
15:54:31.436 [main] DEBUG org.apache.poi.openxml4j.opc.PackageRelationshipCollection - Parsing relationship: /xl/_rels/workbook.xml.rels
15:54:31.437 [main] DEBUG org.apache.poi.openxml4j.opc.PackageRelationshipCollection - Parsing relationship: /xl/worksheets/_rels/sheet1.xml.rels
15:54:31.437 [main] DEBUG org.apache.poi.openxml4j.opc.PackageRelationshipCollection - Parsing relationship: /_rels/.rels
15:54:31.439 [main] DEBUG org.apache.poi.ooxml.POIXMLFactory - using default POIXMLDocumentPart for http://schemas.microsoft.com/office/2017/10/relationships/person
15:54:31.444 [main] DEBUG org.apache.poi.openxml4j.opc.PackageRelationshipCollection - Parsing relationship: /xl/_rels/workbook.xml.rels
15:54:31.444 [main] DEBUG org.apache.poi.openxml4j.opc.PackageRelationshipCollection - Parsing relationship: /xl/worksheets/_rels/sheet1.xml.rels
15:54:31.444 [main] DEBUG org.apache.poi.openxml4j.opc.PackageRelationshipCollection - Parsing relationship: /_rels/.rels
15:54:31.446 [main] DEBUG org.apache.poi.ooxml.POIXMLFactory - using default POIXMLDocumentPart for http://schemas.microsoft.com/office/2017/10/relationships/person
15:54:31.450 [main] DEBUG org.apache.poi.openxml4j.opc.PackageRelationshipCollection - Parsing relationship: /xl/_rels/workbook.xml.rels
15:54:31.451 [main] DEBUG org.apache.poi.openxml4j.opc.PackageRelationshipCollection - Parsing relationship: /xl/worksheets/_rels/sheet1.xml.rels
15:54:31.451 [main] DEBUG org.apache.poi.openxml4j.opc.PackageRelationshipCollection - Parsing relationship: /_rels/.rels
15:54:31.452 [main] DEBUG org.apache.poi.ooxml.POIXMLFactory - using default POIXMLDocumentPart for http://schemas.microsoft.com/office/2017/10/relationships/person
15:54:31.457 [main] DEBUG org.apache.poi.openxml4j.opc.PackageRelationshipCollection - Parsing relationship: /xl/_rels/workbook.xml.rels
15:54:31.457 [main] DEBUG org.apache.poi.openxml4j.opc.PackageRelationshipCollection - Parsing relationship: /xl/worksheets/_rels/sheet1.xml.rels
15:54:31.458 [main] DEBUG org.apache.poi.openxml4j.opc.PackageRelationshipCollection - Parsing relationship: /_rels/.rels
15:54:31.460 [main] DEBUG org.apache.poi.ooxml.POIXMLFactory - using default POIXMLDocumentPart for http://schemas.microsoft.com/office/2017/10/relationships/person
15:54:31.464 [main] DEBUG org.apache.poi.openxml4j.opc.PackageRelationshipCollection - Parsing relationship: /xl/_rels/workbook.xml.rels
15:54:31.464 [main] DEBUG org.apache.poi.openxml4j.opc.PackageRelationshipCollection - Parsing relationship: /xl/worksheets/_rels/sheet1.xml.rels
15:54:31.464 [main] DEBUG org.apache.poi.openxml4j.opc.PackageRelationshipCollection - Parsing relationship: /_rels/.rels
15:54:31.466 [main] DEBUG org.apache.poi.ooxml.POIXMLFactory - using default POIXMLDocumentPart for http://schemas.microsoft.com/office/2017/10/relationships/person
15:54:31.470 [main] DEBUG org.apache.poi.openxml4j.opc.PackageRelationshipCollection - Parsing relationship: /xl/_rels/workbook.xml.rels
15:54:31.470 [main] DEBUG org.apache.poi.openxml4j.opc.PackageRelationshipCollection - Parsing relationship: /xl/worksheets/_rels/sheet1.xml.rels
15:54:31.470 [main] DEBUG org.apache.poi.openxml4j.opc.PackageRelationshipCollection - Parsing relationship: /_rels/.rels
15:54:31.472 [main] DEBUG org.apache.poi.ooxml.POIXMLFactory - using default POIXMLDocumentPart for http://schemas.microsoft.com/office/2017/10/relationships/person
15:54:31.477 [main] DEBUG org.apache.poi.openxml4j.opc.PackageRelationshipCollection - Parsing relationship: /xl/_rels/workbook.xml.rels
15:54:31.477 [main] DEBUG org.apache.poi.openxml4j.opc.PackageRelationshipCollection - Parsing relationship: /xl/worksheets/_rels/sheet1.xml.rels
15:54:31.478 [main] DEBUG org.apache.poi.openxml4j.opc.PackageRelationshipCollection - Parsing relationship: /_rels/.rels
15:54:31.479 [main] DEBUG org.apache.poi.ooxml.POIXMLFactory - using default POIXMLDocumentPart for http://schemas.microsoft.com/office/2017/10/relationships/person
15:54:31.483 [main] DEBUG org.apache.poi.openxml4j.opc.PackageRelationshipCollection - Parsing relationship: /xl/_rels/workbook.xml.rels
15:54:31.483 [main] DEBUG org.apache.poi.openxml4j.opc.PackageRelationshipCollection - Parsing relationship: /xl/worksheets/_rels/sheet1.xml.rels
15:54:31.484 [main] DEBUG org.apache.poi.openxml4j.opc.PackageRelationshipCollection - Parsing relationship: /_rels/.rels
15:54:31.485 [main] DEBUG org.apache.poi.ooxml.POIXMLFactory - using default POIXMLDocumentPart for http://schemas.microsoft.com/office/2017/10/relationships/person
15:54:31.489 [main] DEBUG org.apache.poi.openxml4j.opc.PackageRelationshipCollection - Parsing relationship: /xl/_rels/workbook.xml.rels
15:54:31.490 [main] DEBUG org.apache.poi.openxml4j.opc.PackageRelationshipCollection - Parsing relationship: /xl/worksheets/_rels/sheet1.xml.rels
15:54:31.490 [main] DEBUG org.apache.poi.openxml4j.opc.PackageRelationshipCollection - Parsing relationship: /_rels/.rels
15:54:31.493 [main] DEBUG org.apache.poi.ooxml.POIXMLFactory - using default POIXMLDocumentPart for http://schemas.microsoft.com/office/2017/10/relationships/person
15:54:31.497 [main] DEBUG org.apache.poi.openxml4j.opc.PackageRelationshipCollection - Parsing relationship: /xl/_rels/workbook.xml.rels
15:54:31.497 [main] DEBUG org.apache.poi.openxml4j.opc.PackageRelationshipCollection - Parsing relationship: /xl/worksheets/_rels/sheet1.xml.rels
15:54:31.497 [main] DEBUG org.apache.poi.openxml4j.opc.PackageRelationshipCollection - Parsing relationship: /_rels/.rels
15:54:31.499 [main] DEBUG org.apache.poi.ooxml.POIXMLFactory - using default POIXMLDocumentPart for http://schemas.microsoft.com/office/2017/10/relationships/person
15:54:31.506 [main] DEBUG org.apache.poi.openxml4j.opc.PackageRelationshipCollection - Parsing relationship: /xl/_rels/workbook.xml.rels
15:54:31.506 [main] DEBUG org.apache.poi.openxml4j.opc.PackageRelationshipCollection - Parsing relationship: /xl/worksheets/_rels/sheet1.xml.rels
15:54:31.506 [main] DEBUG org.apache.poi.openxml4j.opc.PackageRelationshipCollection - Parsing relationship: /_rels/.rels
15:54:31.512 [main] DEBUG org.apache.poi.ooxml.POIXMLFactory - using default POIXMLDocumentPart for http://schemas.microsoft.com/office/2017/10/relationships/person
15:54:31.517 [main] DEBUG org.apache.poi.openxml4j.opc.PackageRelationshipCollection - Parsing relationship: /xl/_rels/workbook.xml.rels
15:54:31.518 [main] DEBUG org.apache.poi.openxml4j.opc.PackageRelationshipCollection - Parsing relationship: /xl/worksheets/_rels/sheet1.xml.rels
15:54:31.518 [main] DEBUG org.apache.poi.openxml4j.opc.PackageRelationshipCollection - Parsing relationship: /_rels/.rels
15:54:31.520 [main] DEBUG org.apache.poi.ooxml.POIXMLFactory - using default POIXMLDocumentPart for http://schemas.microsoft.com/office/2017/10/relationships/person
15:54:31.526 [main] DEBUG org.apache.poi.openxml4j.opc.PackageRelationshipCollection - Parsing relationship: /xl/_rels/workbook.xml.rels
15:54:31.526 [main] DEBUG org.apache.poi.openxml4j.opc.PackageRelationshipCollection - Parsing relationship: /xl/worksheets/_rels/sheet1.xml.rels
15:54:31.526 [main] DEBUG org.apache.poi.openxml4j.opc.PackageRelationshipCollection - Parsing relationship: /_rels/.rels
15:54:31.529 [main] DEBUG org.apache.poi.ooxml.POIXMLFactory - using default POIXMLDocumentPart for http://schemas.microsoft.com/office/2017/10/relationships/person
15:54:31.534 [main] DEBUG org.apache.poi.openxml4j.opc.PackageRelationshipCollection - Parsing relationship: /xl/_rels/workbook.xml.rels
15:54:31.534 [main] DEBUG org.apache.poi.openxml4j.opc.PackageRelationshipCollection - Parsing relationship: /xl/worksheets/_rels/sheet1.xml.rels
15:54:31.535 [main] DEBUG org.apache.poi.openxml4j.opc.PackageRelationshipCollection - Parsing relationship: /_rels/.rels
15:54:31.537 [main] DEBUG org.apache.poi.ooxml.POIXMLFactory - using default POIXMLDocumentPart for http://schemas.microsoft.com/office/2017/10/relationships/person
15:54:31.542 [main] DEBUG org.apache.poi.openxml4j.opc.PackageRelationshipCollection - Parsing relationship: /xl/_rels/workbook.xml.rels
15:54:31.542 [main] DEBUG org.apache.poi.openxml4j.opc.PackageRelationshipCollection - Parsing relationship: /xl/worksheets/_rels/sheet1.xml.rels
15:54:31.543 [main] DEBUG org.apache.poi.openxml4j.opc.PackageRelationshipCollection - Parsing relationship: /_rels/.rels
15:54:31.545 [main] DEBUG org.apache.poi.ooxml.POIXMLFactory - using default POIXMLDocumentPart for http://schemas.microsoft.com/office/2017/10/relationships/person
15:54:31.549 [main] DEBUG org.apache.poi.openxml4j.opc.PackageRelationshipCollection - Parsing relationship: /xl/_rels/workbook.xml.rels
15:54:31.549 [main] DEBUG org.apache.poi.openxml4j.opc.PackageRelationshipCollection - Parsing relationship: /xl/worksheets/_rels/sheet1.xml.rels
15:54:31.550 [main] DEBUG org.apache.poi.openxml4j.opc.PackageRelationshipCollection - Parsing relationship: /_rels/.rels
15:54:31.552 [main] DEBUG org.apache.poi.ooxml.POIXMLFactory - using default POIXMLDocumentPart for http://schemas.microsoft.com/office/2017/10/relationships/person
15:54:31.557 [main] DEBUG org.apache.poi.openxml4j.opc.PackageRelationshipCollection - Parsing relationship: /xl/_rels/workbook.xml.rels
15:54:31.557 [main] DEBUG org.apache.poi.openxml4j.opc.PackageRelationshipCollection - Parsing relationship: /xl/worksheets/_rels/sheet1.xml.rels
15:54:31.557 [main] DEBUG org.apache.poi.openxml4j.opc.PackageRelationshipCollection - Parsing relationship: /_rels/.rels
15:54:31.560 [main] DEBUG org.apache.poi.ooxml.POIXMLFactory - using default POIXMLDocumentPart for http://schemas.microsoft.com/office/2017/10/relationships/person
15:54:31.565 [main] DEBUG org.apache.poi.openxml4j.opc.PackageRelationshipCollection - Parsing relationship: /xl/_rels/workbook.xml.rels
15:54:31.565 [main] DEBUG org.apache.poi.openxml4j.opc.PackageRelationshipCollection - Parsing relationship: /xl/worksheets/_rels/sheet1.xml.rels
15:54:31.565 [main] DEBUG org.apache.poi.openxml4j.opc.PackageRelationshipCollection - Parsing relationship: /_rels/.rels
15:54:31.567 [main] DEBUG org.apache.poi.ooxml.POIXMLFactory - using default POIXMLDocumentPart for http://schemas.microsoft.com/office/2017/10/relationships/person
15:54:31.571 [main] DEBUG org.apache.poi.openxml4j.opc.PackageRelationshipCollection - Parsing relationship: /xl/_rels/workbook.xml.rels
15:54:31.571 [main] DEBUG org.apache.poi.openxml4j.opc.PackageRelationshipCollection - Parsing relationship: /xl/worksheets/_rels/sheet1.xml.rels
15:54:31.571 [main] DEBUG org.apache.poi.openxml4j.opc.PackageRelationshipCollection - Parsing relationship: /_rels/.rels
15:54:31.573 [main] DEBUG org.apache.poi.ooxml.POIXMLFactory - using default POIXMLDocumentPart for http://schemas.microsoft.com/office/2017/10/relationships/person
15:54:31.581 [main] DEBUG org.apache.poi.openxml4j.opc.PackageRelationshipCollection - Parsing relationship: /xl/_rels/workbook.xml.rels
15:54:31.581 [main] DEBUG org.apache.poi.openxml4j.opc.PackageRelationshipCollection - Parsing relationship: /xl/worksheets/_rels/sheet1.xml.rels
15:54:31.582 [main] DEBUG org.apache.poi.openxml4j.opc.PackageRelationshipCollection - Parsing relationship: /_rels/.rels
15:54:31.584 [main] DEBUG org.apache.poi.ooxml.POIXMLFactory - using default POIXMLDocumentPart for http://schemas.microsoft.com/office/2017/10/relationships/person
15:54:31.591 [main] DEBUG org.apache.poi.openxml4j.opc.PackageRelationshipCollection - Parsing relationship: /xl/_rels/workbook.xml.rels
15:54:31.592 [main] DEBUG org.apache.poi.openxml4j.opc.PackageRelationshipCollection - Parsing relationship: /xl/worksheets/_rels/sheet1.xml.rels
15:54:31.592 [main] DEBUG org.apache.poi.openxml4j.opc.PackageRelationshipCollection - Parsing relationship: /_rels/.rels
15:54:31.594 [main] DEBUG org.apache.poi.ooxml.POIXMLFactory - using default POIXMLDocumentPart for http://schemas.microsoft.com/office/2017/10/relationships/person
15:54:31.599 [main] DEBUG org.apache.poi.openxml4j.opc.PackageRelationshipCollection - Parsing relationship: /xl/_rels/workbook.xml.rels
15:54:31.599 [main] DEBUG org.apache.poi.openxml4j.opc.PackageRelationshipCollection - Parsing relationship: /xl/worksheets/_rels/sheet1.xml.rels
15:54:31.599 [main] DEBUG org.apache.poi.openxml4j.opc.PackageRelationshipCollection - Parsing relationship: /_rels/.rels
15:54:31.601 [main] DEBUG org.apache.poi.ooxml.POIXMLFactory - using default POIXMLDocumentPart for http://schemas.microsoft.com/office/2017/10/relationships/person
15:54:31.606 [main] DEBUG org.apache.poi.openxml4j.opc.PackageRelationshipCollection - Parsing relationship: /xl/_rels/workbook.xml.rels
15:54:31.606 [main] DEBUG org.apache.poi.openxml4j.opc.PackageRelationshipCollection - Parsing relationship: /xl/worksheets/_rels/sheet1.xml.rels
15:54:31.606 [main] DEBUG org.apache.poi.openxml4j.opc.PackageRelationshipCollection - Parsing relationship: /_rels/.rels
15:54:31.609 [main] DEBUG org.apache.poi.ooxml.POIXMLFactory - using default POIXMLDocumentPart for http://schemas.microsoft.com/office/2017/10/relationships/person
15:54:31.613 [main] DEBUG org.apache.poi.openxml4j.opc.PackageRelationshipCollection - Parsing relationship: /xl/_rels/workbook.xml.rels
15:54:31.614 [main] DEBUG org.apache.poi.openxml4j.opc.PackageRelationshipCollection - Parsing relationship: /xl/worksheets/_rels/sheet1.xml.rels
15:54:31.614 [main] DEBUG org.apache.poi.openxml4j.opc.PackageRelationshipCollection - Parsing relationship: /_rels/.rels
15:54:31.616 [main] DEBUG org.apache.poi.ooxml.POIXMLFactory - using default POIXMLDocumentPart for http://schemas.microsoft.com/office/2017/10/relationships/person
15:54:31.620 [main] DEBUG org.apache.poi.openxml4j.opc.PackageRelationshipCollection - Parsing relationship: /xl/_rels/workbook.xml.rels
15:54:31.620 [main] DEBUG org.apache.poi.openxml4j.opc.PackageRelationshipCollection - Parsing relationship: /xl/worksheets/_rels/sheet1.xml.rels
15:54:31.620 [main] DEBUG org.apache.poi.openxml4j.opc.PackageRelationshipCollection - Parsing relationship: /_rels/.rels
15:54:31.622 [main] DEBUG org.apache.poi.ooxml.POIXMLFactory - using default POIXMLDocumentPart for http://schemas.microsoft.com/office/2017/10/relationships/person
15:54:31.627 [main] DEBUG org.apache.poi.openxml4j.opc.PackageRelationshipCollection - Parsing relationship: /xl/_rels/workbook.xml.rels
15:54:31.627 [main] DEBUG org.apache.poi.openxml4j.opc.PackageRelationshipCollection - Parsing relationship: /xl/worksheets/_rels/sheet1.xml.rels
15:54:31.627 [main] DEBUG org.apache.poi.openxml4j.opc.PackageRelationshipCollection - Parsing relationship: /_rels/.rels
15:54:31.629 [main] DEBUG org.apache.poi.ooxml.POIXMLFactory - using default POIXMLDocumentPart for http://schemas.microsoft.com/office/2017/10/relationships/person
15:54:31.632 [main] DEBUG org.apache.poi.openxml4j.opc.PackageRelationshipCollection - Parsing relationship: /xl/_rels/workbook.xml.rels
15:54:31.633 [main] DEBUG org.apache.poi.openxml4j.opc.PackageRelationshipCollection - Parsing relationship: /xl/worksheets/_rels/sheet1.xml.rels
15:54:31.633 [main] DEBUG org.apache.poi.openxml4j.opc.PackageRelationshipCollection - Parsing relationship: /_rels/.rels
15:54:31.635 [main] DEBUG org.apache.poi.ooxml.POIXMLFactory - using default POIXMLDocumentPart for http://schemas.microsoft.com/office/2017/10/relationships/person
15:54:31.638 [main] DEBUG org.apache.poi.openxml4j.opc.PackageRelationshipCollection - Parsing relationship: /xl/_rels/workbook.xml.rels
15:54:31.639 [main] DEBUG org.apache.poi.openxml4j.opc.PackageRelationshipCollection - Parsing relationship: /xl/worksheets/_rels/sheet1.xml.rels
15:54:31.639 [main] DEBUG org.apache.poi.openxml4j.opc.PackageRelationshipCollection - Parsing relationship: /_rels/.rels
15:54:31.641 [main] DEBUG org.apache.poi.ooxml.POIXMLFactory - using default POIXMLDocumentPart for http://schemas.microsoft.com/office/2017/10/relationships/person
15:54:31.645 [main] DEBUG org.apache.poi.openxml4j.opc.PackageRelationshipCollection - Parsing relationship: /xl/_rels/workbook.xml.rels
15:54:31.645 [main] DEBUG org.apache.poi.openxml4j.opc.PackageRelationshipCollection - Parsing relationship: /xl/worksheets/_rels/sheet1.xml.rels
15:54:31.646 [main] DEBUG org.apache.poi.openxml4j.opc.PackageRelationshipCollection - Parsing relationship: /_rels/.rels
15:54:31.647 [main] DEBUG org.apache.poi.ooxml.POIXMLFactory - using default POIXMLDocumentPart for http://schemas.microsoft.com/office/2017/10/relationships/person
15:54:31.653 [main] DEBUG org.apache.poi.openxml4j.opc.PackageRelationshipCollection - Parsing relationship: /xl/_rels/workbook.xml.rels
15:54:31.653 [main] DEBUG org.apache.poi.openxml4j.opc.PackageRelationshipCollection - Parsing relationship: /xl/worksheets/_rels/sheet1.xml.rels
15:54:31.653 [main] DEBUG org.apache.poi.openxml4j.opc.PackageRelationshipCollection - Parsing relationship: /_rels/.rels
15:54:31.656 [main] DEBUG org.apache.poi.ooxml.POIXMLFactory - using default POIXMLDocumentPart for http://schemas.microsoft.com/office/2017/10/relationships/person
15:54:31.661 [main] DEBUG org.apache.poi.openxml4j.opc.PackageRelationshipCollection - Parsing relationship: /xl/_rels/workbook.xml.rels
15:54:31.662 [main] DEBUG org.apache.poi.openxml4j.opc.PackageRelationshipCollection - Parsing relationship: /xl/worksheets/_rels/sheet1.xml.rels
15:54:31.662 [main] DEBUG org.apache.poi.openxml4j.opc.PackageRelationshipCollection - Parsing relationship: /_rels/.rels
15:54:31.664 [main] DEBUG org.apache.poi.ooxml.POIXMLFactory - using default POIXMLDocumentPart for http://schemas.microsoft.com/office/2017/10/relationships/person
15:54:31.667 [main] DEBUG org.apache.poi.openxml4j.opc.PackageRelationshipCollection - Parsing relationship: /xl/_rels/workbook.xml.rels
15:54:31.668 [main] DEBUG org.apache.poi.openxml4j.opc.PackageRelationshipCollection - Parsing relationship: /xl/worksheets/_rels/sheet1.xml.rels
15:54:31.668 [main] DEBUG org.apache.poi.openxml4j.opc.PackageRelationshipCollection - Parsing relationship: /_rels/.rels
15:54:31.670 [main] DEBUG org.apache.poi.ooxml.POIXMLFactory - using default POIXMLDocumentPart for http://schemas.microsoft.com/office/2017/10/relationships/person
15:54:31.674 [main] DEBUG org.apache.poi.openxml4j.opc.PackageRelationshipCollection - Parsing relationship: /xl/_rels/workbook.xml.rels
15:54:31.675 [main] DEBUG org.apache.poi.openxml4j.opc.PackageRelationshipCollection - Parsing relationship: /xl/worksheets/_rels/sheet1.xml.rels
15:54:31.675 [main] DEBUG org.apache.poi.openxml4j.opc.PackageRelationshipCollection - Parsing relationship: /_rels/.rels
15:54:31.678 [main] DEBUG org.apache.poi.ooxml.POIXMLFactory - using default POIXMLDocumentPart for http://schemas.microsoft.com/office/2017/10/relationships/person
15:54:31.683 [main] DEBUG org.apache.poi.openxml4j.opc.PackageRelationshipCollection - Parsing relationship: /xl/_rels/workbook.xml.rels
15:54:31.683 [main] DEBUG org.apache.poi.openxml4j.opc.PackageRelationshipCollection - Parsing relationship: /xl/worksheets/_rels/sheet1.xml.rels
15:54:31.684 [main] DEBUG org.apache.poi.openxml4j.opc.PackageRelationshipCollection - Parsing relationship: /_rels/.rels
15:54:31.685 [main] DEBUG org.apache.poi.ooxml.POIXMLFactory - using default POIXMLDocumentPart for http://schemas.microsoft.com/office/2017/10/relationships/person
15:54:31.689 [main] DEBUG org.apache.poi.openxml4j.opc.PackageRelationshipCollection - Parsing relationship: /xl/_rels/workbook.xml.rels
15:54:31.690 [main] DEBUG org.apache.poi.openxml4j.opc.PackageRelationshipCollection - Parsing relationship: /xl/worksheets/_rels/sheet1.xml.rels
15:54:31.690 [main] DEBUG org.apache.poi.openxml4j.opc.PackageRelationshipCollection - Parsing relationship: /_rels/.rels
15:54:31.692 [main] DEBUG org.apache.poi.ooxml.POIXMLFactory - using default POIXMLDocumentPart for http://schemas.microsoft.com/office/2017/10/relationships/person
15:54:31.696 [main] DEBUG org.apache.poi.openxml4j.opc.PackageRelationshipCollection - Parsing relationship: /xl/_rels/workbook.xml.rels
15:54:31.697 [main] DEBUG org.apache.poi.openxml4j.opc.PackageRelationshipCollection - Parsing relationship: /xl/worksheets/_rels/sheet1.xml.rels
15:54:31.697 [main] DEBUG org.apache.poi.openxml4j.opc.PackageRelationshipCollection - Parsing relationship: /_rels/.rels
15:54:31.699 [main] DEBUG org.apache.poi.ooxml.POIXMLFactory - using default POIXMLDocumentPart for http://schemas.microsoft.com/office/2017/10/relationships/person
15:54:31.703 [main] DEBUG org.apache.poi.openxml4j.opc.PackageRelationshipCollection - Parsing relationship: /xl/_rels/workbook.xml.rels
15:54:31.703 [main] DEBUG org.apache.poi.openxml4j.opc.PackageRelationshipCollection - Parsing relationship: /xl/worksheets/_rels/sheet1.xml.rels
15:54:31.703 [main] DEBUG org.apache.poi.openxml4j.opc.PackageRelationshipCollection - Parsing relationship: /_rels/.rels
15:54:31.705 [main] DEBUG org.apache.poi.ooxml.POIXMLFactory - using default POIXMLDocumentPart for http://schemas.microsoft.com/office/2017/10/relationships/person
15:54:31.711 [main] DEBUG org.apache.poi.openxml4j.opc.PackageRelationshipCollection - Parsing relationship: /xl/_rels/workbook.xml.rels
15:54:31.711 [main] DEBUG org.apache.poi.openxml4j.opc.PackageRelationshipCollection - Parsing relationship: /xl/worksheets/_rels/sheet1.xml.rels
15:54:31.711 [main] DEBUG org.apache.poi.openxml4j.opc.PackageRelationshipCollection - Parsing relationship: /_rels/.rels
15:54:31.714 [main] DEBUG org.apache.poi.ooxml.POIXMLFactory - using default POIXMLDocumentPart for http://schemas.microsoft.com/office/2017/10/relationships/person
15:54:31.718 [main] DEBUG org.apache.poi.openxml4j.opc.PackageRelationshipCollection - Parsing relationship: /xl/_rels/workbook.xml.rels
15:54:31.719 [main] DEBUG org.apache.poi.openxml4j.opc.PackageRelationshipCollection - Parsing relationship: /xl/worksheets/_rels/sheet1.xml.rels
15:54:31.719 [main] DEBUG org.apache.poi.openxml4j.opc.PackageRelationshipCollection - Parsing relationship: /_rels/.rels
15:54:31.721 [main] DEBUG org.apache.poi.ooxml.POIXMLFactory - using default POIXMLDocumentPart for http://schemas.microsoft.com/office/2017/10/relationships/person
15:54:31.728 [main] DEBUG org.apache.poi.openxml4j.opc.PackageRelationshipCollection - Parsing relationship: /xl/_rels/workbook.xml.rels
15:54:31.729 [main] DEBUG org.apache.poi.openxml4j.opc.PackageRelationshipCollection - Parsing relationship: /xl/worksheets/_rels/sheet1.xml.rels
15:54:31.729 [main] DEBUG org.apache.poi.openxml4j.opc.PackageRelationshipCollection - Parsing relationship: /_rels/.rels
15:54:31.731 [main] DEBUG org.apache.poi.ooxml.POIXMLFactory - using default POIXMLDocumentPart for http://schemas.microsoft.com/office/2017/10/relationships/person
15:54:31.736 [main] DEBUG org.apache.poi.openxml4j.opc.PackageRelationshipCollection - Parsing relationship: /xl/_rels/workbook.xml.rels
15:54:31.737 [main] DEBUG org.apache.poi.openxml4j.opc.PackageRelationshipCollection - Parsing relationship: /xl/worksheets/_rels/sheet1.xml.rels
15:54:31.737 [main] DEBUG org.apache.poi.openxml4j.opc.PackageRelationshipCollection - Parsing relationship: /_rels/.rels
15:54:31.739 [main] DEBUG org.apache.poi.ooxml.POIXMLFactory - using default POIXMLDocumentPart for http://schemas.microsoft.com/office/2017/10/relationships/person
15:54:31.745 [main] DEBUG org.apache.poi.openxml4j.opc.PackageRelationshipCollection - Parsing relationship: /xl/_rels/workbook.xml.rels
15:54:31.745 [main] DEBUG org.apache.poi.openxml4j.opc.PackageRelationshipCollection - Parsing relationship: /xl/worksheets/_rels/sheet1.xml.rels
15:54:31.746 [main] DEBUG org.apache.poi.openxml4j.opc.PackageRelationshipCollection - Parsing relationship: /_rels/.rels
15:54:31.750 [main] DEBUG org.apache.poi.ooxml.POIXMLFactory - using default POIXMLDocumentPart for http://schemas.microsoft.com/office/2017/10/relationships/person
15:54:31.757 [main] DEBUG org.apache.poi.openxml4j.opc.PackageRelationshipCollection - Parsing relationship: /xl/_rels/workbook.xml.rels
15:54:31.757 [main] DEBUG org.apache.poi.openxml4j.opc.PackageRelationshipCollection - Parsing relationship: /xl/worksheets/_rels/sheet1.xml.rels
15:54:31.758 [main] DEBUG org.apache.poi.openxml4j.opc.PackageRelationshipCollection - Parsing relationship: /_rels/.rels
15:54:31.761 [main] DEBUG org.apache.poi.ooxml.POIXMLFactory - using default POIXMLDocumentPart for http://schemas.microsoft.com/office/2017/10/relationships/person
15:54:31.765 [main] DEBUG org.apache.poi.openxml4j.opc.PackageRelationshipCollection - Parsing relationship: /xl/_rels/workbook.xml.rels
15:54:31.765 [main] DEBUG org.apache.poi.openxml4j.opc.PackageRelationshipCollection - Parsing relationship: /xl/worksheets/_rels/sheet1.xml.rels
15:54:31.765 [main] DEBUG org.apache.poi.openxml4j.opc.PackageRelationshipCollection - Parsing relationship: /_rels/.rels
15:54:31.767 [main] DEBUG org.apache.poi.ooxml.POIXMLFactory - using default POIXMLDocumentPart for http://schemas.microsoft.com/office/2017/10/relationships/person
15:54:31.771 [main] DEBUG org.apache.poi.openxml4j.opc.PackageRelationshipCollection - Parsing relationship: /xl/_rels/workbook.xml.rels
15:54:31.771 [main] DEBUG org.apache.poi.openxml4j.opc.PackageRelationshipCollection - Parsing relationship: /xl/worksheets/_rels/sheet1.xml.rels
15:54:31.771 [main] DEBUG org.apache.poi.openxml4j.opc.PackageRelationshipCollection - Parsing relationship: /_rels/.rels
15:54:31.773 [main] DEBUG org.apache.poi.ooxml.POIXMLFactory - using default POIXMLDocumentPart for http://schemas.microsoft.com/office/2017/10/relationships/person
15:54:31.778 [main] DEBUG org.apache.poi.openxml4j.opc.PackageRelationshipCollection - Parsing relationship: /xl/_rels/workbook.xml.rels
15:54:31.778 [main] DEBUG org.apache.poi.openxml4j.opc.PackageRelationshipCollection - Parsing relationship: /xl/worksheets/_rels/sheet1.xml.rels
15:54:31.778 [main] DEBUG org.apache.poi.openxml4j.opc.PackageRelationshipCollection - Parsing relationship: /_rels/.rels
15:54:31.780 [main] DEBUG org.apache.poi.ooxml.POIXMLFactory - using default POIXMLDocumentPart for http://schemas.microsoft.com/office/2017/10/relationships/person
15:54:31.784 [main] DEBUG org.apache.poi.openxml4j.opc.PackageRelationshipCollection - Parsing relationship: /xl/_rels/workbook.xml.rels
15:54:31.784 [main] DEBUG org.apache.poi.openxml4j.opc.PackageRelationshipCollection - Parsing relationship: /xl/worksheets/_rels/sheet1.xml.rels
15:54:31.785 [main] DEBUG org.apache.poi.openxml4j.opc.PackageRelationshipCollection - Parsing relationship: /_rels/.rels
15:54:31.786 [main] DEBUG org.apache.poi.ooxml.POIXMLFactory - using default POIXMLDocumentPart for http://schemas.microsoft.com/office/2017/10/relationships/person
15:54:31.791 [main] DEBUG org.apache.poi.openxml4j.opc.PackageRelationshipCollection - Parsing relationship: /xl/_rels/workbook.xml.rels
15:54:31.791 [main] DEBUG org.apache.poi.openxml4j.opc.PackageRelationshipCollection - Parsing relationship: /xl/worksheets/_rels/sheet1.xml.rels
15:54:31.792 [main] DEBUG org.apache.poi.openxml4j.opc.PackageRelationshipCollection - Parsing relationship: /_rels/.rels
15:54:31.795 [main] DEBUG org.apache.poi.ooxml.POIXMLFactory - using default POIXMLDocumentPart for http://schemas.microsoft.com/office/2017/10/relationships/person
15:54:31.798 [main] DEBUG org.apache.poi.openxml4j.opc.PackageRelationshipCollection - Parsing relationship: /xl/_rels/workbook.xml.rels
15:54:31.798 [main] DEBUG org.apache.poi.openxml4j.opc.PackageRelationshipCollection - Parsing relationship: /xl/worksheets/_rels/sheet1.xml.rels
15:54:31.799 [main] DEBUG org.apache.poi.openxml4j.opc.PackageRelationshipCollection - Parsing relationship: /_rels/.rels
15:54:31.800 [main] DEBUG org.apache.poi.ooxml.POIXMLFactory - using default POIXMLDocumentPart for http://schemas.microsoft.com/office/2017/10/relationships/person
15:54:31.804 [main] DEBUG org.apache.poi.openxml4j.opc.PackageRelationshipCollection - Parsing relationship: /xl/_rels/workbook.xml.rels
15:54:31.804 [main] DEBUG org.apache.poi.openxml4j.opc.PackageRelationshipCollection - Parsing relationship: /xl/worksheets/_rels/sheet1.xml.rels
15:54:31.804 [main] DEBUG org.apache.poi.openxml4j.opc.PackageRelationshipCollection - Parsing relationship: /_rels/.rels
15:54:31.805 [main] DEBUG org.apache.poi.ooxml.POIXMLFactory - using default POIXMLDocumentPart for http://schemas.microsoft.com/office/2017/10/relationships/person
15:54:31.810 [main] DEBUG org.apache.poi.openxml4j.opc.PackageRelationshipCollection - Parsing relationship: /xl/_rels/workbook.xml.rels
15:54:31.810 [main] DEBUG org.apache.poi.openxml4j.opc.PackageRelationshipCollection - Parsing relationship: /xl/worksheets/_rels/sheet1.xml.rels
15:54:31.810 [main] DEBUG org.apache.poi.openxml4j.opc.PackageRelationshipCollection - Parsing relationship: /_rels/.rels
15:54:31.812 [main] DEBUG org.apache.poi.ooxml.POIXMLFactory - using default POIXMLDocumentPart for http://schemas.microsoft.com/office/2017/10/relationships/person
15:54:31.815 [main] DEBUG org.apache.poi.openxml4j.opc.PackageRelationshipCollection - Parsing relationship: /xl/_rels/workbook.xml.rels
15:54:31.815 [main] DEBUG org.apache.poi.openxml4j.opc.PackageRelationshipCollection - Parsing relationship: /xl/worksheets/_rels/sheet1.xml.rels
15:54:31.815 [main] DEBUG org.apache.poi.openxml4j.opc.PackageRelationshipCollection - Parsing relationship: /_rels/.rels
15:54:31.817 [main] DEBUG org.apache.poi.ooxml.POIXMLFactory - using default POIXMLDocumentPart for http://schemas.microsoft.com/office/2017/10/relationships/person
15:54:31.820 [main] DEBUG org.apache.poi.openxml4j.opc.PackageRelationshipCollection - Parsing relationship: /xl/_rels/workbook.xml.rels
15:54:31.821 [main] DEBUG org.apache.poi.openxml4j.opc.PackageRelationshipCollection - Parsing relationship: /xl/worksheets/_rels/sheet1.xml.rels
15:54:31.821 [main] DEBUG org.apache.poi.openxml4j.opc.PackageRelationshipCollection - Parsing relationship: /_rels/.rels
15:54:31.822 [main] DEBUG org.apache.poi.ooxml.POIXMLFactory - using default POIXMLDocumentPart for http://schemas.microsoft.com/office/2017/10/relationships/person
15:54:31.826 [main] DEBUG org.apache.poi.openxml4j.opc.PackageRelationshipCollection - Parsing relationship: /xl/_rels/workbook.xml.rels
15:54:31.827 [main] DEBUG org.apache.poi.openxml4j.opc.PackageRelationshipCollection - Parsing relationship: /xl/worksheets/_rels/sheet1.xml.rels
15:54:31.827 [main] DEBUG org.apache.poi.openxml4j.opc.PackageRelationshipCollection - Parsing relationship: /_rels/.rels
15:54:31.828 [main] DEBUG org.apache.poi.ooxml.POIXMLFactory - using default POIXMLDocumentPart for http://schemas.microsoft.com/office/2017/10/relationships/person
15:54:31.832 [main] DEBUG org.apache.poi.openxml4j.opc.PackageRelationshipCollection - Parsing relationship: /xl/_rels/workbook.xml.rels
15:54:31.832 [main] DEBUG org.apache.poi.openxml4j.opc.PackageRelationshipCollection - Parsing relationship: /xl/worksheets/_rels/sheet1.xml.rels
15:54:31.832 [main] DEBUG org.apache.poi.openxml4j.opc.PackageRelationshipCollection - Parsing relationship: /_rels/.rels
15:54:31.834 [main] DEBUG org.apache.poi.ooxml.POIXMLFactory - using default POIXMLDocumentPart for http://schemas.microsoft.com/office/2017/10/relationships/person
15:54:31.837 [main] DEBUG org.apache.poi.openxml4j.opc.PackageRelationshipCollection - Parsing relationship: /xl/_rels/workbook.xml.rels
15:54:31.838 [main] DEBUG org.apache.poi.openxml4j.opc.PackageRelationshipCollection - Parsing relationship: /xl/worksheets/_rels/sheet1.xml.rels
15:54:31.838 [main] DEBUG org.apache.poi.openxml4j.opc.PackageRelationshipCollection - Parsing relationship: /_rels/.rels
15:54:31.840 [main] DEBUG org.apache.poi.ooxml.POIXMLFactory - using default POIXMLDocumentPart for http://schemas.microsoft.com/office/2017/10/relationships/person
15:54:31.844 [main] DEBUG org.apache.poi.openxml4j.opc.PackageRelationshipCollection - Parsing relationship: /xl/_rels/workbook.xml.rels
15:54:31.844 [main] DEBUG org.apache.poi.openxml4j.opc.PackageRelationshipCollection - Parsing relationship: /xl/worksheets/_rels/sheet1.xml.rels
15:54:31.845 [main] DEBUG org.apache.poi.openxml4j.opc.PackageRelationshipCollection - Parsing relationship: /_rels/.rels
15:54:31.846 [main] DEBUG org.apache.poi.ooxml.POIXMLFactory - using default POIXMLDocumentPart for http://schemas.microsoft.com/office/2017/10/relationships/person
15:54:31.850 [main] DEBUG org.apache.poi.openxml4j.opc.PackageRelationshipCollection - Parsing relationship: /xl/_rels/workbook.xml.rels
15:54:31.850 [main] DEBUG org.apache.poi.openxml4j.opc.PackageRelationshipCollection - Parsing relationship: /xl/worksheets/_rels/sheet1.xml.rels
15:54:31.850 [main] DEBUG org.apache.poi.openxml4j.opc.PackageRelationshipCollection - Parsing relationship: /_rels/.rels
15:54:31.852 [main] DEBUG org.apache.poi.ooxml.POIXMLFactory - using default POIXMLDocumentPart for http://schemas.microsoft.com/office/2017/10/relationships/person
15:54:31.856 [main] DEBUG org.apache.poi.openxml4j.opc.PackageRelationshipCollection - Parsing relationship: /xl/_rels/workbook.xml.rels
15:54:31.856 [main] DEBUG org.apache.poi.openxml4j.opc.PackageRelationshipCollection - Parsing relationship: /xl/worksheets/_rels/sheet1.xml.rels
15:54:31.856 [main] DEBUG org.apache.poi.openxml4j.opc.PackageRelationshipCollection - Parsing relationship: /_rels/.rels
15:54:31.859 [main] DEBUG org.apache.poi.ooxml.POIXMLFactory - using default POIXMLDocumentPart for http://schemas.microsoft.com/office/2017/10/relationships/person
15:54:31.862 [main] DEBUG org.apache.poi.openxml4j.opc.PackageRelationshipCollection - Parsing relationship: /xl/_rels/workbook.xml.rels
15:54:31.863 [main] DEBUG org.apache.poi.openxml4j.opc.PackageRelationshipCollection - Parsing relationship: /xl/worksheets/_rels/sheet1.xml.rels
15:54:31.863 [main] DEBUG org.apache.poi.openxml4j.opc.PackageRelationshipCollection - Parsing relationship: /_rels/.rels
15:54:31.864 [main] DEBUG org.apache.poi.ooxml.POIXMLFactory - using default POIXMLDocumentPart for http://schemas.microsoft.com/office/2017/10/relationships/person
15:54:31.868 [main] DEBUG org.apache.poi.openxml4j.opc.PackageRelationshipCollection - Parsing relationship: /xl/_rels/workbook.xml.rels
15:54:31.868 [main] DEBUG org.apache.poi.openxml4j.opc.PackageRelationshipCollection - Parsing relationship: /xl/worksheets/_rels/sheet1.xml.rels
15:54:31.868 [main] DEBUG org.apache.poi.openxml4j.opc.PackageRelationshipCollection - Parsing relationship: /_rels/.rels
15:54:31.869 [main] DEBUG org.apache.poi.ooxml.POIXMLFactory - using default POIXMLDocumentPart for http://schemas.microsoft.com/office/2017/10/relationships/person
15:54:31.873 [main] DEBUG org.apache.poi.openxml4j.opc.PackageRelationshipCollection - Parsing relationship: /xl/_rels/workbook.xml.rels
15:54:31.873 [main] DEBUG org.apache.poi.openxml4j.opc.PackageRelationshipCollection - Parsing relationship: /xl/worksheets/_rels/sheet1.xml.rels
15:54:31.873 [main] DEBUG org.apache.poi.openxml4j.opc.PackageRelationshipCollection - Parsing relationship: /_rels/.rels
15:54:31.876 [main] DEBUG org.apache.poi.ooxml.POIXMLFactory - using default POIXMLDocumentPart for http://schemas.microsoft.com/office/2017/10/relationships/person
15:54:31.880 [main] DEBUG org.apache.poi.openxml4j.opc.PackageRelationshipCollection - Parsing relationship: /xl/_rels/workbook.xml.rels
15:54:31.880 [main] DEBUG org.apache.poi.openxml4j.opc.PackageRelationshipCollection - Parsing relationship: /xl/worksheets/_rels/sheet1.xml.rels
15:54:31.880 [main] DEBUG org.apache.poi.openxml4j.opc.PackageRelationshipCollection - Parsing relationship: /_rels/.rels
15:54:31.882 [main] DEBUG org.apache.poi.ooxml.POIXMLFactory - using default POIXMLDocumentPart for http://schemas.microsoft.com/office/2017/10/relationships/person
15:54:31.886 [main] DEBUG org.apache.poi.openxml4j.opc.PackageRelationshipCollection - Parsing relationship: /xl/_rels/workbook.xml.rels
15:54:31.886 [main] DEBUG org.apache.poi.openxml4j.opc.PackageRelationshipCollection - Parsing relationship: /xl/worksheets/_rels/sheet1.xml.rels
15:54:31.886 [main] DEBUG org.apache.poi.openxml4j.opc.PackageRelationshipCollection - Parsing relationship: /_rels/.rels
15:54:31.887 [main] DEBUG org.apache.poi.ooxml.POIXMLFactory - using default POIXMLDocumentPart for http://schemas.microsoft.com/office/2017/10/relationships/person
15:54:31.891 [main] DEBUG org.apache.poi.openxml4j.opc.PackageRelationshipCollection - Parsing relationship: /xl/_rels/workbook.xml.rels
15:54:31.892 [main] DEBUG org.apache.poi.openxml4j.opc.PackageRelationshipCollection - Parsing relationship: /xl/worksheets/_rels/sheet1.xml.rels
15:54:31.892 [main] DEBUG org.apache.poi.openxml4j.opc.PackageRelationshipCollection - Parsing relationship: /_rels/.rels
15:54:31.894 [main] DEBUG org.apache.poi.ooxml.POIXMLFactory - using default POIXMLDocumentPart for http://schemas.microsoft.com/office/2017/10/relationships/person
15:54:31.897 [main] DEBUG org.apache.poi.openxml4j.opc.PackageRelationshipCollection - Parsing relationship: /xl/_rels/workbook.xml.rels
15:54:31.897 [main] DEBUG org.apache.poi.openxml4j.opc.PackageRelationshipCollection - Parsing relationship: /xl/worksheets/_rels/sheet1.xml.rels
15:54:31.897 [main] DEBUG org.apache.poi.openxml4j.opc.PackageRelationshipCollection - Parsing relationship: /_rels/.rels
15:54:31.899 [main] DEBUG org.apache.poi.ooxml.POIXMLFactory - using default POIXMLDocumentPart for http://schemas.microsoft.com/office/2017/10/relationships/person
15:54:31.902 [main] DEBUG org.apache.poi.openxml4j.opc.PackageRelationshipCollection - Parsing relationship: /xl/_rels/workbook.xml.rels
15:54:31.902 [main] DEBUG org.apache.poi.openxml4j.opc.PackageRelationshipCollection - Parsing relationship: /xl/worksheets/_rels/sheet1.xml.rels
15:54:31.903 [main] DEBUG org.apache.poi.openxml4j.opc.PackageRelationshipCollection - Parsing relationship: /_rels/.rels
15:54:31.904 [main] DEBUG org.apache.poi.ooxml.POIXMLFactory - using default POIXMLDocumentPart for http://schemas.microsoft.com/office/2017/10/relationships/person
15:54:31.908 [main] DEBUG org.apache.poi.openxml4j.opc.PackageRelationshipCollection - Parsing relationship: /xl/_rels/workbook.xml.rels
15:54:31.908 [main] DEBUG org.apache.poi.openxml4j.opc.PackageRelationshipCollection - Parsing relationship: /xl/worksheets/_rels/sheet1.xml.rels
15:54:31.908 [main] DEBUG org.apache.poi.openxml4j.opc.PackageRelationshipCollection - Parsing relationship: /_rels/.rels
15:54:31.910 [main] DEBUG org.apache.poi.ooxml.POIXMLFactory - using default POIXMLDocumentPart for http://schemas.microsoft.com/office/2017/10/relationships/person
15:54:31.914 [main] DEBUG org.apache.poi.openxml4j.opc.PackageRelationshipCollection - Parsing relationship: /xl/_rels/workbook.xml.rels
15:54:31.914 [main] DEBUG org.apache.poi.openxml4j.opc.PackageRelationshipCollection - Parsing relationship: /xl/worksheets/_rels/sheet1.xml.rels
15:54:31.914 [main] DEBUG org.apache.poi.openxml4j.opc.PackageRelationshipCollection - Parsing relationship: /_rels/.rels
15:54:31.915 [main] DEBUG org.apache.poi.ooxml.POIXMLFactory - using default POIXMLDocumentPart for http://schemas.microsoft.com/office/2017/10/relationships/person
15:54:31.919 [main] DEBUG org.apache.poi.openxml4j.opc.PackageRelationshipCollection - Parsing relationship: /xl/_rels/workbook.xml.rels
15:54:31.919 [main] DEBUG org.apache.poi.openxml4j.opc.PackageRelationshipCollection - Parsing relationship: /xl/worksheets/_rels/sheet1.xml.rels
15:54:31.919 [main] DEBUG org.apache.poi.openxml4j.opc.PackageRelationshipCollection - Parsing relationship: /_rels/.rels
15:54:31.921 [main] DEBUG org.apache.poi.ooxml.POIXMLFactory - using default POIXMLDocumentPart for http://schemas.microsoft.com/office/2017/10/relationships/person
15:54:31.925 [main] DEBUG org.apache.poi.openxml4j.opc.PackageRelationshipCollection - Parsing relationship: /xl/_rels/workbook.xml.rels
15:54:31.925 [main] DEBUG org.apache.poi.openxml4j.opc.PackageRelationshipCollection - Parsing relationship: /xl/worksheets/_rels/sheet1.xml.rels
15:54:31.925 [main] DEBUG org.apache.poi.openxml4j.opc.PackageRelationshipCollection - Parsing relationship: /_rels/.rels
15:54:31.927 [main] DEBUG org.apache.poi.ooxml.POIXMLFactory - using default POIXMLDocumentPart for http://schemas.microsoft.com/office/2017/10/relationships/person
15:54:31.930 [main] DEBUG org.apache.poi.openxml4j.opc.PackageRelationshipCollection - Parsing relationship: /xl/_rels/workbook.xml.rels
15:54:31.930 [main] DEBUG org.apache.poi.openxml4j.opc.PackageRelationshipCollection - Parsing relationship: /xl/worksheets/_rels/sheet1.xml.rels
15:54:31.930 [main] DEBUG org.apache.poi.openxml4j.opc.PackageRelationshipCollection - Parsing relationship: /_rels/.rels
15:54:31.932 [main] DEBUG org.apache.poi.ooxml.POIXMLFactory - using default POIXMLDocumentPart for http://schemas.microsoft.com/office/2017/10/relationships/person
15:54:31.935 [main] DEBUG org.apache.poi.openxml4j.opc.PackageRelationshipCollection - Parsing relationship: /xl/_rels/workbook.xml.rels
15:54:31.935 [main] DEBUG org.apache.poi.openxml4j.opc.PackageRelationshipCollection - Parsing relationship: /xl/worksheets/_rels/sheet1.xml.rels
15:54:31.936 [main] DEBUG org.apache.poi.openxml4j.opc.PackageRelationshipCollection - Parsing relationship: /_rels/.rels
15:54:31.937 [main] DEBUG org.apache.poi.ooxml.POIXMLFactory - using default POIXMLDocumentPart for http://schemas.microsoft.com/office/2017/10/relationships/person
15:54:31.944 [main] DEBUG org.apache.poi.openxml4j.opc.PackageRelationshipCollection - Parsing relationship: /xl/_rels/workbook.xml.rels
15:54:31.944 [main] DEBUG org.apache.poi.openxml4j.opc.PackageRelationshipCollection - Parsing relationship: /xl/worksheets/_rels/sheet1.xml.rels
15:54:31.944 [main] DEBUG org.apache.poi.openxml4j.opc.PackageRelationshipCollection - Parsing relationship: /_rels/.rels
15:54:31.946 [main] DEBUG org.apache.poi.ooxml.POIXMLFactory - using default POIXMLDocumentPart for http://schemas.microsoft.com/office/2017/10/relationships/person
15:54:31.949 [main] DEBUG org.apache.poi.openxml4j.opc.PackageRelationshipCollection - Parsing relationship: /xl/_rels/workbook.xml.rels
15:54:31.949 [main] DEBUG org.apache.poi.openxml4j.opc.PackageRelationshipCollection - Parsing relationship: /xl/worksheets/_rels/sheet1.xml.rels
15:54:31.950 [main] DEBUG org.apache.poi.openxml4j.opc.PackageRelationshipCollection - Parsing relationship: /_rels/.rels
15:54:31.951 [main] DEBUG org.apache.poi.ooxml.POIXMLFactory - using default POIXMLDocumentPart for http://schemas.microsoft.com/office/2017/10/relationships/person
15:54:31.955 [main] DEBUG org.apache.poi.openxml4j.opc.PackageRelationshipCollection - Parsing relationship: /xl/_rels/workbook.xml.rels
15:54:31.955 [main] DEBUG org.apache.poi.openxml4j.opc.PackageRelationshipCollection - Parsing relationship: /xl/worksheets/_rels/sheet1.xml.rels
15:54:31.955 [main] DEBUG org.apache.poi.openxml4j.opc.PackageRelationshipCollection - Parsing relationship: /_rels/.rels
15:54:31.956 [main] DEBUG org.apache.poi.ooxml.POIXMLFactory - using default POIXMLDocumentPart for http://schemas.microsoft.com/office/2017/10/relationships/person
15:54:31.961 [main] DEBUG org.apache.poi.openxml4j.opc.PackageRelationshipCollection - Parsing relationship: /xl/_rels/workbook.xml.rels
15:54:31.961 [main] DEBUG org.apache.poi.openxml4j.opc.PackageRelationshipCollection - Parsing relationship: /xl/worksheets/_rels/sheet1.xml.rels
15:54:31.961 [main] DEBUG org.apache.poi.openxml4j.opc.PackageRelationshipCollection - Parsing relationship: /_rels/.rels
15:54:31.963 [main] DEBUG org.apache.poi.ooxml.POIXMLFactory - using default POIXMLDocumentPart for http://schemas.microsoft.com/office/2017/10/relationships/person
15:54:31.966 [main] DEBUG org.apache.poi.openxml4j.opc.PackageRelationshipCollection - Parsing relationship: /xl/_rels/workbook.xml.rels
15:54:31.966 [main] DEBUG org.apache.poi.openxml4j.opc.PackageRelationshipCollection - Parsing relationship: /xl/worksheets/_rels/sheet1.xml.rels
15:54:31.966 [main] DEBUG org.apache.poi.openxml4j.opc.PackageRelationshipCollection - Parsing relationship: /_rels/.rels
15:54:31.968 [main] DEBUG org.apache.poi.ooxml.POIXMLFactory - using default POIXMLDocumentPart for http://schemas.microsoft.com/office/2017/10/relationships/person
15:54:31.972 [main] DEBUG org.apache.poi.openxml4j.opc.PackageRelationshipCollection - Parsing relationship: /xl/_rels/workbook.xml.rels
15:54:31.972 [main] DEBUG org.apache.poi.openxml4j.opc.PackageRelationshipCollection - Parsing relationship: /xl/worksheets/_rels/sheet1.xml.rels
15:54:31.972 [main] DEBUG org.apache.poi.openxml4j.opc.PackageRelationshipCollection - Parsing relationship: /_rels/.rels
15:54:31.975 [main] DEBUG org.apache.poi.ooxml.POIXMLFactory - using default POIXMLDocumentPart for http://schemas.microsoft.com/office/2017/10/relationships/person
15:54:31.979 [main] DEBUG org.apache.poi.openxml4j.opc.PackageRelationshipCollection - Parsing relationship: /xl/_rels/workbook.xml.rels
15:54:31.980 [main] DEBUG org.apache.poi.openxml4j.opc.PackageRelationshipCollection - Parsing relationship: /xl/worksheets/_rels/sheet1.xml.rels
15:54:31.980 [main] DEBUG org.apache.poi.openxml4j.opc.PackageRelationshipCollection - Parsing relationship: /_rels/.rels
15:54:31.981 [main] DEBUG org.apache.poi.ooxml.POIXMLFactory - using default POIXMLDocumentPart for http://schemas.microsoft.com/office/2017/10/relationships/person
15:54:31.985 [main] DEBUG org.apache.poi.openxml4j.opc.PackageRelationshipCollection - Parsing relationship: /xl/_rels/workbook.xml.rels
15:54:31.985 [main] DEBUG org.apache.poi.openxml4j.opc.PackageRelationshipCollection - Parsing relationship: /xl/worksheets/_rels/sheet1.xml.rels
15:54:31.985 [main] DEBUG org.apache.poi.openxml4j.opc.PackageRelationshipCollection - Parsing relationship: /_rels/.rels
15:54:31.987 [main] DEBUG org.apache.poi.ooxml.POIXMLFactory - using default POIXMLDocumentPart for http://schemas.microsoft.com/office/2017/10/relationships/person
15:54:31.991 [main] DEBUG org.apache.poi.openxml4j.opc.PackageRelationshipCollection - Parsing relationship: /xl/_rels/workbook.xml.rels
15:54:31.992 [main] DEBUG org.apache.poi.openxml4j.opc.PackageRelationshipCollection - Parsing relationship: /xl/worksheets/_rels/sheet1.xml.rels
15:54:31.992 [main] DEBUG org.apache.poi.openxml4j.opc.PackageRelationshipCollection - Parsing relationship: /_rels/.rels
15:54:31.994 [main] DEBUG org.apache.poi.ooxml.POIXMLFactory - using default POIXMLDocumentPart for http://schemas.microsoft.com/office/2017/10/relationships/person
15:54:31.997 [main] DEBUG org.apache.poi.openxml4j.opc.PackageRelationshipCollection - Parsing relationship: /xl/_rels/workbook.xml.rels
15:54:31.998 [main] DEBUG org.apache.poi.openxml4j.opc.PackageRelationshipCollection - Parsing relationship: /xl/worksheets/_rels/sheet1.xml.rels
15:54:31.998 [main] DEBUG org.apache.poi.openxml4j.opc.PackageRelationshipCollection - Parsing relationship: /_rels/.rels
15:54:31.999 [main] DEBUG org.apache.poi.ooxml.POIXMLFactory - using default POIXMLDocumentPart for http://schemas.microsoft.com/office/2017/10/relationships/person
15:54:32.003 [main] DEBUG org.apache.poi.openxml4j.opc.PackageRelationshipCollection - Parsing relationship: /xl/_rels/workbook.xml.rels
15:54:32.003 [main] DEBUG org.apache.poi.openxml4j.opc.PackageRelationshipCollection - Parsing relationship: /xl/worksheets/_rels/sheet1.xml.rels
15:54:32.003 [main] DEBUG org.apache.poi.openxml4j.opc.PackageRelationshipCollection - Parsing relationship: /_rels/.rels
15:54:32.005 [main] DEBUG org.apache.poi.ooxml.POIXMLFactory - using default POIXMLDocumentPart for http://schemas.microsoft.com/office/2017/10/relationships/person
15:54:32.010 [main] DEBUG org.apache.poi.openxml4j.opc.PackageRelationshipCollection - Parsing relationship: /xl/_rels/workbook.xml.rels
15:54:32.010 [main] DEBUG org.apache.poi.openxml4j.opc.PackageRelationshipCollection - Parsing relationship: /xl/worksheets/_rels/sheet1.xml.rels
15:54:32.011 [main] DEBUG org.apache.poi.openxml4j.opc.PackageRelationshipCollection - Parsing relationship: /_rels/.rels
15:54:32.013 [main] DEBUG org.apache.poi.ooxml.POIXMLFactory - using default POIXMLDocumentPart for http://schemas.microsoft.com/office/2017/10/relationships/person
15:54:32.017 [main] DEBUG org.apache.poi.openxml4j.opc.PackageRelationshipCollection - Parsing relationship: /xl/_rels/workbook.xml.rels
15:54:32.017 [main] DEBUG org.apache.poi.openxml4j.opc.PackageRelationshipCollection - Parsing relationship: /xl/worksheets/_rels/sheet1.xml.rels
15:54:32.017 [main] DEBUG org.apache.poi.openxml4j.opc.PackageRelationshipCollection - Parsing relationship: /_rels/.rels
15:54:32.019 [main] DEBUG org.apache.poi.ooxml.POIXMLFactory - using default POIXMLDocumentPart for http://schemas.microsoft.com/office/2017/10/relationships/person
15:54:32.023 [main] DEBUG org.apache.poi.openxml4j.opc.PackageRelationshipCollection - Parsing relationship: /xl/_rels/workbook.xml.rels
15:54:32.023 [main] DEBUG org.apache.poi.openxml4j.opc.PackageRelationshipCollection - Parsing relationship: /xl/worksheets/_rels/sheet1.xml.rels
15:54:32.023 [main] DEBUG org.apache.poi.openxml4j.opc.PackageRelationshipCollection - Parsing relationship: /_rels/.rels
15:54:32.026 [main] DEBUG org.apache.poi.ooxml.POIXMLFactory - using default POIXMLDocumentPart for http://schemas.microsoft.com/office/2017/10/relationships/person
15:54:32.030 [main] DEBUG org.apache.poi.openxml4j.opc.PackageRelationshipCollection - Parsing relationship: /xl/_rels/workbook.xml.rels
15:54:32.030 [main] DEBUG org.apache.poi.openxml4j.opc.PackageRelationshipCollection - Parsing relationship: /xl/worksheets/_rels/sheet1.xml.rels
15:54:32.031 [main] DEBUG org.apache.poi.openxml4j.opc.PackageRelationshipCollection - Parsing relationship: /_rels/.rels
15:54:32.033 [main] DEBUG org.apache.poi.ooxml.POIXMLFactory - using default POIXMLDocumentPart for http://schemas.microsoft.com/office/2017/10/relationships/person
15:54:32.037 [main] DEBUG org.apache.poi.openxml4j.opc.PackageRelationshipCollection - Parsing relationship: /xl/_rels/workbook.xml.rels
15:54:32.037 [main] DEBUG org.apache.poi.openxml4j.opc.PackageRelationshipCollection - Parsing relationship: /xl/worksheets/_rels/sheet1.xml.rels
15:54:32.037 [main] DEBUG org.apache.poi.openxml4j.opc.PackageRelationshipCollection - Parsing relationship: /_rels/.rels
15:54:32.039 [main] DEBUG org.apache.poi.ooxml.POIXMLFactory - using default POIXMLDocumentPart for http://schemas.microsoft.com/office/2017/10/relationships/person
15:54:32.044 [main] DEBUG org.apache.poi.openxml4j.opc.PackageRelationshipCollection - Parsing relationship: /xl/_rels/workbook.xml.rels
15:54:32.044 [main] DEBUG org.apache.poi.openxml4j.opc.PackageRelationshipCollection - Parsing relationship: /xl/worksheets/_rels/sheet1.xml.rels
15:54:32.044 [main] DEBUG org.apache.poi.openxml4j.opc.PackageRelationshipCollection - Parsing relationship: /_rels/.rels
15:54:32.046 [main] DEBUG org.apache.poi.ooxml.POIXMLFactory - using default POIXMLDocumentPart for http://schemas.microsoft.com/office/2017/10/relationships/person
15:54:32.050 [main] DEBUG org.apache.poi.openxml4j.opc.PackageRelationshipCollection - Parsing relationship: /xl/_rels/workbook.xml.rels
15:54:32.050 [main] DEBUG org.apache.poi.openxml4j.opc.PackageRelationshipCollection - Parsing relationship: /xl/worksheets/_rels/sheet1.xml.rels
15:54:32.050 [main] DEBUG org.apache.poi.openxml4j.opc.PackageRelationshipCollection - Parsing relationship: /_rels/.rels
15:54:32.052 [main] DEBUG org.apache.poi.ooxml.POIXMLFactory - using default POIXMLDocumentPart for http://schemas.microsoft.com/office/2017/10/relationships/person
15:54:32.057 [main] DEBUG org.apache.poi.openxml4j.opc.PackageRelationshipCollection - Parsing relationship: /xl/_rels/workbook.xml.rels
15:54:32.058 [main] DEBUG org.apache.poi.openxml4j.opc.PackageRelationshipCollection - Parsing relationship: /xl/worksheets/_rels/sheet1.xml.rels
15:54:32.058 [main] DEBUG org.apache.poi.openxml4j.opc.PackageRelationshipCollection - Parsing relationship: /_rels/.rels
15:54:32.061 [main] DEBUG org.apache.poi.ooxml.POIXMLFactory - using default POIXMLDocumentPart for http://schemas.microsoft.com/office/2017/10/relationships/person
15:54:32.065 [main] DEBUG org.apache.poi.openxml4j.opc.PackageRelationshipCollection - Parsing relationship: /xl/_rels/workbook.xml.rels
15:54:32.066 [main] DEBUG org.apache.poi.openxml4j.opc.PackageRelationshipCollection - Parsing relationship: /xl/worksheets/_rels/sheet1.xml.rels
15:54:32.066 [main] DEBUG org.apache.poi.openxml4j.opc.PackageRelationshipCollection - Parsing relationship: /_rels/.rels
15:54:32.068 [main] DEBUG org.apache.poi.ooxml.POIXMLFactory - using default POIXMLDocumentPart for http://schemas.microsoft.com/office/2017/10/relationships/person
15:54:32.073 [main] DEBUG org.apache.poi.openxml4j.opc.PackageRelationshipCollection - Parsing relationship: /xl/_rels/workbook.xml.rels
15:54:32.073 [main] DEBUG org.apache.poi.openxml4j.opc.PackageRelationshipCollection - Parsing relationship: /xl/worksheets/_rels/sheet1.xml.rels
15:54:32.073 [main] DEBUG org.apache.poi.openxml4j.opc.PackageRelationshipCollection - Parsing relationship: /_rels/.rels
15:54:32.078 [main] DEBUG org.apache.poi.ooxml.POIXMLFactory - using default POIXMLDocumentPart for http://schemas.microsoft.com/office/2017/10/relationships/person
15:54:32.083 [main] DEBUG org.apache.poi.openxml4j.opc.PackageRelationshipCollection - Parsing relationship: /xl/_rels/workbook.xml.rels
15:54:32.083 [main] DEBUG org.apache.poi.openxml4j.opc.PackageRelationshipCollection - Parsing relationship: /xl/worksheets/_rels/sheet1.xml.rels
15:54:32.084 [main] DEBUG org.apache.poi.openxml4j.opc.PackageRelationshipCollection - Parsing relationship: /_rels/.rels
15:54:32.086 [main] DEBUG org.apache.poi.ooxml.POIXMLFactory - using default POIXMLDocumentPart for http://schemas.microsoft.com/office/2017/10/relationships/person
15:54:32.090 [main] DEBUG org.apache.poi.openxml4j.opc.PackageRelationshipCollection - Parsing relationship: /xl/_rels/workbook.xml.rels
15:54:32.090 [main] DEBUG org.apache.poi.openxml4j.opc.PackageRelationshipCollection - Parsing relationship: /xl/worksheets/_rels/sheet1.xml.rels
15:54:32.090 [main] DEBUG org.apache.poi.openxml4j.opc.PackageRelationshipCollection - Parsing relationship: /_rels/.rels
15:54:32.094 [main] DEBUG org.apache.poi.ooxml.POIXMLFactory - using default POIXMLDocumentPart for http://schemas.microsoft.com/office/2017/10/relationships/person
15:54:32.098 [main] DEBUG org.apache.poi.openxml4j.opc.PackageRelationshipCollection - Parsing relationship: /xl/_rels/workbook.xml.rels
15:54:32.098 [main] DEBUG org.apache.poi.openxml4j.opc.PackageRelationshipCollection - Parsing relationship: /xl/worksheets/_rels/sheet1.xml.rels
15:54:32.098 [main] DEBUG org.apache.poi.openxml4j.opc.PackageRelationshipCollection - Parsing relationship: /_rels/.rels
15:54:32.100 [main] DEBUG org.apache.poi.ooxml.POIXMLFactory - using default POIXMLDocumentPart for http://schemas.microsoft.com/office/2017/10/relationships/person
15:54:32.104 [main] DEBUG org.apache.poi.openxml4j.opc.PackageRelationshipCollection - Parsing relationship: /xl/_rels/workbook.xml.rels
15:54:32.105 [main] DEBUG org.apache.poi.openxml4j.opc.PackageRelationshipCollection - Parsing relationship: /xl/worksheets/_rels/sheet1.xml.rels
15:54:32.105 [main] DEBUG org.apache.poi.openxml4j.opc.PackageRelationshipCollection - Parsing relationship: /_rels/.rels
15:54:32.107 [main] DEBUG org.apache.poi.ooxml.POIXMLFactory - using default POIXMLDocumentPart for http://schemas.microsoft.com/office/2017/10/relationships/person
15:54:32.112 [main] DEBUG org.apache.poi.openxml4j.opc.PackageRelationshipCollection - Parsing relationship: /xl/_rels/workbook.xml.rels
15:54:32.112 [main] DEBUG org.apache.poi.openxml4j.opc.PackageRelationshipCollection - Parsing relationship: /xl/worksheets/_rels/sheet1.xml.rels
15:54:32.113 [main] DEBUG org.apache.poi.openxml4j.opc.PackageRelationshipCollection - Parsing relationship: /_rels/.rels
15:54:32.114 [main] DEBUG org.apache.poi.ooxml.POIXMLFactory - using default POIXMLDocumentPart for http://schemas.microsoft.com/office/2017/10/relationships/person
15:54:32.119 [main] DEBUG org.apache.poi.openxml4j.opc.PackageRelationshipCollection - Parsing relationship: /xl/_rels/workbook.xml.rels
15:54:32.119 [main] DEBUG org.apache.poi.openxml4j.opc.PackageRelationshipCollection - Parsing relationship: /xl/worksheets/_rels/sheet1.xml.rels
15:54:32.119 [main] DEBUG org.apache.poi.openxml4j.opc.PackageRelationshipCollection - Parsing relationship: /_rels/.rels
15:54:32.121 [main] DEBUG org.apache.poi.ooxml.POIXMLFactory - using default POIXMLDocumentPart for http://schemas.microsoft.com/office/2017/10/relationships/person
15:54:32.128 [main] DEBUG org.apache.poi.openxml4j.opc.PackageRelationshipCollection - Parsing relationship: /xl/_rels/workbook.xml.rels
15:54:32.128 [main] DEBUG org.apache.poi.openxml4j.opc.PackageRelationshipCollection - Parsing relationship: /xl/worksheets/_rels/sheet1.xml.rels
15:54:32.128 [main] DEBUG org.apache.poi.openxml4j.opc.PackageRelationshipCollection - Parsing relationship: /_rels/.rels
15:54:32.131 [main] DEBUG org.apache.poi.ooxml.POIXMLFactory - using default POIXMLDocumentPart for http://schemas.microsoft.com/office/2017/10/relationships/person
15:54:32.135 [main] DEBUG org.apache.poi.openxml4j.opc.PackageRelationshipCollection - Parsing relationship: /xl/_rels/workbook.xml.rels
15:54:32.135 [main] DEBUG org.apache.poi.openxml4j.opc.PackageRelationshipCollection - Parsing relationship: /xl/worksheets/_rels/sheet1.xml.rels
15:54:32.135 [main] DEBUG org.apache.poi.openxml4j.opc.PackageRelationshipCollection - Parsing relationship: /_rels/.rels
15:54:32.137 [main] DEBUG org.apache.poi.ooxml.POIXMLFactory - using default POIXMLDocumentPart for http://schemas.microsoft.com/office/2017/10/relationships/person
15:54:32.141 [main] DEBUG org.apache.poi.openxml4j.opc.PackageRelationshipCollection - Parsing relationship: /xl/_rels/workbook.xml.rels
15:54:32.142 [main] DEBUG org.apache.poi.openxml4j.opc.PackageRelationshipCollection - Parsing relationship: /xl/worksheets/_rels/sheet1.xml.rels
15:54:32.142 [main] DEBUG org.apache.poi.openxml4j.opc.PackageRelationshipCollection - Parsing relationship: /_rels/.rels
15:54:32.144 [main] DEBUG org.apache.poi.ooxml.POIXMLFactory - using default POIXMLDocumentPart for http://schemas.microsoft.com/office/2017/10/relationships/person
15:54:32.148 [main] DEBUG org.apache.poi.openxml4j.opc.PackageRelationshipCollection - Parsing relationship: /xl/_rels/workbook.xml.rels
15:54:32.148 [main] DEBUG org.apache.poi.openxml4j.opc.PackageRelationshipCollection - Parsing relationship: /xl/worksheets/_rels/sheet1.xml.rels
15:54:32.149 [main] DEBUG org.apache.poi.openxml4j.opc.PackageRelationshipCollection - Parsing relationship: /_rels/.rels
15:54:32.150 [main] DEBUG org.apache.poi.ooxml.POIXMLFactory - using default POIXMLDocumentPart for http://schemas.microsoft.com/office/2017/10/relationships/person
15:54:32.154 [main] DEBUG org.apache.poi.openxml4j.opc.PackageRelationshipCollection - Parsing relationship: /xl/_rels/workbook.xml.rels
15:54:32.154 [main] DEBUG org.apache.poi.openxml4j.opc.PackageRelationshipCollection - Parsing relationship: /xl/worksheets/_rels/sheet1.xml.rels
15:54:32.154 [main] DEBUG org.apache.poi.openxml4j.opc.PackageRelationshipCollection - Parsing relationship: /_rels/.rels
15:54:32.160 [main] DEBUG org.apache.poi.ooxml.POIXMLFactory - using default POIXMLDocumentPart for http://schemas.microsoft.com/office/2017/10/relationships/person
15:54:32.163 [main] DEBUG org.apache.poi.openxml4j.opc.PackageRelationshipCollection - Parsing relationship: /xl/_rels/workbook.xml.rels
15:54:32.164 [main] DEBUG org.apache.poi.openxml4j.opc.PackageRelationshipCollection - Parsing relationship: /xl/worksheets/_rels/sheet1.xml.rels
15:54:32.164 [main] DEBUG org.apache.poi.openxml4j.opc.PackageRelationshipCollection - Parsing relationship: /_rels/.rels
15:54:32.165 [main] DEBUG org.apache.poi.ooxml.POIXMLFactory - using default POIXMLDocumentPart for http://schemas.microsoft.com/office/2017/10/relationships/person
15:54:32.170 [main] DEBUG org.apache.poi.openxml4j.opc.PackageRelationshipCollection - Parsing relationship: /xl/_rels/workbook.xml.rels
15:54:32.171 [main] DEBUG org.apache.poi.openxml4j.opc.PackageRelationshipCollection - Parsing relationship: /xl/worksheets/_rels/sheet1.xml.rels
15:54:32.171 [main] DEBUG org.apache.poi.openxml4j.opc.PackageRelationshipCollection - Parsing relationship: /_rels/.rels
15:54:32.175 [main] DEBUG org.apache.poi.ooxml.POIXMLFactory - using default POIXMLDocumentPart for http://schemas.microsoft.com/office/2017/10/relationships/person
15:54:32.181 [main] DEBUG org.apache.poi.openxml4j.opc.PackageRelationshipCollection - Parsing relationship: /xl/_rels/workbook.xml.rels
15:54:32.181 [main] DEBUG org.apache.poi.openxml4j.opc.PackageRelationshipCollection - Parsing relationship: /xl/worksheets/_rels/sheet1.xml.rels
15:54:32.181 [main] DEBUG org.apache.poi.openxml4j.opc.PackageRelationshipCollection - Parsing relationship: /_rels/.rels
15:54:32.183 [main] DEBUG org.apache.poi.ooxml.POIXMLFactory - using default POIXMLDocumentPart for http://schemas.microsoft.com/office/2017/10/relationships/person
15:54:32.187 [main] DEBUG org.apache.poi.openxml4j.opc.PackageRelationshipCollection - Parsing relationship: /xl/_rels/workbook.xml.rels
15:54:32.187 [main] DEBUG org.apache.poi.openxml4j.opc.PackageRelationshipCollection - Parsing relationship: /xl/worksheets/_rels/sheet1.xml.rels
15:54:32.187 [main] DEBUG org.apache.poi.openxml4j.opc.PackageRelationshipCollection - Parsing relationship: /_rels/.rels
15:54:32.189 [main] DEBUG org.apache.poi.ooxml.POIXMLFactory - using default POIXMLDocumentPart for http://schemas.microsoft.com/office/2017/10/relationships/person
15:54:32.195 [main] DEBUG org.apache.poi.openxml4j.opc.PackageRelationshipCollection - Parsing relationship: /xl/_rels/workbook.xml.rels
15:54:32.195 [main] DEBUG org.apache.poi.openxml4j.opc.PackageRelationshipCollection - Parsing relationship: /xl/worksheets/_rels/sheet1.xml.rels
15:54:32.195 [main] DEBUG org.apache.poi.openxml4j.opc.PackageRelationshipCollection - Parsing relationship: /_rels/.rels
15:54:32.197 [main] DEBUG org.apache.poi.ooxml.POIXMLFactory - using default POIXMLDocumentPart for http://schemas.microsoft.com/office/2017/10/relationships/person
15:54:32.200 [main] DEBUG org.apache.poi.openxml4j.opc.PackageRelationshipCollection - Parsing relationship: /xl/_rels/workbook.xml.rels
15:54:32.201 [main] DEBUG org.apache.poi.openxml4j.opc.PackageRelationshipCollection - Parsing relationship: /xl/worksheets/_rels/sheet1.xml.rels
15:54:32.201 [main] DEBUG org.apache.poi.openxml4j.opc.PackageRelationshipCollection - Parsing relationship: /_rels/.rels
15:54:32.202 [main] DEBUG org.apache.poi.ooxml.POIXMLFactory - using default POIXMLDocumentPart for http://schemas.microsoft.com/office/2017/10/relationships/person
15:54:32.206 [main] DEBUG org.apache.poi.openxml4j.opc.PackageRelationshipCollection - Parsing relationship: /xl/_rels/workbook.xml.rels
15:54:32.206 [main] DEBUG org.apache.poi.openxml4j.opc.PackageRelationshipCollection - Parsing relationship: /xl/worksheets/_rels/sheet1.xml.rels
15:54:32.206 [main] DEBUG org.apache.poi.openxml4j.opc.PackageRelationshipCollection - Parsing relationship: /_rels/.rels
15:54:32.208 [main] DEBUG org.apache.poi.ooxml.POIXMLFactory - using default POIXMLDocumentPart for http://schemas.microsoft.com/office/2017/10/relationships/person
15:54:32.213 [main] DEBUG org.apache.poi.openxml4j.opc.PackageRelationshipCollection - Parsing relationship: /xl/_rels/workbook.xml.rels
15:54:32.213 [main] DEBUG org.apache.poi.openxml4j.opc.PackageRelationshipCollection - Parsing relationship: /xl/worksheets/_rels/sheet1.xml.rels
15:54:32.213 [main] DEBUG org.apache.poi.openxml4j.opc.PackageRelationshipCollection - Parsing relationship: /_rels/.rels
15:54:32.215 [main] DEBUG org.apache.poi.ooxml.POIXMLFactory - using default POIXMLDocumentPart for http://schemas.microsoft.com/office/2017/10/relationships/person
15:54:32.219 [main] DEBUG org.apache.poi.openxml4j.opc.PackageRelationshipCollection - Parsing relationship: /xl/_rels/workbook.xml.rels
15:54:32.219 [main] DEBUG org.apache.poi.openxml4j.opc.PackageRelationshipCollection - Parsing relationship: /xl/worksheets/_rels/sheet1.xml.rels
15:54:32.219 [main] DEBUG org.apache.poi.openxml4j.opc.PackageRelationshipCollection - Parsing relationship: /_rels/.rels
15:54:32.221 [main] DEBUG org.apache.poi.ooxml.POIXMLFactory - using default POIXMLDocumentPart for http://schemas.microsoft.com/office/2017/10/relationships/person
15:54:32.225 [main] DEBUG org.apache.poi.openxml4j.opc.PackageRelationshipCollection - Parsing relationship: /xl/_rels/workbook.xml.rels
15:54:32.225 [main] DEBUG org.apache.poi.openxml4j.opc.PackageRelationshipCollection - Parsing relationship: /xl/worksheets/_rels/sheet1.xml.rels
15:54:32.225 [main] DEBUG org.apache.poi.openxml4j.opc.PackageRelationshipCollection - Parsing relationship: /_rels/.rels
15:54:32.228 [main] DEBUG org.apache.poi.ooxml.POIXMLFactory - using default POIXMLDocumentPart for http://schemas.microsoft.com/office/2017/10/relationships/person
15:54:32.232 [main] DEBUG org.apache.poi.openxml4j.opc.PackageRelationshipCollection - Parsing relationship: /xl/_rels/workbook.xml.rels
15:54:32.232 [main] DEBUG org.apache.poi.openxml4j.opc.PackageRelationshipCollection - Parsing relationship: /xl/worksheets/_rels/sheet1.xml.rels
15:54:32.232 [main] DEBUG org.apache.poi.openxml4j.opc.PackageRelationshipCollection - Parsing relationship: /_rels/.rels
15:54:32.234 [main] DEBUG org.apache.poi.ooxml.POIXMLFactory - using default POIXMLDocumentPart for http://schemas.microsoft.com/office/2017/10/relationships/person
15:54:32.237 [main] DEBUG org.apache.poi.openxml4j.opc.PackageRelationshipCollection - Parsing relationship: /xl/_rels/workbook.xml.rels
15:54:32.237 [main] DEBUG org.apache.poi.openxml4j.opc.PackageRelationshipCollection - Parsing relationship: /xl/worksheets/_rels/sheet1.xml.rels
15:54:32.237 [main] DEBUG org.apache.poi.openxml4j.opc.PackageRelationshipCollection - Parsing relationship: /_rels/.rels
15:54:32.239 [main] DEBUG org.apache.poi.ooxml.POIXMLFactory - using default POIXMLDocumentPart for http://schemas.microsoft.com/office/2017/10/relationships/person
15:54:32.243 [main] DEBUG org.apache.poi.openxml4j.opc.PackageRelationshipCollection - Parsing relationship: /xl/_rels/workbook.xml.rels
15:54:32.243 [main] DEBUG org.apache.poi.openxml4j.opc.PackageRelationshipCollection - Parsing relationship: /xl/worksheets/_rels/sheet1.xml.rels
15:54:32.243 [main] DEBUG org.apache.poi.openxml4j.opc.PackageRelationshipCollection - Parsing relationship: /_rels/.rels
15:54:32.245 [main] DEBUG org.apache.poi.ooxml.POIXMLFactory - using default POIXMLDocumentPart for http://schemas.microsoft.com/office/2017/10/relationships/person
15:54:32.249 [main] DEBUG org.apache.poi.openxml4j.opc.PackageRelationshipCollection - Parsing relationship: /xl/_rels/workbook.xml.rels
15:54:32.249 [main] DEBUG org.apache.poi.openxml4j.opc.PackageRelationshipCollection - Parsing relationship: /xl/worksheets/_rels/sheet1.xml.rels
15:54:32.249 [main] DEBUG org.apache.poi.openxml4j.opc.PackageRelationshipCollection - Parsing relationship: /_rels/.rels
15:54:32.251 [main] DEBUG org.apache.poi.ooxml.POIXMLFactory - using default POIXMLDocumentPart for http://schemas.microsoft.com/office/2017/10/relationships/person
15:54:32.255 [main] DEBUG org.apache.poi.openxml4j.opc.PackageRelationshipCollection - Parsing relationship: /xl/_rels/workbook.xml.rels
15:54:32.255 [main] DEBUG org.apache.poi.openxml4j.opc.PackageRelationshipCollection - Parsing relationship: /xl/worksheets/_rels/sheet1.xml.rels
15:54:32.255 [main] DEBUG org.apache.poi.openxml4j.opc.PackageRelationshipCollection - Parsing relationship: /_rels/.rels
15:54:32.257 [main] DEBUG org.apache.poi.ooxml.POIXMLFactory - using default POIXMLDocumentPart for http://schemas.microsoft.com/office/2017/10/relationships/person
15:54:32.261 [main] DEBUG org.apache.poi.openxml4j.opc.PackageRelationshipCollection - Parsing relationship: /xl/_rels/workbook.xml.rels
15:54:32.261 [main] DEBUG org.apache.poi.openxml4j.opc.PackageRelationshipCollection - Parsing relationship: /xl/worksheets/_rels/sheet1.xml.rels
15:54:32.262 [main] DEBUG org.apache.poi.openxml4j.opc.PackageRelationshipCollection - Parsing relationship: /_rels/.rels
15:54:32.263 [main] DEBUG org.apache.poi.ooxml.POIXMLFactory - using default POIXMLDocumentPart for http://schemas.microsoft.com/office/2017/10/relationships/person
15:54:32.267 [main] DEBUG org.apache.poi.openxml4j.opc.PackageRelationshipCollection - Parsing relationship: /xl/_rels/workbook.xml.rels
15:54:32.268 [main] DEBUG org.apache.poi.openxml4j.opc.PackageRelationshipCollection - Parsing relationship: /xl/worksheets/_rels/sheet1.xml.rels
15:54:32.268 [main] DEBUG org.apache.poi.openxml4j.opc.PackageRelationshipCollection - Parsing relationship: /_rels/.rels
15:54:32.269 [main] DEBUG org.apache.poi.ooxml.POIXMLFactory - using default POIXMLDocumentPart for http://schemas.microsoft.com/office/2017/10/relationships/person
15:54:32.273 [main] DEBUG org.apache.poi.openxml4j.opc.PackageRelationshipCollection - Parsing relationship: /xl/_rels/workbook.xml.rels
15:54:32.274 [main] DEBUG org.apache.poi.openxml4j.opc.PackageRelationshipCollection - Parsing relationship: /xl/worksheets/_rels/sheet1.xml.rels
15:54:32.274 [main] DEBUG org.apache.poi.openxml4j.opc.PackageRelationshipCollection - Parsing relationship: /_rels/.rels
15:54:32.276 [main] DEBUG org.apache.poi.ooxml.POIXMLFactory - using default POIXMLDocumentPart for http://schemas.microsoft.com/office/2017/10/relationships/person
15:54:32.280 [main] DEBUG org.apache.poi.openxml4j.opc.PackageRelationshipCollection - Parsing relationship: /xl/_rels/workbook.xml.rels
15:54:32.280 [main] DEBUG org.apache.poi.openxml4j.opc.PackageRelationshipCollection - Parsing relationship: /xl/worksheets/_rels/sheet1.xml.rels
15:54:32.280 [main] DEBUG org.apache.poi.openxml4j.opc.PackageRelationshipCollection - Parsing relationship: /_rels/.rels
15:54:32.282 [main] DEBUG org.apache.poi.ooxml.POIXMLFactory - using default POIXMLDocumentPart for http://schemas.microsoft.com/office/2017/10/relationships/person
15:54:32.286 [main] DEBUG org.apache.poi.openxml4j.opc.PackageRelationshipCollection - Parsing relationship: /xl/_rels/workbook.xml.rels
15:54:32.286 [main] DEBUG org.apache.poi.openxml4j.opc.PackageRelationshipCollection - Parsing relationship: /xl/worksheets/_rels/sheet1.xml.rels
15:54:32.286 [main] DEBUG org.apache.poi.openxml4j.opc.PackageRelationshipCollection - Parsing relationship: /_rels/.rels
15:54:32.288 [main] DEBUG org.apache.poi.ooxml.POIXMLFactory - using default POIXMLDocumentPart for http://schemas.microsoft.com/office/2017/10/relationships/person
15:54:32.294 [main] DEBUG org.apache.poi.openxml4j.opc.PackageRelationshipCollection - Parsing relationship: /xl/_rels/workbook.xml.rels
15:54:32.294 [main] DEBUG org.apache.poi.openxml4j.opc.PackageRelationshipCollection - Parsing relationship: /xl/worksheets/_rels/sheet1.xml.rels
15:54:32.294 [main] DEBUG org.apache.poi.openxml4j.opc.PackageRelationshipCollection - Parsing relationship: /_rels/.rels
15:54:32.296 [main] DEBUG org.apache.poi.ooxml.POIXMLFactory - using default POIXMLDocumentPart for http://schemas.microsoft.com/office/2017/10/relationships/person
15:54:32.300 [main] DEBUG org.apache.poi.openxml4j.opc.PackageRelationshipCollection - Parsing relationship: /xl/_rels/workbook.xml.rels
15:54:32.300 [main] DEBUG org.apache.poi.openxml4j.opc.PackageRelationshipCollection - Parsing relationship: /xl/worksheets/_rels/sheet1.xml.rels
15:54:32.300 [main] DEBUG org.apache.poi.openxml4j.opc.PackageRelationshipCollection - Parsing relationship: /_rels/.rels
15:54:32.303 [main] DEBUG org.apache.poi.ooxml.POIXMLFactory - using default POIXMLDocumentPart for http://schemas.microsoft.com/office/2017/10/relationships/person
15:54:32.307 [main] DEBUG org.apache.poi.openxml4j.opc.PackageRelationshipCollection - Parsing relationship: /xl/_rels/workbook.xml.rels
15:54:32.308 [main] DEBUG org.apache.poi.openxml4j.opc.PackageRelationshipCollection - Parsing relationship: /xl/worksheets/_rels/sheet1.xml.rels
15:54:32.308 [main] DEBUG org.apache.poi.openxml4j.opc.PackageRelationshipCollection - Parsing relationship: /_rels/.rels
15:54:32.312 [main] DEBUG org.apache.poi.ooxml.POIXMLFactory - using default POIXMLDocumentPart for http://schemas.microsoft.com/office/2017/10/relationships/person
15:54:32.316 [main] DEBUG org.apache.poi.openxml4j.opc.PackageRelationshipCollection - Parsing relationship: /xl/_rels/workbook.xml.rels
15:54:32.316 [main] DEBUG org.apache.poi.openxml4j.opc.PackageRelationshipCollection - Parsing relationship: /xl/worksheets/_rels/sheet1.xml.rels
15:54:32.316 [main] DEBUG org.apache.poi.openxml4j.opc.PackageRelationshipCollection - Parsing relationship: /_rels/.rels
15:54:32.318 [main] DEBUG org.apache.poi.ooxml.POIXMLFactory - using default POIXMLDocumentPart for http://schemas.microsoft.com/office/2017/10/relationships/person
15:54:32.322 [main] DEBUG org.apache.poi.openxml4j.opc.PackageRelationshipCollection - Parsing relationship: /xl/_rels/workbook.xml.rels
15:54:32.322 [main] DEBUG org.apache.poi.openxml4j.opc.PackageRelationshipCollection - Parsing relationship: /xl/worksheets/_rels/sheet1.xml.rels
15:54:32.322 [main] DEBUG org.apache.poi.openxml4j.opc.PackageRelationshipCollection - Parsing relationship: /_rels/.rels
15:54:32.324 [main] DEBUG org.apache.poi.ooxml.POIXMLFactory - using default POIXMLDocumentPart for http://schemas.microsoft.com/office/2017/10/relationships/person
15:54:32.329 [main] DEBUG org.apache.poi.openxml4j.opc.PackageRelationshipCollection - Parsing relationship: /xl/_rels/workbook.xml.rels
15:54:32.329 [main] DEBUG org.apache.poi.openxml4j.opc.PackageRelationshipCollection - Parsing relationship: /xl/worksheets/_rels/sheet1.xml.rels
15:54:32.330 [main] DEBUG org.apache.poi.openxml4j.opc.PackageRelationshipCollection - Parsing relationship: /_rels/.rels
15:54:32.331 [main] DEBUG org.apache.poi.ooxml.POIXMLFactory - using default POIXMLDocumentPart for http://schemas.microsoft.com/office/2017/10/relationships/person
15:54:32.335 [main] DEBUG org.apache.poi.openxml4j.opc.PackageRelationshipCollection - Parsing relationship: /xl/_rels/workbook.xml.rels
15:54:32.335 [main] DEBUG org.apache.poi.openxml4j.opc.PackageRelationshipCollection - Parsing relationship: /xl/worksheets/_rels/sheet1.xml.rels
15:54:32.335 [main] DEBUG org.apache.poi.openxml4j.opc.PackageRelationshipCollection - Parsing relationship: /_rels/.rels
15:54:32.337 [main] DEBUG org.apache.poi.ooxml.POIXMLFactory - using default POIXMLDocumentPart for http://schemas.microsoft.com/office/2017/10/relationships/person
15:54:32.340 [main] DEBUG org.apache.poi.openxml4j.opc.PackageRelationshipCollection - Parsing relationship: /xl/_rels/workbook.xml.rels
15:54:32.340 [main] DEBUG org.apache.poi.openxml4j.opc.PackageRelationshipCollection - Parsing relationship: /xl/worksheets/_rels/sheet1.xml.rels
15:54:32.340 [main] DEBUG org.apache.poi.openxml4j.opc.PackageRelationshipCollection - Parsing relationship: /_rels/.rels
15:54:32.343 [main] DEBUG org.apache.poi.ooxml.POIXMLFactory - using default POIXMLDocumentPart for http://schemas.microsoft.com/office/2017/10/relationships/person
15:54:32.347 [main] DEBUG org.apache.poi.openxml4j.opc.PackageRelationshipCollection - Parsing relationship: /xl/_rels/workbook.xml.rels
15:54:32.347 [main] DEBUG org.apache.poi.openxml4j.opc.PackageRelationshipCollection - Parsing relationship: /xl/worksheets/_rels/sheet1.xml.rels
15:54:32.347 [main] DEBUG org.apache.poi.openxml4j.opc.PackageRelationshipCollection - Parsing relationship: /_rels/.rels
15:54:32.348 [main] DEBUG org.apache.poi.ooxml.POIXMLFactory - using default POIXMLDocumentPart for http://schemas.microsoft.com/office/2017/10/relationships/person
15:54:32.352 [main] DEBUG org.apache.poi.openxml4j.opc.PackageRelationshipCollection - Parsing relationship: /xl/_rels/workbook.xml.rels
15:54:32.352 [main] DEBUG org.apache.poi.openxml4j.opc.PackageRelationshipCollection - Parsing relationship: /xl/worksheets/_rels/sheet1.xml.rels
15:54:32.352 [main] DEBUG org.apache.poi.openxml4j.opc.PackageRelationshipCollection - Parsing relationship: /_rels/.rels
15:54:32.353 [main] DEBUG org.apache.poi.ooxml.POIXMLFactory - using default POIXMLDocumentPart for http://schemas.microsoft.com/office/2017/10/relationships/person
15:54:32.357 [main] DEBUG org.apache.poi.openxml4j.opc.PackageRelationshipCollection - Parsing relationship: /xl/_rels/workbook.xml.rels
15:54:32.357 [main] DEBUG org.apache.poi.openxml4j.opc.PackageRelationshipCollection - Parsing relationship: /xl/worksheets/_rels/sheet1.xml.rels
15:54:32.357 [main] DEBUG org.apache.poi.openxml4j.opc.PackageRelationshipCollection - Parsing relationship: /_rels/.rels
15:54:32.359 [main] DEBUG org.apache.poi.ooxml.POIXMLFactory - using default POIXMLDocumentPart for http://schemas.microsoft.com/office/2017/10/relationships/person
15:54:32.365 [main] DEBUG org.apache.poi.openxml4j.opc.PackageRelationshipCollection - Parsing relationship: /xl/_rels/workbook.xml.rels
15:54:32.366 [main] DEBUG org.apache.poi.openxml4j.opc.PackageRelationshipCollection - Parsing relationship: /xl/worksheets/_rels/sheet1.xml.rels
15:54:32.366 [main] DEBUG org.apache.poi.openxml4j.opc.PackageRelationshipCollection - Parsing relationship: /_rels/.rels
15:54:32.367 [main] DEBUG org.apache.poi.ooxml.POIXMLFactory - using default POIXMLDocumentPart for http://schemas.microsoft.com/office/2017/10/relationships/person
15:54:32.371 [main] DEBUG org.apache.poi.openxml4j.opc.PackageRelationshipCollection - Parsing relationship: /xl/_rels/workbook.xml.rels
15:54:32.371 [main] DEBUG org.apache.poi.openxml4j.opc.PackageRelationshipCollection - Parsing relationship: /xl/worksheets/_rels/sheet1.xml.rels
15:54:32.371 [main] DEBUG org.apache.poi.openxml4j.opc.PackageRelationshipCollection - Parsing relationship: /_rels/.rels
15:54:32.373 [main] DEBUG org.apache.poi.ooxml.POIXMLFactory - using default POIXMLDocumentPart for http://schemas.microsoft.com/office/2017/10/relationships/person
15:54:32.377 [main] DEBUG org.apache.poi.openxml4j.opc.PackageRelationshipCollection - Parsing relationship: /xl/_rels/workbook.xml.rels
15:54:32.378 [main] DEBUG org.apache.poi.openxml4j.opc.PackageRelationshipCollection - Parsing relationship: /xl/worksheets/_rels/sheet1.xml.rels
15:54:32.378 [main] DEBUG org.apache.poi.openxml4j.opc.PackageRelationshipCollection - Parsing relationship: /_rels/.rels
15:54:32.379 [main] DEBUG org.apache.poi.ooxml.POIXMLFactory - using default POIXMLDocumentPart for http://schemas.microsoft.com/office/2017/10/relationships/person
15:54:32.383 [main] DEBUG org.apache.poi.openxml4j.opc.PackageRelationshipCollection - Parsing relationship: /xl/_rels/workbook.xml.rels
15:54:32.383 [main] DEBUG org.apache.poi.openxml4j.opc.PackageRelationshipCollection - Parsing relationship: /xl/worksheets/_rels/sheet1.xml.rels
15:54:32.383 [main] DEBUG org.apache.poi.openxml4j.opc.PackageRelationshipCollection - Parsing relationship: /_rels/.rels
15:54:32.384 [main] DEBUG org.apache.poi.ooxml.POIXMLFactory - using default POIXMLDocumentPart for http://schemas.microsoft.com/office/2017/10/relationships/person
15:54:32.388 [main] DEBUG org.apache.poi.openxml4j.opc.PackageRelationshipCollection - Parsing relationship: /xl/_rels/workbook.xml.rels
15:54:32.388 [main] DEBUG org.apache.poi.openxml4j.opc.PackageRelationshipCollection - Parsing relationship: /xl/worksheets/_rels/sheet1.xml.rels
15:54:32.388 [main] DEBUG org.apache.poi.openxml4j.opc.PackageRelationshipCollection - Parsing relationship: /_rels/.rels
15:54:32.389 [main] DEBUG org.apache.poi.ooxml.POIXMLFactory - using default POIXMLDocumentPart for http://schemas.microsoft.com/office/2017/10/relationships/person
15:54:32.394 [main] DEBUG org.apache.poi.openxml4j.opc.PackageRelationshipCollection - Parsing relationship: /xl/_rels/workbook.xml.rels
15:54:32.394 [main] DEBUG org.apache.poi.openxml4j.opc.PackageRelationshipCollection - Parsing relationship: /xl/worksheets/_rels/sheet1.xml.rels
15:54:32.394 [main] DEBUG org.apache.poi.openxml4j.opc.PackageRelationshipCollection - Parsing relationship: /_rels/.rels
15:54:32.396 [main] DEBUG org.apache.poi.ooxml.POIXMLFactory - using default POIXMLDocumentPart for http://schemas.microsoft.com/office/2017/10/relationships/person
15:54:32.400 [main] DEBUG org.apache.poi.openxml4j.opc.PackageRelationshipCollection - Parsing relationship: /xl/_rels/workbook.xml.rels
15:54:32.400 [main] DEBUG org.apache.poi.openxml4j.opc.PackageRelationshipCollection - Parsing relationship: /xl/worksheets/_rels/sheet1.xml.rels
15:54:32.400 [main] DEBUG org.apache.poi.openxml4j.opc.PackageRelationshipCollection - Parsing relationship: /_rels/.rels
15:54:32.402 [main] DEBUG org.apache.poi.ooxml.POIXMLFactory - using default POIXMLDocumentPart for http://schemas.microsoft.com/office/2017/10/relationships/person
15:54:32.407 [main] DEBUG org.apache.poi.openxml4j.opc.PackageRelationshipCollection - Parsing relationship: /xl/_rels/workbook.xml.rels
15:54:32.407 [main] DEBUG org.apache.poi.openxml4j.opc.PackageRelationshipCollection - Parsing relationship: /xl/worksheets/_rels/sheet1.xml.rels
15:54:32.407 [main] DEBUG org.apache.poi.openxml4j.opc.PackageRelationshipCollection - Parsing relationship: /_rels/.rels
15:54:32.411 [main] DEBUG org.apache.poi.ooxml.POIXMLFactory - using default POIXMLDocumentPart for http://schemas.microsoft.com/office/2017/10/relationships/person
15:54:32.415 [main] DEBUG org.apache.poi.openxml4j.opc.PackageRelationshipCollection - Parsing relationship: /xl/_rels/workbook.xml.rels
15:54:32.416 [main] DEBUG org.apache.poi.openxml4j.opc.PackageRelationshipCollection - Parsing relationship: /xl/worksheets/_rels/sheet1.xml.rels
15:54:32.416 [main] DEBUG org.apache.poi.openxml4j.opc.PackageRelationshipCollection - Parsing relationship: /_rels/.rels
15:54:32.418 [main] DEBUG org.apache.poi.ooxml.POIXMLFactory - using default POIXMLDocumentPart for http://schemas.microsoft.com/office/2017/10/relationships/person
15:54:32.423 [main] DEBUG org.apache.poi.openxml4j.opc.PackageRelationshipCollection - Parsing relationship: /xl/_rels/workbook.xml.rels
15:54:32.423 [main] DEBUG org.apache.poi.openxml4j.opc.PackageRelationshipCollection - Parsing relationship: /xl/worksheets/_rels/sheet1.xml.rels
15:54:32.423 [main] DEBUG org.apache.poi.openxml4j.opc.PackageRelationshipCollection - Parsing relationship: /_rels/.rels
15:54:32.427 [main] DEBUG org.apache.poi.ooxml.POIXMLFactory - using default POIXMLDocumentPart for http://schemas.microsoft.com/office/2017/10/relationships/person
15:54:32.431 [main] DEBUG org.apache.poi.openxml4j.opc.PackageRelationshipCollection - Parsing relationship: /xl/_rels/workbook.xml.rels
15:54:32.431 [main] DEBUG org.apache.poi.openxml4j.opc.PackageRelationshipCollection - Parsing relationship: /xl/worksheets/_rels/sheet1.xml.rels
15:54:32.432 [main] DEBUG org.apache.poi.openxml4j.opc.PackageRelationshipCollection - Parsing relationship: /_rels/.rels
15:54:32.433 [main] DEBUG org.apache.poi.ooxml.POIXMLFactory - using default POIXMLDocumentPart for http://schemas.microsoft.com/office/2017/10/relationships/person
15:54:32.437 [main] DEBUG org.apache.poi.openxml4j.opc.PackageRelationshipCollection - Parsing relationship: /xl/_rels/workbook.xml.rels
15:54:32.437 [main] DEBUG org.apache.poi.openxml4j.opc.PackageRelationshipCollection - Parsing relationship: /xl/worksheets/_rels/sheet1.xml.rels
15:54:32.438 [main] DEBUG org.apache.poi.openxml4j.opc.PackageRelationshipCollection - Parsing relationship: /_rels/.rels
15:54:32.439 [main] DEBUG org.apache.poi.ooxml.POIXMLFactory - using default POIXMLDocumentPart for http://schemas.microsoft.com/office/2017/10/relationships/person
15:54:32.444 [main] DEBUG org.apache.poi.openxml4j.opc.PackageRelationshipCollection - Parsing relationship: /xl/_rels/workbook.xml.rels
15:54:32.445 [main] DEBUG org.apache.poi.openxml4j.opc.PackageRelationshipCollection - Parsing relationship: /xl/worksheets/_rels/sheet1.xml.rels
15:54:32.445 [main] DEBUG org.apache.poi.openxml4j.opc.PackageRelationshipCollection - Parsing relationship: /_rels/.rels
15:54:32.446 [main] DEBUG org.apache.poi.ooxml.POIXMLFactory - using default POIXMLDocumentPart for http://schemas.microsoft.com/office/2017/10/relationships/person
15:54:32.450 [main] DEBUG org.apache.poi.openxml4j.opc.PackageRelationshipCollection - Parsing relationship: /xl/_rels/workbook.xml.rels
15:54:32.451 [main] DEBUG org.apache.poi.openxml4j.opc.PackageRelationshipCollection - Parsing relationship: /xl/worksheets/_rels/sheet1.xml.rels
15:54:32.451 [main] DEBUG org.apache.poi.openxml4j.opc.PackageRelationshipCollection - Parsing relationship: /_rels/.rels
15:54:32.452 [main] DEBUG org.apache.poi.ooxml.POIXMLFactory - using default POIXMLDocumentPart for http://schemas.microsoft.com/office/2017/10/relationships/person
15:54:32.456 [main] DEBUG org.apache.poi.openxml4j.opc.PackageRelationshipCollection - Parsing relationship: /xl/_rels/workbook.xml.rels
15:54:32.456 [main] DEBUG org.apache.poi.openxml4j.opc.PackageRelationshipCollection - Parsing relationship: /xl/worksheets/_rels/sheet1.xml.rels
15:54:32.456 [main] DEBUG org.apache.poi.openxml4j.opc.PackageRelationshipCollection - Parsing relationship: /_rels/.rels
15:54:32.459 [main] DEBUG org.apache.poi.ooxml.POIXMLFactory - using default POIXMLDocumentPart for http://schemas.microsoft.com/office/2017/10/relationships/person
15:54:32.463 [main] DEBUG org.apache.poi.openxml4j.opc.PackageRelationshipCollection - Parsing relationship: /xl/_rels/workbook.xml.rels
15:54:32.463 [main] DEBUG org.apache.poi.openxml4j.opc.PackageRelationshipCollection - Parsing relationship: /xl/worksheets/_rels/sheet1.xml.rels
15:54:32.463 [main] DEBUG org.apache.poi.openxml4j.opc.PackageRelationshipCollection - Parsing relationship: /_rels/.rels
15:54:32.465 [main] DEBUG org.apache.poi.ooxml.POIXMLFactory - using default POIXMLDocumentPart for http://schemas.microsoft.com/office/2017/10/relationships/person
15:54:32.468 [main] DEBUG org.apache.poi.openxml4j.opc.PackageRelationshipCollection - Parsing relationship: /xl/_rels/workbook.xml.rels
15:54:32.468 [main] DEBUG org.apache.poi.openxml4j.opc.PackageRelationshipCollection - Parsing relationship: /xl/worksheets/_rels/sheet1.xml.rels
15:54:32.468 [main] DEBUG org.apache.poi.openxml4j.opc.PackageRelationshipCollection - Parsing relationship: /_rels/.rels
15:54:32.470 [main] DEBUG org.apache.poi.ooxml.POIXMLFactory - using default POIXMLDocumentPart for http://schemas.microsoft.com/office/2017/10/relationships/person
15:54:32.473 [main] DEBUG org.apache.poi.openxml4j.opc.PackageRelationshipCollection - Parsing relationship: /xl/_rels/workbook.xml.rels
15:54:32.473 [main] DEBUG org.apache.poi.openxml4j.opc.PackageRelationshipCollection - Parsing relationship: /xl/worksheets/_rels/sheet1.xml.rels
15:54:32.473 [main] DEBUG org.apache.poi.openxml4j.opc.PackageRelationshipCollection - Parsing relationship: /_rels/.rels
15:54:32.476 [main] DEBUG org.apache.poi.ooxml.POIXMLFactory - using default POIXMLDocumentPart for http://schemas.microsoft.com/office/2017/10/relationships/person
15:54:32.479 [main] DEBUG org.apache.poi.openxml4j.opc.PackageRelationshipCollection - Parsing relationship: /xl/_rels/workbook.xml.rels
15:54:32.479 [main] DEBUG org.apache.poi.openxml4j.opc.PackageRelationshipCollection - Parsing relationship: /xl/worksheets/_rels/sheet1.xml.rels
15:54:32.479 [main] DEBUG org.apache.poi.openxml4j.opc.PackageRelationshipCollection - Parsing relationship: /_rels/.rels
15:54:32.481 [main] DEBUG org.apache.poi.ooxml.POIXMLFactory - using default POIXMLDocumentPart for http://schemas.microsoft.com/office/2017/10/relationships/person
15:54:32.484 [main] DEBUG org.apache.poi.openxml4j.opc.PackageRelationshipCollection - Parsing relationship: /xl/_rels/workbook.xml.rels
15:54:32.484 [main] DEBUG org.apache.poi.openxml4j.opc.PackageRelationshipCollection - Parsing relationship: /xl/worksheets/_rels/sheet1.xml.rels
15:54:32.484 [main] DEBUG org.apache.poi.openxml4j.opc.PackageRelationshipCollection - Parsing relationship: /_rels/.rels
15:54:32.486 [main] DEBUG org.apache.poi.ooxml.POIXMLFactory - using default POIXMLDocumentPart for http://schemas.microsoft.com/office/2017/10/relationships/person
15:54:32.489 [main] DEBUG org.apache.poi.openxml4j.opc.PackageRelationshipCollection - Parsing relationship: /xl/_rels/workbook.xml.rels
15:54:32.489 [main] DEBUG org.apache.poi.openxml4j.opc.PackageRelationshipCollection - Parsing relationship: /xl/worksheets/_rels/sheet1.xml.rels
15:54:32.489 [main] DEBUG org.apache.poi.openxml4j.opc.PackageRelationshipCollection - Parsing relationship: /_rels/.rels
15:54:32.491 [main] DEBUG org.apache.poi.ooxml.POIXMLFactory - using default POIXMLDocumentPart for http://schemas.microsoft.com/office/2017/10/relationships/person
15:54:32.496 [main] DEBUG org.apache.poi.openxml4j.opc.PackageRelationshipCollection - Parsing relationship: /xl/_rels/workbook.xml.rels
15:54:32.496 [main] DEBUG org.apache.poi.openxml4j.opc.PackageRelationshipCollection - Parsing relationship: /xl/worksheets/_rels/sheet1.xml.rels
15:54:32.496 [main] DEBUG org.apache.poi.openxml4j.opc.PackageRelationshipCollection - Parsing relationship: /_rels/.rels
15:54:32.497 [main] DEBUG org.apache.poi.ooxml.POIXMLFactory - using default POIXMLDocumentPart for http://schemas.microsoft.com/office/2017/10/relationships/person
15:54:32.501 [main] DEBUG org.apache.poi.openxml4j.opc.PackageRelationshipCollection - Parsing relationship: /xl/_rels/workbook.xml.rels
15:54:32.501 [main] DEBUG org.apache.poi.openxml4j.opc.PackageRelationshipCollection - Parsing relationship: /xl/worksheets/_rels/sheet1.xml.rels
15:54:32.501 [main] DEBUG org.apache.poi.openxml4j.opc.PackageRelationshipCollection - Parsing relationship: /_rels/.rels
15:54:32.503 [main] DEBUG org.apache.poi.ooxml.POIXMLFactory - using default POIXMLDocumentPart for http://schemas.microsoft.com/office/2017/10/relationships/person
15:54:32.507 [main] DEBUG org.apache.poi.openxml4j.opc.PackageRelationshipCollection - Parsing relationship: /xl/_rels/workbook.xml.rels
15:54:32.508 [main] DEBUG org.apache.poi.openxml4j.opc.PackageRelationshipCollection - Parsing relationship: /xl/worksheets/_rels/sheet1.xml.rels
15:54:32.508 [main] DEBUG org.apache.poi.openxml4j.opc.PackageRelationshipCollection - Parsing relationship: /_rels/.rels
15:54:32.510 [main] DEBUG org.apache.poi.ooxml.POIXMLFactory - using default POIXMLDocumentPart for http://schemas.microsoft.com/office/2017/10/relationships/person
15:54:32.514 [main] DEBUG org.apache.poi.openxml4j.opc.PackageRelationshipCollection - Parsing relationship: /xl/_rels/workbook.xml.rels
15:54:32.514 [main] DEBUG org.apache.poi.openxml4j.opc.PackageRelationshipCollection - Parsing relationship: /xl/worksheets/_rels/sheet1.xml.rels
15:54:32.514 [main] DEBUG org.apache.poi.openxml4j.opc.PackageRelationshipCollection - Parsing relationship: /_rels/.rels
15:54:32.516 [main] DEBUG org.apache.poi.ooxml.POIXMLFactory - using default POIXMLDocumentPart for http://schemas.microsoft.com/office/2017/10/relationships/person
15:54:32.519 [main] DEBUG org.apache.poi.openxml4j.opc.PackageRelationshipCollection - Parsing relationship: /xl/_rels/workbook.xml.rels
15:54:32.519 [main] DEBUG org.apache.poi.openxml4j.opc.PackageRelationshipCollection - Parsing relationship: /xl/worksheets/_rels/sheet1.xml.rels
15:54:32.520 [main] DEBUG org.apache.poi.openxml4j.opc.PackageRelationshipCollection - Parsing relationship: /_rels/.rels
15:54:32.521 [main] DEBUG org.apache.poi.ooxml.POIXMLFactory - using default POIXMLDocumentPart for http://schemas.microsoft.com/office/2017/10/relationships/person
15:54:32.526 [main] DEBUG org.apache.poi.openxml4j.opc.PackageRelationshipCollection - Parsing relationship: /xl/_rels/workbook.xml.rels
15:54:32.526 [main] DEBUG org.apache.poi.openxml4j.opc.PackageRelationshipCollection - Parsing relationship: /xl/worksheets/_rels/sheet1.xml.rels
15:54:32.526 [main] DEBUG org.apache.poi.openxml4j.opc.PackageRelationshipCollection - Parsing relationship: /_rels/.rels
15:54:32.528 [main] DEBUG org.apache.poi.ooxml.POIXMLFactory - using default POIXMLDocumentPart for http://schemas.microsoft.com/office/2017/10/relationships/person
15:54:32.531 [main] DEBUG org.apache.poi.openxml4j.opc.PackageRelationshipCollection - Parsing relationship: /xl/_rels/workbook.xml.rels
15:54:32.532 [main] DEBUG org.apache.poi.openxml4j.opc.PackageRelationshipCollection - Parsing relationship: /xl/worksheets/_rels/sheet1.xml.rels
15:54:32.532 [main] DEBUG org.apache.poi.openxml4j.opc.PackageRelationshipCollection - Parsing relationship: /_rels/.rels
15:54:32.533 [main] DEBUG org.apache.poi.ooxml.POIXMLFactory - using default POIXMLDocumentPart for http://schemas.microsoft.com/office/2017/10/relationships/person
15:54:32.537 [main] DEBUG org.apache.poi.openxml4j.opc.PackageRelationshipCollection - Parsing relationship: /xl/_rels/workbook.xml.rels
15:54:32.537 [main] DEBUG org.apache.poi.openxml4j.opc.PackageRelationshipCollection - Parsing relationship: /xl/worksheets/_rels/sheet1.xml.rels
15:54:32.538 [main] DEBUG org.apache.poi.openxml4j.opc.PackageRelationshipCollection - Parsing relationship: /_rels/.rels
15:54:32.539 [main] DEBUG org.apache.poi.ooxml.POIXMLFactory - using default POIXMLDocumentPart for http://schemas.microsoft.com/office/2017/10/relationships/person
15:54:32.544 [main] DEBUG org.apache.poi.openxml4j.opc.PackageRelationshipCollection - Parsing relationship: /xl/_rels/workbook.xml.rels
15:54:32.544 [main] DEBUG org.apache.poi.openxml4j.opc.PackageRelationshipCollection - Parsing relationship: /xl/worksheets/_rels/sheet1.xml.rels
15:54:32.545 [main] DEBUG org.apache.poi.openxml4j.opc.PackageRelationshipCollection - Parsing relationship: /_rels/.rels
15:54:32.547 [main] DEBUG org.apache.poi.ooxml.POIXMLFactory - using default POIXMLDocumentPart for http://schemas.microsoft.com/office/2017/10/relationships/person
15:54:32.550 [main] DEBUG org.apache.poi.openxml4j.opc.PackageRelationshipCollection - Parsing relationship: /xl/_rels/workbook.xml.rels
15:54:32.550 [main] DEBUG org.apache.poi.openxml4j.opc.PackageRelationshipCollection - Parsing relationship: /xl/worksheets/_rels/sheet1.xml.rels
15:54:32.551 [main] DEBUG org.apache.poi.openxml4j.opc.PackageRelationshipCollection - Parsing relationship: /_rels/.rels
15:54:32.552 [main] DEBUG org.apache.poi.ooxml.POIXMLFactory - using default POIXMLDocumentPart for http://schemas.microsoft.com/office/2017/10/relationships/person
15:54:32.557 [main] DEBUG org.apache.poi.openxml4j.opc.PackageRelationshipCollection - Parsing relationship: /xl/_rels/workbook.xml.rels
15:54:32.557 [main] DEBUG org.apache.poi.openxml4j.opc.PackageRelationshipCollection - Parsing relationship: /xl/worksheets/_rels/sheet1.xml.rels
15:54:32.557 [main] DEBUG org.apache.poi.openxml4j.opc.PackageRelationshipCollection - Parsing relationship: /_rels/.rels
15:54:32.560 [main] DEBUG org.apache.poi.ooxml.POIXMLFactory - using default POIXMLDocumentPart for http://schemas.microsoft.com/office/2017/10/relationships/person
15:54:32.566 [main] DEBUG org.apache.poi.openxml4j.opc.PackageRelationshipCollection - Parsing relationship: /xl/_rels/workbook.xml.rels
15:54:32.567 [main] DEBUG org.apache.poi.openxml4j.opc.PackageRelationshipCollection - Parsing relationship: /xl/worksheets/_rels/sheet1.xml.rels
15:54:32.567 [main] DEBUG org.apache.poi.openxml4j.opc.PackageRelationshipCollection - Parsing relationship: /_rels/.rels
15:54:32.568 [main] DEBUG org.apache.poi.ooxml.POIXMLFactory - using default POIXMLDocumentPart for http://schemas.microsoft.com/office/2017/10/relationships/person
15:54:32.572 [main] DEBUG org.apache.poi.openxml4j.opc.PackageRelationshipCollection - Parsing relationship: /xl/_rels/workbook.xml.rels
15:54:32.573 [main] DEBUG org.apache.poi.openxml4j.opc.PackageRelationshipCollection - Parsing relationship: /xl/worksheets/_rels/sheet1.xml.rels
15:54:32.573 [main] DEBUG org.apache.poi.openxml4j.opc.PackageRelationshipCollection - Parsing relationship: /_rels/.rels
15:54:32.574 [main] DEBUG org.apache.poi.ooxml.POIXMLFactory - using default POIXMLDocumentPart for http://schemas.microsoft.com/office/2017/10/relationships/person
15:54:32.579 [main] DEBUG org.apache.poi.openxml4j.opc.PackageRelationshipCollection - Parsing relationship: /xl/_rels/workbook.xml.rels
15:54:32.579 [main] DEBUG org.apache.poi.openxml4j.opc.PackageRelationshipCollection - Parsing relationship: /xl/worksheets/_rels/sheet1.xml.rels
15:54:32.579 [main] DEBUG org.apache.poi.openxml4j.opc.PackageRelationshipCollection - Parsing relationship: /_rels/.rels
15:54:32.580 [main] DEBUG org.apache.poi.ooxml.POIXMLFactory - using default POIXMLDocumentPart for http://schemas.microsoft.com/office/2017/10/relationships/person
15:54:32.584 [main] DEBUG org.apache.poi.openxml4j.opc.PackageRelationshipCollection - Parsing relationship: /xl/_rels/workbook.xml.rels
15:54:32.584 [main] DEBUG org.apache.poi.openxml4j.opc.PackageRelationshipCollection - Parsing relationship: /xl/worksheets/_rels/sheet1.xml.rels
15:54:32.584 [main] DEBUG org.apache.poi.openxml4j.opc.PackageRelationshipCollection - Parsing relationship: /_rels/.rels
15:54:32.586 [main] DEBUG org.apache.poi.ooxml.POIXMLFactory - using default POIXMLDocumentPart for http://schemas.microsoft.com/office/2017/10/relationships/person
15:54:32.589 [main] DEBUG org.apache.poi.openxml4j.opc.PackageRelationshipCollection - Parsing relationship: /xl/_rels/workbook.xml.rels
15:54:32.589 [main] DEBUG org.apache.poi.openxml4j.opc.PackageRelationshipCollection - Parsing relationship: /xl/worksheets/_rels/sheet1.xml.rels
15:54:32.589 [main] DEBUG org.apache.poi.openxml4j.opc.PackageRelationshipCollection - Parsing relationship: /_rels/.rels
15:54:32.591 [main] DEBUG org.apache.poi.ooxml.POIXMLFactory - using default POIXMLDocumentPart for http://schemas.microsoft.com/office/2017/10/relationships/person
15:54:32.596 [main] DEBUG org.apache.poi.openxml4j.opc.PackageRelationshipCollection - Parsing relationship: /xl/_rels/workbook.xml.rels
15:54:32.596 [main] DEBUG org.apache.poi.openxml4j.opc.PackageRelationshipCollection - Parsing relationship: /xl/worksheets/_rels/sheet1.xml.rels
15:54:32.596 [main] DEBUG org.apache.poi.openxml4j.opc.PackageRelationshipCollection - Parsing relationship: /_rels/.rels
15:54:32.597 [main] DEBUG org.apache.poi.ooxml.POIXMLFactory - using default POIXMLDocumentPart for http://schemas.microsoft.com/office/2017/10/relationships/person
15:54:32.601 [main] DEBUG org.apache.poi.openxml4j.opc.PackageRelationshipCollection - Parsing relationship: /xl/_rels/workbook.xml.rels
15:54:32.601 [main] DEBUG org.apache.poi.openxml4j.opc.PackageRelationshipCollection - Parsing relationship: /xl/worksheets/_rels/sheet1.xml.rels
15:54:32.601 [main] DEBUG org.apache.poi.openxml4j.opc.PackageRelationshipCollection - Parsing relationship: /_rels/.rels
15:54:32.603 [main] DEBUG org.apache.poi.ooxml.POIXMLFactory - using default POIXMLDocumentPart for http://schemas.microsoft.com/office/2017/10/relationships/person
15:54:32.606 [main] DEBUG org.apache.poi.openxml4j.opc.PackageRelationshipCollection - Parsing relationship: /xl/_rels/workbook.xml.rels
15:54:32.606 [main] DEBUG org.apache.poi.openxml4j.opc.PackageRelationshipCollection - Parsing relationship: /xl/worksheets/_rels/sheet1.xml.rels
15:54:32.606 [main] DEBUG org.apache.poi.openxml4j.opc.PackageRelationshipCollection - Parsing relationship: /_rels/.rels
15:54:32.608 [main] DEBUG org.apache.poi.ooxml.POIXMLFactory - using default POIXMLDocumentPart for http://schemas.microsoft.com/office/2017/10/relationships/person
15:54:32.613 [main] DEBUG org.apache.poi.openxml4j.opc.PackageRelationshipCollection - Parsing relationship: /xl/_rels/workbook.xml.rels
15:54:32.613 [main] DEBUG org.apache.poi.openxml4j.opc.PackageRelationshipCollection - Parsing relationship: /xl/worksheets/_rels/sheet1.xml.rels
15:54:32.613 [main] DEBUG org.apache.poi.openxml4j.opc.PackageRelationshipCollection - Parsing relationship: /_rels/.rels
15:54:32.614 [main] DEBUG org.apache.poi.ooxml.POIXMLFactory - using default POIXMLDocumentPart for http://schemas.microsoft.com/office/2017/10/relationships/person
15:54:32.618 [main] DEBUG org.apache.poi.openxml4j.opc.PackageRelationshipCollection - Parsing relationship: /xl/_rels/workbook.xml.rels
15:54:32.619 [main] DEBUG org.apache.poi.openxml4j.opc.PackageRelationshipCollection - Parsing relationship: /xl/worksheets/_rels/sheet1.xml.rels
15:54:32.619 [main] DEBUG org.apache.poi.openxml4j.opc.PackageRelationshipCollection - Parsing relationship: /_rels/.rels
15:54:32.620 [main] DEBUG org.apache.poi.ooxml.POIXMLFactory - using default POIXMLDocumentPart for http://schemas.microsoft.com/office/2017/10/relationships/person
15:54:32.624 [main] DEBUG org.apache.poi.openxml4j.opc.PackageRelationshipCollection - Parsing relationship: /xl/_rels/workbook.xml.rels
15:54:32.625 [main] DEBUG org.apache.poi.openxml4j.opc.PackageRelationshipCollection - Parsing relationship: /xl/worksheets/_rels/sheet1.xml.rels
15:54:32.625 [main] DEBUG org.apache.poi.openxml4j.opc.PackageRelationshipCollection - Parsing relationship: /_rels/.rels
15:54:32.627 [main] DEBUG org.apache.poi.ooxml.POIXMLFactory - using default POIXMLDocumentPart for http://schemas.microsoft.com/office/2017/10/relationships/person
15:54:32.632 [main] DEBUG org.apache.poi.openxml4j.opc.PackageRelationshipCollection - Parsing relationship: /xl/_rels/workbook.xml.rels
15:54:32.632 [main] DEBUG org.apache.poi.openxml4j.opc.PackageRelationshipCollection - Parsing relationship: /xl/worksheets/_rels/sheet1.xml.rels
15:54:32.632 [main] DEBUG org.apache.poi.openxml4j.opc.PackageRelationshipCollection - Parsing relationship: /_rels/.rels
15:54:32.634 [main] DEBUG org.apache.poi.ooxml.POIXMLFactory - using default POIXMLDocumentPart for http://schemas.microsoft.com/office/2017/10/relationships/person
15:54:32.638 [main] DEBUG org.apache.poi.openxml4j.opc.PackageRelationshipCollection - Parsing relationship: /xl/_rels/workbook.xml.rels
15:54:32.638 [main] DEBUG org.apache.poi.openxml4j.opc.PackageRelationshipCollection - Parsing relationship: /xl/worksheets/_rels/sheet1.xml.rels
15:54:32.638 [main] DEBUG org.apache.poi.openxml4j.opc.PackageRelationshipCollection - Parsing relationship: /_rels/.rels
15:54:32.640 [main] DEBUG org.apache.poi.ooxml.POIXMLFactory - using default POIXMLDocumentPart for http://schemas.microsoft.com/office/2017/10/relationships/person
15:54:32.644 [main] DEBUG org.apache.poi.openxml4j.opc.PackageRelationshipCollection - Parsing relationship: /xl/_rels/workbook.xml.rels
15:54:32.644 [main] DEBUG org.apache.poi.openxml4j.opc.PackageRelationshipCollection - Parsing relationship: /xl/worksheets/_rels/sheet1.xml.rels
15:54:32.645 [main] DEBUG org.apache.poi.openxml4j.opc.PackageRelationshipCollection - Parsing relationship: /_rels/.rels
15:54:32.646 [main] DEBUG org.apache.poi.ooxml.POIXMLFactory - using default POIXMLDocumentPart for http://schemas.microsoft.com/office/2017/10/relationships/person
15:54:32.651 [main] DEBUG org.apache.poi.openxml4j.opc.PackageRelationshipCollection - Parsing relationship: /xl/_rels/workbook.xml.rels
15:54:32.651 [main] DEBUG org.apache.poi.openxml4j.opc.PackageRelationshipCollection - Parsing relationship: /xl/worksheets/_rels/sheet1.xml.rels
15:54:32.651 [main] DEBUG org.apache.poi.openxml4j.opc.PackageRelationshipCollection - Parsing relationship: /_rels/.rels
15:54:32.653 [main] DEBUG org.apache.poi.ooxml.POIXMLFactory - using default POIXMLDocumentPart for http://schemas.microsoft.com/office/2017/10/relationships/person
15:54:32.657 [main] DEBUG org.apache.poi.openxml4j.opc.PackageRelationshipCollection - Parsing relationship: /xl/_rels/workbook.xml.rels
15:54:32.657 [main] DEBUG org.apache.poi.openxml4j.opc.PackageRelationshipCollection - Parsing relationship: /xl/worksheets/_rels/sheet1.xml.rels
15:54:32.657 [main] DEBUG org.apache.poi.openxml4j.opc.PackageRelationshipCollection - Parsing relationship: /_rels/.rels
15:54:32.660 [main] DEBUG org.apache.poi.ooxml.POIXMLFactory - using default POIXMLDocumentPart for http://schemas.microsoft.com/office/2017/10/relationships/person
15:54:32.663 [main] DEBUG org.apache.poi.openxml4j.opc.PackageRelationshipCollection - Parsing relationship: /xl/_rels/workbook.xml.rels
15:54:32.664 [main] DEBUG org.apache.poi.openxml4j.opc.PackageRelationshipCollection - Parsing relationship: /xl/worksheets/_rels/sheet1.xml.rels
15:54:32.664 [main] DEBUG org.apache.poi.openxml4j.opc.PackageRelationshipCollection - Parsing relationship: /_rels/.rels
15:54:32.665 [main] DEBUG org.apache.poi.ooxml.POIXMLFactory - using default POIXMLDocumentPart for http://schemas.microsoft.com/office/2017/10/relationships/person
15:54:32.669 [main] DEBUG org.apache.poi.openxml4j.opc.PackageRelationshipCollection - Parsing relationship: /xl/_rels/workbook.xml.rels
15:54:32.669 [main] DEBUG org.apache.poi.openxml4j.opc.PackageRelationshipCollection - Parsing relationship: /xl/worksheets/_rels/sheet1.xml.rels
15:54:32.669 [main] DEBUG org.apache.poi.openxml4j.opc.PackageRelationshipCollection - Parsing relationship: /_rels/.rels
15:54:32.671 [main] DEBUG org.apache.poi.ooxml.POIXMLFactory - using default POIXMLDocumentPart for http://schemas.microsoft.com/office/2017/10/relationships/person
15:54:32.676 [main] DEBUG org.apache.poi.openxml4j.opc.PackageRelationshipCollection - Parsing relationship: /xl/_rels/workbook.xml.rels
15:54:32.677 [main] DEBUG org.apache.poi.openxml4j.opc.PackageRelationshipCollection - Parsing relationship: /xl/worksheets/_rels/sheet1.xml.rels
15:54:32.677 [main] DEBUG org.apache.poi.openxml4j.opc.PackageRelationshipCollection - Parsing relationship: /_rels/.rels
15:54:32.679 [main] DEBUG org.apache.poi.ooxml.POIXMLFactory - using default POIXMLDocumentPart for http://schemas.microsoft.com/office/2017/10/relationships/person
15:54:32.682 [main] DEBUG org.apache.poi.openxml4j.opc.PackageRelationshipCollection - Parsing relationship: /xl/_rels/workbook.xml.rels
15:54:32.682 [main] DEBUG org.apache.poi.openxml4j.opc.PackageRelationshipCollection - Parsing relationship: /xl/worksheets/_rels/sheet1.xml.rels
15:54:32.683 [main] DEBUG org.apache.poi.openxml4j.opc.PackageRelationshipCollection - Parsing relationship: /_rels/.rels
15:54:32.684 [main] DEBUG org.apache.poi.ooxml.POIXMLFactory - using default POIXMLDocumentPart for http://schemas.microsoft.com/office/2017/10/relationships/person
15:54:32.688 [main] DEBUG org.apache.poi.openxml4j.opc.PackageRelationshipCollection - Parsing relationship: /xl/_rels/workbook.xml.rels
15:54:32.688 [main] DEBUG org.apache.poi.openxml4j.opc.PackageRelationshipCollection - Parsing relationship: /xl/worksheets/_rels/sheet1.xml.rels
15:54:32.688 [main] DEBUG org.apache.poi.openxml4j.opc.PackageRelationshipCollection - Parsing relationship: /_rels/.rels
15:54:32.690 [main] DEBUG org.apache.poi.ooxml.POIXMLFactory - using default POIXMLDocumentPart for http://schemas.microsoft.com/office/2017/10/relationships/person
15:54:32.695 [main] DEBUG org.apache.poi.openxml4j.opc.PackageRelationshipCollection - Parsing relationship: /xl/_rels/workbook.xml.rels
15:54:32.695 [main] DEBUG org.apache.poi.openxml4j.opc.PackageRelationshipCollection - Parsing relationship: /xl/worksheets/_rels/sheet1.xml.rels
15:54:32.695 [main] DEBUG org.apache.poi.openxml4j.opc.PackageRelationshipCollection - Parsing relationship: /_rels/.rels
15:54:32.697 [main] DEBUG org.apache.poi.ooxml.POIXMLFactory - using default POIXMLDocumentPart for http://schemas.microsoft.com/office/2017/10/relationships/person
15:54:32.701 [main] DEBUG org.apache.poi.openxml4j.opc.PackageRelationshipCollection - Parsing relationship: /xl/_rels/workbook.xml.rels
15:54:32.701 [main] DEBUG org.apache.poi.openxml4j.opc.PackageRelationshipCollection - Parsing relationship: /xl/worksheets/_rels/sheet1.xml.rels
15:54:32.701 [main] DEBUG org.apache.poi.openxml4j.opc.PackageRelationshipCollection - Parsing relationship: /_rels/.rels
15:54:32.703 [main] DEBUG org.apache.poi.ooxml.POIXMLFactory - using default POIXMLDocumentPart for http://schemas.microsoft.com/office/2017/10/relationships/person
15:54:32.707 [main] DEBUG org.apache.poi.openxml4j.opc.PackageRelationshipCollection - Parsing relationship: /xl/_rels/workbook.xml.rels
15:54:32.707 [main] DEBUG org.apache.poi.openxml4j.opc.PackageRelationshipCollection - Parsing relationship: /xl/worksheets/_rels/sheet1.xml.rels
15:54:32.707 [main] DEBUG org.apache.poi.openxml4j.opc.PackageRelationshipCollection - Parsing relationship: /_rels/.rels
15:54:32.710 [main] DEBUG org.apache.poi.ooxml.POIXMLFactory - using default POIXMLDocumentPart for http://schemas.microsoft.com/office/2017/10/relationships/person
15:54:32.713 [main] DEBUG org.apache.poi.openxml4j.opc.PackageRelationshipCollection - Parsing relationship: /xl/_rels/workbook.xml.rels
15:54:32.714 [main] DEBUG org.apache.poi.openxml4j.opc.PackageRelationshipCollection - Parsing relationship: /xl/worksheets/_rels/sheet1.xml.rels
15:54:32.714 [main] DEBUG org.apache.poi.openxml4j.opc.PackageRelationshipCollection - Parsing relationship: /_rels/.rels
15:54:32.716 [main] DEBUG org.apache.poi.ooxml.POIXMLFactory - using default POIXMLDocumentPart for http://schemas.microsoft.com/office/2017/10/relationships/person
15:54:32.720 [main] DEBUG org.apache.poi.openxml4j.opc.PackageRelationshipCollection - Parsing relationship: /xl/_rels/workbook.xml.rels
15:54:32.720 [main] DEBUG org.apache.poi.openxml4j.opc.PackageRelationshipCollection - Parsing relationship: /xl/worksheets/_rels/sheet1.xml.rels
15:54:32.720 [main] DEBUG org.apache.poi.openxml4j.opc.PackageRelationshipCollection - Parsing relationship: /_rels/.rels
15:54:32.722 [main] DEBUG org.apache.poi.ooxml.POIXMLFactory - using default POIXMLDocumentPart for http://schemas.microsoft.com/office/2017/10/relationships/person
15:54:32.727 [main] DEBUG org.apache.poi.openxml4j.opc.PackageRelationshipCollection - Parsing relationship: /xl/_rels/workbook.xml.rels
15:54:32.727 [main] DEBUG org.apache.poi.openxml4j.opc.PackageRelationshipCollection - Parsing relationship: /xl/worksheets/_rels/sheet1.xml.rels
15:54:32.727 [main] DEBUG org.apache.poi.openxml4j.opc.PackageRelationshipCollection - Parsing relationship: /_rels/.rels
15:54:32.729 [main] DEBUG org.apache.poi.ooxml.POIXMLFactory - using default POIXMLDocumentPart for http://schemas.microsoft.com/office/2017/10/relationships/person
15:54:32.734 [main] DEBUG org.apache.poi.openxml4j.opc.PackageRelationshipCollection - Parsing relationship: /xl/_rels/workbook.xml.rels
15:54:32.734 [main] DEBUG org.apache.poi.openxml4j.opc.PackageRelationshipCollection - Parsing relationship: /xl/worksheets/_rels/sheet1.xml.rels
15:54:32.734 [main] DEBUG org.apache.poi.openxml4j.opc.PackageRelationshipCollection - Parsing relationship: /_rels/.rels
15:54:32.736 [main] DEBUG org.apache.poi.ooxml.POIXMLFactory - using default POIXMLDocumentPart for http://schemas.microsoft.com/office/2017/10/relationships/person
15:54:32.739 [main] DEBUG org.apache.poi.openxml4j.opc.PackageRelationshipCollection - Parsing relationship: /xl/_rels/workbook.xml.rels
15:54:32.740 [main] DEBUG org.apache.poi.openxml4j.opc.PackageRelationshipCollection - Parsing relationship: /xl/worksheets/_rels/sheet1.xml.rels
15:54:32.740 [main] DEBUG org.apache.poi.openxml4j.opc.PackageRelationshipCollection - Parsing relationship: /_rels/.rels
15:54:32.743 [main] DEBUG org.apache.poi.ooxml.POIXMLFactory - using default POIXMLDocumentPart for http://schemas.microsoft.com/office/2017/10/relationships/person
15:54:32.747 [main] DEBUG org.apache.poi.openxml4j.opc.PackageRelationshipCollection - Parsing relationship: /xl/_rels/workbook.xml.rels
15:54:32.747 [main] DEBUG org.apache.poi.openxml4j.opc.PackageRelationshipCollection - Parsing relationship: /xl/worksheets/_rels/sheet1.xml.rels
15:54:32.747 [main] DEBUG org.apache.poi.openxml4j.opc.PackageRelationshipCollection - Parsing relationship: /_rels/.rels
15:54:32.749 [main] DEBUG org.apache.poi.ooxml.POIXMLFactory - using default POIXMLDocumentPart for http://schemas.microsoft.com/office/2017/10/relationships/person
15:54:32.753 [main] DEBUG org.apache.poi.openxml4j.opc.PackageRelationshipCollection - Parsing relationship: /xl/_rels/workbook.xml.rels
15:54:32.753 [main] DEBUG org.apache.poi.openxml4j.opc.PackageRelationshipCollection - Parsing relationship: /xl/worksheets/_rels/sheet1.xml.rels
15:54:32.753 [main] DEBUG org.apache.poi.openxml4j.opc.PackageRelationshipCollection - Parsing relationship: /_rels/.rels
15:54:32.755 [main] DEBUG org.apache.poi.ooxml.POIXMLFactory - using default POIXMLDocumentPart for http://schemas.microsoft.com/office/2017/10/relationships/person
15:54:32.760 [main] DEBUG org.apache.poi.openxml4j.opc.PackageRelationshipCollection - Parsing relationship: /xl/_rels/workbook.xml.rels
15:54:32.760 [main] DEBUG org.apache.poi.openxml4j.opc.PackageRelationshipCollection - Parsing relationship: /xl/worksheets/_rels/sheet1.xml.rels
15:54:32.760 [main] DEBUG org.apache.poi.openxml4j.opc.PackageRelationshipCollection - Parsing relationship: /_rels/.rels
15:54:32.764 [main] DEBUG org.apache.poi.ooxml.POIXMLFactory - using default POIXMLDocumentPart for http://schemas.microsoft.com/office/2017/10/relationships/person
15:54:32.768 [main] DEBUG org.apache.poi.openxml4j.opc.PackageRelationshipCollection - Parsing relationship: /xl/_rels/workbook.xml.rels
15:54:32.768 [main] DEBUG org.apache.poi.openxml4j.opc.PackageRelationshipCollection - Parsing relationship: /xl/worksheets/_rels/sheet1.xml.rels
15:54:32.768 [main] DEBUG org.apache.poi.openxml4j.opc.PackageRelationshipCollection - Parsing relationship: /_rels/.rels
15:54:32.770 [main] DEBUG org.apache.poi.ooxml.POIXMLFactory - using default POIXMLDocumentPart for http://schemas.microsoft.com/office/2017/10/relationships/person
15:54:32.774 [main] DEBUG org.apache.poi.openxml4j.opc.PackageRelationshipCollection - Parsing relationship: /xl/_rels/workbook.xml.rels
15:54:32.774 [main] DEBUG org.apache.poi.openxml4j.opc.PackageRelationshipCollection - Parsing relationship: /xl/worksheets/_rels/sheet1.xml.rels
15:54:32.775 [main] DEBUG org.apache.poi.openxml4j.opc.PackageRelationshipCollection - Parsing relationship: /_rels/.rels
15:54:32.777 [main] DEBUG org.apache.poi.ooxml.POIXMLFactory - using default POIXMLDocumentPart for http://schemas.microsoft.com/office/2017/10/relationships/person
15:54:32.780 [main] DEBUG org.apache.poi.openxml4j.opc.PackageRelationshipCollection - Parsing relationship: /xl/_rels/workbook.xml.rels
15:54:32.781 [main] DEBUG org.apache.poi.openxml4j.opc.PackageRelationshipCollection - Parsing relationship: /xl/worksheets/_rels/sheet1.xml.rels
15:54:32.781 [main] DEBUG org.apache.poi.openxml4j.opc.PackageRelationshipCollection - Parsing relationship: /_rels/.rels
15:54:32.782 [main] DEBUG org.apache.poi.ooxml.POIXMLFactory - using default POIXMLDocumentPart for http://schemas.microsoft.com/office/2017/10/relationships/person
15:54:32.786 [main] DEBUG org.apache.poi.openxml4j.opc.PackageRelationshipCollection - Parsing relationship: /xl/_rels/workbook.xml.rels
15:54:32.786 [main] DEBUG org.apache.poi.openxml4j.opc.PackageRelationshipCollection - Parsing relationship: /xl/worksheets/_rels/sheet1.xml.rels
15:54:32.786 [main] DEBUG org.apache.poi.openxml4j.opc.PackageRelationshipCollection - Parsing relationship: /_rels/.rels
15:54:32.788 [main] DEBUG org.apache.poi.ooxml.POIXMLFactory - using default POIXMLDocumentPart for http://schemas.microsoft.com/office/2017/10/relationships/person
15:54:32.793 [main] DEBUG org.apache.poi.openxml4j.opc.PackageRelationshipCollection - Parsing relationship: /xl/_rels/workbook.xml.rels
15:54:32.793 [main] DEBUG org.apache.poi.openxml4j.opc.PackageRelationshipCollection - Parsing relationship: /xl/worksheets/_rels/sheet1.xml.rels
15:54:32.793 [main] DEBUG org.apache.poi.openxml4j.opc.PackageRelationshipCollection - Parsing relationship: /_rels/.rels
15:54:32.795 [main] DEBUG org.apache.poi.ooxml.POIXMLFactory - using default POIXMLDocumentPart for http://schemas.microsoft.com/office/2017/10/relationships/person
15:54:32.798 [main] DEBUG org.apache.poi.openxml4j.opc.PackageRelationshipCollection - Parsing relationship: /xl/_rels/workbook.xml.rels
15:54:32.799 [main] DEBUG org.apache.poi.openxml4j.opc.PackageRelationshipCollection - Parsing relationship: /xl/worksheets/_rels/sheet1.xml.rels
15:54:32.799 [main] DEBUG org.apache.poi.openxml4j.opc.PackageRelationshipCollection - Parsing relationship: /_rels/.rels
15:54:32.800 [main] DEBUG org.apache.poi.ooxml.POIXMLFactory - using default POIXMLDocumentPart for http://schemas.microsoft.com/office/2017/10/relationships/person
15:54:32.804 [main] DEBUG org.apache.poi.openxml4j.opc.PackageRelationshipCollection - Parsing relationship: /xl/_rels/workbook.xml.rels
15:54:32.804 [main] DEBUG org.apache.poi.openxml4j.opc.PackageRelationshipCollection - Parsing relationship: /xl/worksheets/_rels/sheet1.xml.rels
15:54:32.804 [main] DEBUG org.apache.poi.openxml4j.opc.PackageRelationshipCollection - Parsing relationship: /_rels/.rels
15:54:32.806 [main] DEBUG org.apache.poi.ooxml.POIXMLFactory - using default POIXMLDocumentPart for http://schemas.microsoft.com/office/2017/10/relationships/person
15:54:32.811 [main] DEBUG org.apache.poi.openxml4j.opc.PackageRelationshipCollection - Parsing relationship: /xl/_rels/workbook.xml.rels
15:54:32.811 [main] DEBUG org.apache.poi.openxml4j.opc.PackageRelationshipCollection - Parsing relationship: /xl/worksheets/_rels/sheet1.xml.rels
15:54:32.811 [main] DEBUG org.apache.poi.openxml4j.opc.PackageRelationshipCollection - Parsing relationship: /_rels/.rels
15:54:32.813 [main] DEBUG org.apache.poi.ooxml.POIXMLFactory - using default POIXMLDocumentPart for http://schemas.microsoft.com/office/2017/10/relationships/person
15:54:32.817 [main] DEBUG org.apache.poi.openxml4j.opc.PackageRelationshipCollection - Parsing relationship: /xl/_rels/workbook.xml.rels
15:54:32.817 [main] DEBUG org.apache.poi.openxml4j.opc.PackageRelationshipCollection - Parsing relationship: /xl/worksheets/_rels/sheet1.xml.rels
15:54:32.817 [main] DEBUG org.apache.poi.openxml4j.opc.PackageRelationshipCollection - Parsing relationship: /_rels/.rels
15:54:32.819 [main] DEBUG org.apache.poi.ooxml.POIXMLFactory - using default POIXMLDocumentPart for http://schemas.microsoft.com/office/2017/10/relationships/person
15:54:32.824 [main] DEBUG org.apache.poi.openxml4j.opc.PackageRelationshipCollection - Parsing relationship: /xl/_rels/workbook.xml.rels
15:54:32.824 [main] DEBUG org.apache.poi.openxml4j.opc.PackageRelationshipCollection - Parsing relationship: /xl/worksheets/_rels/sheet1.xml.rels
15:54:32.825 [main] DEBUG org.apache.poi.openxml4j.opc.PackageRelationshipCollection - Parsing relationship: /_rels/.rels
15:54:32.827 [main] DEBUG org.apache.poi.ooxml.POIXMLFactory - using default POIXMLDocumentPart for http://schemas.microsoft.com/office/2017/10/relationships/person
15:54:32.831 [main] DEBUG org.apache.poi.openxml4j.opc.PackageRelationshipCollection - Parsing relationship: /xl/_rels/workbook.xml.rels
15:54:32.831 [main] DEBUG org.apache.poi.openxml4j.opc.PackageRelationshipCollection - Parsing relationship: /xl/worksheets/_rels/sheet1.xml.rels
15:54:32.831 [main] DEBUG org.apache.poi.openxml4j.opc.PackageRelationshipCollection - Parsing relationship: /_rels/.rels
15:54:32.833 [main] DEBUG org.apache.poi.ooxml.POIXMLFactory - using default POIXMLDocumentPart for http://schemas.microsoft.com/office/2017/10/relationships/person
15:54:32.839 [main] DEBUG org.apache.poi.openxml4j.opc.PackageRelationshipCollection - Parsing relationship: /xl/_rels/workbook.xml.rels
15:54:32.839 [main] DEBUG org.apache.poi.openxml4j.opc.PackageRelationshipCollection - Parsing relationship: /xl/worksheets/_rels/sheet1.xml.rels
15:54:32.839 [main] DEBUG org.apache.poi.openxml4j.opc.PackageRelationshipCollection - Parsing relationship: /_rels/.rels
15:54:32.842 [main] DEBUG org.apache.poi.ooxml.POIXMLFactory - using default POIXMLDocumentPart for http://schemas.microsoft.com/office/2017/10/relationships/person
15:54:32.846 [main] DEBUG org.apache.poi.openxml4j.opc.PackageRelationshipCollection - Parsing relationship: /xl/_rels/workbook.xml.rels
15:54:32.847 [main] DEBUG org.apache.poi.openxml4j.opc.PackageRelationshipCollection - Parsing relationship: /xl/worksheets/_rels/sheet1.xml.rels
15:54:32.847 [main] DEBUG org.apache.poi.openxml4j.opc.PackageRelationshipCollection - Parsing relationship: /_rels/.rels
15:54:32.848 [main] DEBUG org.apache.poi.ooxml.POIXMLFactory - using default POIXMLDocumentPart for http://schemas.microsoft.com/office/2017/10/relationships/person
15:54:32.853 [main] DEBUG org.apache.poi.openxml4j.opc.PackageRelationshipCollection - Parsing relationship: /xl/_rels/workbook.xml.rels
15:54:32.853 [main] DEBUG org.apache.poi.openxml4j.opc.PackageRelationshipCollection - Parsing relationship: /xl/worksheets/_rels/sheet1.xml.rels
15:54:32.853 [main] DEBUG org.apache.poi.openxml4j.opc.PackageRelationshipCollection - Parsing relationship: /_rels/.rels
15:54:32.855 [main] DEBUG org.apache.poi.ooxml.POIXMLFactory - using default POIXMLDocumentPart for http://schemas.microsoft.com/office/2017/10/relationships/person
15:54:32.860 [main] DEBUG org.apache.poi.openxml4j.opc.PackageRelationshipCollection - Parsing relationship: /xl/_rels/workbook.xml.rels
15:54:32.860 [main] DEBUG org.apache.poi.openxml4j.opc.PackageRelationshipCollection - Parsing relationship: /xl/worksheets/_rels/sheet1.xml.rels
15:54:32.860 [main] DEBUG org.apache.poi.openxml4j.opc.PackageRelationshipCollection - Parsing relationship: /_rels/.rels
15:54:32.862 [main] DEBUG org.apache.poi.ooxml.POIXMLFactory - using default POIXMLDocumentPart for http://schemas.microsoft.com/office/2017/10/relationships/person
15:54:32.865 [main] DEBUG org.apache.poi.openxml4j.opc.PackageRelationshipCollection - Parsing relationship: /xl/_rels/workbook.xml.rels
15:54:32.866 [main] DEBUG org.apache.poi.openxml4j.opc.PackageRelationshipCollection - Parsing relationship: /xl/worksheets/_rels/sheet1.xml.rels
15:54:32.866 [main] DEBUG org.apache.poi.openxml4j.opc.PackageRelationshipCollection - Parsing relationship: /_rels/.rels
15:54:32.867 [main] DEBUG org.apache.poi.ooxml.POIXMLFactory - using default POIXMLDocumentPart for http://schemas.microsoft.com/office/2017/10/relationships/person
15:54:32.871 [main] DEBUG org.apache.poi.openxml4j.opc.PackageRelationshipCollection - Parsing relationship: /xl/_rels/workbook.xml.rels
15:54:32.871 [main] DEBUG org.apache.poi.openxml4j.opc.PackageRelationshipCollection - Parsing relationship: /xl/worksheets/_rels/sheet1.xml.rels
15:54:32.871 [main] DEBUG org.apache.poi.openxml4j.opc.PackageRelationshipCollection - Parsing relationship: /_rels/.rels
15:54:32.873 [main] DEBUG org.apache.poi.ooxml.POIXMLFactory - using default POIXMLDocumentPart for http://schemas.microsoft.com/office/2017/10/relationships/person
15:54:32.878 [main] DEBUG org.apache.poi.openxml4j.opc.PackageRelationshipCollection - Parsing relationship: /xl/_rels/workbook.xml.rels
15:54:32.878 [main] DEBUG org.apache.poi.openxml4j.opc.PackageRelationshipCollection - Parsing relationship: /xl/worksheets/_rels/sheet1.xml.rels
15:54:32.878 [main] DEBUG org.apache.poi.openxml4j.opc.PackageRelationshipCollection - Parsing relationship: /_rels/.rels
15:54:32.880 [main] DEBUG org.apache.poi.ooxml.POIXMLFactory - using default POIXMLDocumentPart for http://schemas.microsoft.com/office/2017/10/relationships/person
15:54:32.884 [main] DEBUG org.apache.poi.openxml4j.opc.PackageRelationshipCollection - Parsing relationship: /xl/_rels/workbook.xml.rels
15:54:32.884 [main] DEBUG org.apache.poi.openxml4j.opc.PackageRelationshipCollection - Parsing relationship: /xl/worksheets/_rels/sheet1.xml.rels
15:54:32.884 [main] DEBUG org.apache.poi.openxml4j.opc.PackageRelationshipCollection - Parsing relationship: /_rels/.rels
15:54:32.886 [main] DEBUG org.apache.poi.ooxml.POIXMLFactory - using default POIXMLDocumentPart for http://schemas.microsoft.com/office/2017/10/relationships/person
15:54:32.891 [main] DEBUG org.apache.poi.openxml4j.opc.PackageRelationshipCollection - Parsing relationship: /xl/_rels/workbook.xml.rels
15:54:32.891 [main] DEBUG org.apache.poi.openxml4j.opc.PackageRelationshipCollection - Parsing relationship: /xl/worksheets/_rels/sheet1.xml.rels
15:54:32.891 [main] DEBUG org.apache.poi.openxml4j.opc.PackageRelationshipCollection - Parsing relationship: /_rels/.rels
15:54:32.893 [main] DEBUG org.apache.poi.ooxml.POIXMLFactory - using default POIXMLDocumentPart for http://schemas.microsoft.com/office/2017/10/relationships/person
15:54:32.897 [main] DEBUG org.apache.poi.openxml4j.opc.PackageRelationshipCollection - Parsing relationship: /xl/_rels/workbook.xml.rels
15:54:32.897 [main] DEBUG org.apache.poi.openxml4j.opc.PackageRelationshipCollection - Parsing relationship: /xl/worksheets/_rels/sheet1.xml.rels
15:54:32.898 [main] DEBUG org.apache.poi.openxml4j.opc.PackageRelationshipCollection - Parsing relationship: /_rels/.rels
15:54:32.900 [main] DEBUG org.apache.poi.ooxml.POIXMLFactory - using default POIXMLDocumentPart for http://schemas.microsoft.com/office/2017/10/relationships/person
15:54:32.904 [main] DEBUG org.apache.poi.openxml4j.opc.PackageRelationshipCollection - Parsing relationship: /xl/_rels/workbook.xml.rels
15:54:32.904 [main] DEBUG org.apache.poi.openxml4j.opc.PackageRelationshipCollection - Parsing relationship: /xl/worksheets/_rels/sheet1.xml.rels
15:54:32.904 [main] DEBUG org.apache.poi.openxml4j.opc.PackageRelationshipCollection - Parsing relationship: /_rels/.rels
15:54:32.906 [main] DEBUG org.apache.poi.ooxml.POIXMLFactory - using default POIXMLDocumentPart for http://schemas.microsoft.com/office/2017/10/relationships/person
15:54:32.911 [main] DEBUG org.apache.poi.openxml4j.opc.PackageRelationshipCollection - Parsing relationship: /xl/_rels/workbook.xml.rels
15:54:32.911 [main] DEBUG org.apache.poi.openxml4j.opc.PackageRelationshipCollection - Parsing relationship: /xl/worksheets/_rels/sheet1.xml.rels
15:54:32.911 [main] DEBUG org.apache.poi.openxml4j.opc.PackageRelationshipCollection - Parsing relationship: /_rels/.rels
15:54:32.913 [main] DEBUG org.apache.poi.ooxml.POIXMLFactory - using default POIXMLDocumentPart for http://schemas.microsoft.com/office/2017/10/relationships/person
15:54:32.917 [main] DEBUG org.apache.poi.openxml4j.opc.PackageRelationshipCollection - Parsing relationship: /xl/_rels/workbook.xml.rels
15:54:32.917 [main] DEBUG org.apache.poi.openxml4j.opc.PackageRelationshipCollection - Parsing relationship: /xl/worksheets/_rels/sheet1.xml.rels
15:54:32.918 [main] DEBUG org.apache.poi.openxml4j.opc.PackageRelationshipCollection - Parsing relationship: /_rels/.rels
15:54:32.919 [main] DEBUG org.apache.poi.ooxml.POIXMLFactory - using default POIXMLDocumentPart for http://schemas.microsoft.com/office/2017/10/relationships/person
15:54:32.923 [main] DEBUG org.apache.poi.openxml4j.opc.PackageRelationshipCollection - Parsing relationship: /xl/_rels/workbook.xml.rels
15:54:32.923 [main] DEBUG org.apache.poi.openxml4j.opc.PackageRelationshipCollection - Parsing relationship: /xl/worksheets/_rels/sheet1.xml.rels
15:54:32.923 [main] DEBUG org.apache.poi.openxml4j.opc.PackageRelationshipCollection - Parsing relationship: /_rels/.rels
15:54:32.927 [main] DEBUG org.apache.poi.ooxml.POIXMLFactory - using default POIXMLDocumentPart for http://schemas.microsoft.com/office/2017/10/relationships/person
15:54:32.933 [main] DEBUG org.apache.poi.openxml4j.opc.PackageRelationshipCollection - Parsing relationship: /xl/_rels/workbook.xml.rels
15:54:32.933 [main] DEBUG org.apache.poi.openxml4j.opc.PackageRelationshipCollection - Parsing relationship: /xl/worksheets/_rels/sheet1.xml.rels
15:54:32.933 [main] DEBUG org.apache.poi.openxml4j.opc.PackageRelationshipCollection - Parsing relationship: /_rels/.rels
15:54:32.935 [main] DEBUG org.apache.poi.ooxml.POIXMLFactory - using default POIXMLDocumentPart for http://schemas.microsoft.com/office/2017/10/relationships/person
15:54:32.939 [main] DEBUG org.apache.poi.openxml4j.opc.PackageRelationshipCollection - Parsing relationship: /xl/_rels/workbook.xml.rels
15:54:32.939 [main] DEBUG org.apache.poi.openxml4j.opc.PackageRelationshipCollection - Parsing relationship: /xl/worksheets/_rels/sheet1.xml.rels
15:54:32.939 [main] DEBUG org.apache.poi.openxml4j.opc.PackageRelationshipCollection - Parsing relationship: /_rels/.rels
15:54:32.942 [main] DEBUG org.apache.poi.ooxml.POIXMLFactory - using default POIXMLDocumentPart for http://schemas.microsoft.com/office/2017/10/relationships/person
15:54:32.947 [main] DEBUG org.apache.poi.openxml4j.opc.PackageRelationshipCollection - Parsing relationship: /xl/_rels/workbook.xml.rels
15:54:32.947 [main] DEBUG org.apache.poi.openxml4j.opc.PackageRelationshipCollection - Parsing relationship: /xl/worksheets/_rels/sheet1.xml.rels
15:54:32.947 [main] DEBUG org.apache.poi.openxml4j.opc.PackageRelationshipCollection - Parsing relationship: /_rels/.rels
15:54:32.949 [main] DEBUG org.apache.poi.ooxml.POIXMLFactory - using default POIXMLDocumentPart for http://schemas.microsoft.com/office/2017/10/relationships/person
15:54:32.953 [main] DEBUG org.apache.poi.openxml4j.opc.PackageRelationshipCollection - Parsing relationship: /xl/_rels/workbook.xml.rels
15:54:32.953 [main] DEBUG org.apache.poi.openxml4j.opc.PackageRelationshipCollection - Parsing relationship: /xl/worksheets/_rels/sheet1.xml.rels
15:54:32.953 [main] DEBUG org.apache.poi.openxml4j.opc.PackageRelationshipCollection - Parsing relationship: /_rels/.rels
15:54:32.955 [main] DEBUG org.apache.poi.ooxml.POIXMLFactory - using default POIXMLDocumentPart for http://schemas.microsoft.com/office/2017/10/relationships/person
15:54:32.960 [main] DEBUG org.apache.poi.openxml4j.opc.PackageRelationshipCollection - Parsing relationship: /xl/_rels/workbook.xml.rels
15:54:32.960 [main] DEBUG org.apache.poi.openxml4j.opc.PackageRelationshipCollection - Parsing relationship: /xl/worksheets/_rels/sheet1.xml.rels
15:54:32.960 [main] DEBUG org.apache.poi.openxml4j.opc.PackageRelationshipCollection - Parsing relationship: /_rels/.rels
15:54:32.962 [main] DEBUG org.apache.poi.ooxml.POIXMLFactory - using default POIXMLDocumentPart for http://schemas.microsoft.com/office/2017/10/relationships/person
15:54:32.966 [main] DEBUG org.apache.poi.openxml4j.opc.PackageRelationshipCollection - Parsing relationship: /xl/_rels/workbook.xml.rels
15:54:32.966 [main] DEBUG org.apache.poi.openxml4j.opc.PackageRelationshipCollection - Parsing relationship: /xl/worksheets/_rels/sheet1.xml.rels
15:54:32.967 [main] DEBUG org.apache.poi.openxml4j.opc.PackageRelationshipCollection - Parsing relationship: /_rels/.rels
15:54:32.968 [main] DEBUG org.apache.poi.ooxml.POIXMLFactory - using default POIXMLDocumentPart for http://schemas.microsoft.com/office/2017/10/relationships/person
15:54:32.974 [main] DEBUG org.apache.poi.openxml4j.opc.PackageRelationshipCollection - Parsing relationship: /xl/_rels/workbook.xml.rels
15:54:32.975 [main] DEBUG org.apache.poi.openxml4j.opc.PackageRelationshipCollection - Parsing relationship: /xl/worksheets/_rels/sheet1.xml.rels
15:54:32.975 [main] DEBUG org.apache.poi.openxml4j.opc.PackageRelationshipCollection - Parsing relationship: /_rels/.rels
15:54:32.977 [main] DEBUG org.apache.poi.ooxml.POIXMLFactory - using default POIXMLDocumentPart for http://schemas.microsoft.com/office/2017/10/relationships/person
15:54:32.981 [main] DEBUG org.apache.poi.openxml4j.opc.PackageRelationshipCollection - Parsing relationship: /xl/_rels/workbook.xml.rels
15:54:32.981 [main] DEBUG org.apache.poi.openxml4j.opc.PackageRelationshipCollection - Parsing relationship: /xl/worksheets/_rels/sheet1.xml.rels
15:54:32.981 [main] DEBUG org.apache.poi.openxml4j.opc.PackageRelationshipCollection - Parsing relationship: /_rels/.rels
15:54:32.983 [main] DEBUG org.apache.poi.ooxml.POIXMLFactory - using default POIXMLDocumentPart for http://schemas.microsoft.com/office/2017/10/relationships/person
15:54:32.987 [main] DEBUG org.apache.poi.openxml4j.opc.PackageRelationshipCollection - Parsing relationship: /xl/_rels/workbook.xml.rels
15:54:32.988 [main] DEBUG org.apache.poi.openxml4j.opc.PackageRelationshipCollection - Parsing relationship: /xl/worksheets/_rels/sheet1.xml.rels
15:54:32.988 [main] DEBUG org.apache.poi.openxml4j.opc.PackageRelationshipCollection - Parsing relationship: /_rels/.rels
15:54:32.990 [main] DEBUG org.apache.poi.ooxml.POIXMLFactory - using default POIXMLDocumentPart for http://schemas.microsoft.com/office/2017/10/relationships/person
15:54:32.995 [main] DEBUG org.apache.poi.openxml4j.opc.PackageRelationshipCollection - Parsing relationship: /xl/_rels/workbook.xml.rels
15:54:32.995 [main] DEBUG org.apache.poi.openxml4j.opc.PackageRelationshipCollection - Parsing relationship: /xl/worksheets/_rels/sheet1.xml.rels
15:54:32.996 [main] DEBUG org.apache.poi.openxml4j.opc.PackageRelationshipCollection - Parsing relationship: /_rels/.rels
15:54:32.997 [main] DEBUG org.apache.poi.ooxml.POIXMLFactory - using default POIXMLDocumentPart for http://schemas.microsoft.com/office/2017/10/relationships/person
15:54:33.002 [main] DEBUG org.apache.poi.openxml4j.opc.PackageRelationshipCollection - Parsing relationship: /xl/_rels/workbook.xml.rels
15:54:33.002 [main] DEBUG org.apache.poi.openxml4j.opc.PackageRelationshipCollection - Parsing relationship: /xl/worksheets/_rels/sheet1.xml.rels
15:54:33.002 [main] DEBUG org.apache.poi.openxml4j.opc.PackageRelationshipCollection - Parsing relationship: /_rels/.rels
15:54:33.004 [main] DEBUG org.apache.poi.ooxml.POIXMLFactory - using default POIXMLDocumentPart for http://schemas.microsoft.com/office/2017/10/relationships/person
15:54:33.009 [main] DEBUG org.apache.poi.openxml4j.opc.PackageRelationshipCollection - Parsing relationship: /xl/_rels/workbook.xml.rels
15:54:33.009 [main] DEBUG org.apache.poi.openxml4j.opc.PackageRelationshipCollection - Parsing relationship: /xl/worksheets/_rels/sheet1.xml.rels
15:54:33.009 [main] DEBUG org.apache.poi.openxml4j.opc.PackageRelationshipCollection - Parsing relationship: /_rels/.rels
15:54:33.011 [main] DEBUG org.apache.poi.ooxml.POIXMLFactory - using default POIXMLDocumentPart for http://schemas.microsoft.com/office/2017/10/relationships/person
15:54:33.015 [main] DEBUG org.apache.poi.openxml4j.opc.PackageRelationshipCollection - Parsing relationship: /xl/_rels/workbook.xml.rels
15:54:33.015 [main] DEBUG org.apache.poi.openxml4j.opc.PackageRelationshipCollection - Parsing relationship: /xl/worksheets/_rels/sheet1.xml.rels
15:54:33.015 [main] DEBUG org.apache.poi.openxml4j.opc.PackageRelationshipCollection - Parsing relationship: /_rels/.rels
15:54:33.017 [main] DEBUG org.apache.poi.ooxml.POIXMLFactory - using default POIXMLDocumentPart for http://schemas.microsoft.com/office/2017/10/relationships/person
15:54:33.021 [main] DEBUG org.apache.poi.openxml4j.opc.PackageRelationshipCollection - Parsing relationship: /xl/_rels/workbook.xml.rels
15:54:33.021 [main] DEBUG org.apache.poi.openxml4j.opc.PackageRelationshipCollection - Parsing relationship: /xl/worksheets/_rels/sheet1.xml.rels
15:54:33.021 [main] DEBUG org.apache.poi.openxml4j.opc.PackageRelationshipCollection - Parsing relationship: /_rels/.rels
15:54:33.023 [main] DEBUG org.apache.poi.ooxml.POIXMLFactory - using default POIXMLDocumentPart for http://schemas.microsoft.com/office/2017/10/relationships/person
15:54:33.027 [main] DEBUG org.apache.poi.openxml4j.opc.PackageRelationshipCollection - Parsing relationship: /xl/_rels/workbook.xml.rels
15:54:33.028 [main] DEBUG org.apache.poi.openxml4j.opc.PackageRelationshipCollection - Parsing relationship: /xl/worksheets/_rels/sheet1.xml.rels
15:54:33.028 [main] DEBUG org.apache.poi.openxml4j.opc.PackageRelationshipCollection - Parsing relationship: /_rels/.rels
15:54:33.030 [main] DEBUG org.apache.poi.ooxml.POIXMLFactory - using default POIXMLDocumentPart for http://schemas.microsoft.com/office/2017/10/relationships/person
15:54:33.034 [main] DEBUG org.apache.poi.openxml4j.opc.PackageRelationshipCollection - Parsing relationship: /xl/_rels/workbook.xml.rels
15:54:33.034 [main] DEBUG org.apache.poi.openxml4j.opc.PackageRelationshipCollection - Parsing relationship: /xl/worksheets/_rels/sheet1.xml.rels
15:54:33.034 [main] DEBUG org.apache.poi.openxml4j.opc.PackageRelationshipCollection - Parsing relationship: /_rels/.rels
15:54:33.036 [main] DEBUG org.apache.poi.ooxml.POIXMLFactory - using default POIXMLDocumentPart for http://schemas.microsoft.com/office/2017/10/relationships/person
15:54:33.040 [main] DEBUG org.apache.poi.openxml4j.opc.PackageRelationshipCollection - Parsing relationship: /xl/_rels/workbook.xml.rels
15:54:33.040 [main] DEBUG org.apache.poi.openxml4j.opc.PackageRelationshipCollection - Parsing relationship: /xl/worksheets/_rels/sheet1.xml.rels
15:54:33.040 [main] DEBUG org.apache.poi.openxml4j.opc.PackageRelationshipCollection - Parsing relationship: /_rels/.rels
15:54:33.043 [main] DEBUG org.apache.poi.ooxml.POIXMLFactory - using default POIXMLDocumentPart for http://schemas.microsoft.com/office/2017/10/relationships/person
15:54:33.047 [main] DEBUG org.apache.poi.openxml4j.opc.PackageRelationshipCollection - Parsing relationship: /xl/_rels/workbook.xml.rels
15:54:33.047 [main] DEBUG org.apache.poi.openxml4j.opc.PackageRelationshipCollection - Parsing relationship: /xl/worksheets/_rels/sheet1.xml.rels
15:54:33.047 [main] DEBUG org.apache.poi.openxml4j.opc.PackageRelationshipCollection - Parsing relationship: /_rels/.rels
15:54:33.049 [main] DEBUG org.apache.poi.ooxml.POIXMLFactory - using default POIXMLDocumentPart for http://schemas.microsoft.com/office/2017/10/relationships/person
15:54:33.053 [main] DEBUG org.apache.poi.openxml4j.opc.PackageRelationshipCollection - Parsing relationship: /xl/_rels/workbook.xml.rels
15:54:33.053 [main] DEBUG org.apache.poi.openxml4j.opc.PackageRelationshipCollection - Parsing relationship: /xl/worksheets/_rels/sheet1.xml.rels
15:54:33.053 [main] DEBUG org.apache.poi.openxml4j.opc.PackageRelationshipCollection - Parsing relationship: /_rels/.rels
15:54:33.055 [main] DEBUG org.apache.poi.ooxml.POIXMLFactory - using default POIXMLDocumentPart for http://schemas.microsoft.com/office/2017/10/relationships/person
15:54:33.060 [main] DEBUG org.apache.poi.openxml4j.opc.PackageRelationshipCollection - Parsing relationship: /xl/_rels/workbook.xml.rels
15:54:33.060 [main] DEBUG org.apache.poi.openxml4j.opc.PackageRelationshipCollection - Parsing relationship: /xl/worksheets/_rels/sheet1.xml.rels
15:54:33.060 [main] DEBUG org.apache.poi.openxml4j.opc.PackageRelationshipCollection - Parsing relationship: /_rels/.rels
15:54:33.062 [main] DEBUG org.apache.poi.ooxml.POIXMLFactory - using default POIXMLDocumentPart for http://schemas.microsoft.com/office/2017/10/relationships/person
15:54:33.066 [main] DEBUG org.apache.poi.openxml4j.opc.PackageRelationshipCollection - Parsing relationship: /xl/_rels/workbook.xml.rels
15:54:33.066 [main] DEBUG org.apache.poi.openxml4j.opc.PackageRelationshipCollection - Parsing relationship: /xl/worksheets/_rels/sheet1.xml.rels
15:54:33.066 [main] DEBUG org.apache.poi.openxml4j.opc.PackageRelationshipCollection - Parsing relationship: /_rels/.rels
15:54:33.068 [main] DEBUG org.apache.poi.ooxml.POIXMLFactory - using default POIXMLDocumentPart for http://schemas.microsoft.com/office/2017/10/relationships/person
15:54:33.072 [main] DEBUG org.apache.poi.openxml4j.opc.PackageRelationshipCollection - Parsing relationship: /xl/_rels/workbook.xml.rels
15:54:33.073 [main] DEBUG org.apache.poi.openxml4j.opc.PackageRelationshipCollection - Parsing relationship: /xl/worksheets/_rels/sheet1.xml.rels
15:54:33.073 [main] DEBUG org.apache.poi.openxml4j.opc.PackageRelationshipCollection - Parsing relationship: /_rels/.rels
15:54:33.076 [main] DEBUG org.apache.poi.ooxml.POIXMLFactory - using default POIXMLDocumentPart for http://schemas.microsoft.com/office/2017/10/relationships/person
15:54:33.080 [main] DEBUG org.apache.poi.openxml4j.opc.PackageRelationshipCollection - Parsing relationship: /xl/_rels/workbook.xml.rels
15:54:33.080 [main] DEBUG org.apache.poi.openxml4j.opc.PackageRelationshipCollection - Parsing relationship: /xl/worksheets/_rels/sheet1.xml.rels
15:54:33.080 [main] DEBUG org.apache.poi.openxml4j.opc.PackageRelationshipCollection - Parsing relationship: /_rels/.rels
15:54:33.082 [main] DEBUG org.apache.poi.ooxml.POIXMLFactory - using default POIXMLDocumentPart for http://schemas.microsoft.com/office/2017/10/relationships/person
15:54:33.086 [main] DEBUG org.apache.poi.openxml4j.opc.PackageRelationshipCollection - Parsing relationship: /xl/_rels/workbook.xml.rels
15:54:33.086 [main] DEBUG org.apache.poi.openxml4j.opc.PackageRelationshipCollection - Parsing relationship: /xl/worksheets/_rels/sheet1.xml.rels
15:54:33.086 [main] DEBUG org.apache.poi.openxml4j.opc.PackageRelationshipCollection - Parsing relationship: /_rels/.rels
15:54:33.088 [main] DEBUG org.apache.poi.ooxml.POIXMLFactory - using default POIXMLDocumentPart for http://schemas.microsoft.com/office/2017/10/relationships/person
15:54:33.093 [main] DEBUG org.apache.poi.openxml4j.opc.PackageRelationshipCollection - Parsing relationship: /xl/_rels/workbook.xml.rels
15:54:33.093 [main] DEBUG org.apache.poi.openxml4j.opc.PackageRelationshipCollection - Parsing relationship: /xl/worksheets/_rels/sheet1.xml.rels
15:54:33.093 [main] DEBUG org.apache.poi.openxml4j.opc.PackageRelationshipCollection - Parsing relationship: /_rels/.rels
15:54:33.095 [main] DEBUG org.apache.poi.ooxml.POIXMLFactory - using default POIXMLDocumentPart for http://schemas.microsoft.com/office/2017/10/relationships/person
15:54:33.098 [main] DEBUG org.apache.poi.openxml4j.opc.PackageRelationshipCollection - Parsing relationship: /xl/_rels/workbook.xml.rels
15:54:33.098 [main] DEBUG org.apache.poi.openxml4j.opc.PackageRelationshipCollection - Parsing relationship: /xl/worksheets/_rels/sheet1.xml.rels
15:54:33.099 [main] DEBUG org.apache.poi.openxml4j.opc.PackageRelationshipCollection - Parsing relationship: /_rels/.rels
15:54:33.100 [main] DEBUG org.apache.poi.ooxml.POIXMLFactory - using default POIXMLDocumentPart for http://schemas.microsoft.com/office/2017/10/relationships/person
15:54:33.104 [main] DEBUG org.apache.poi.openxml4j.opc.PackageRelationshipCollection - Parsing relationship: /xl/_rels/workbook.xml.rels
15:54:33.104 [main] DEBUG org.apache.poi.openxml4j.opc.PackageRelationshipCollection - Parsing relationship: /xl/worksheets/_rels/sheet1.xml.rels
15:54:33.104 [main] DEBUG org.apache.poi.openxml4j.opc.PackageRelationshipCollection - Parsing relationship: /_rels/.rels
15:54:33.106 [main] DEBUG org.apache.poi.ooxml.POIXMLFactory - using default POIXMLDocumentPart for http://schemas.microsoft.com/office/2017/10/relationships/person
15:54:33.111 [main] DEBUG org.apache.poi.openxml4j.opc.PackageRelationshipCollection - Parsing relationship: /xl/_rels/workbook.xml.rels
15:54:33.111 [main] DEBUG org.apache.poi.openxml4j.opc.PackageRelationshipCollection - Parsing relationship: /xl/worksheets/_rels/sheet1.xml.rels
15:54:33.112 [main] DEBUG org.apache.poi.openxml4j.opc.PackageRelationshipCollection - Parsing relationship: /_rels/.rels
15:54:33.113 [main] DEBUG org.apache.poi.ooxml.POIXMLFactory - using default POIXMLDocumentPart for http://schemas.microsoft.com/office/2017/10/relationships/person
15:54:33.117 [main] DEBUG org.apache.poi.openxml4j.opc.PackageRelationshipCollection - Parsing relationship: /xl/_rels/workbook.xml.rels
15:54:33.117 [main] DEBUG org.apache.poi.openxml4j.opc.PackageRelationshipCollection - Parsing relationship: /xl/worksheets/_rels/sheet1.xml.rels
15:54:33.117 [main] DEBUG org.apache.poi.openxml4j.opc.PackageRelationshipCollection - Parsing relationship: /_rels/.rels
15:54:33.119 [main] DEBUG org.apache.poi.ooxml.POIXMLFactory - using default POIXMLDocumentPart for http://schemas.microsoft.com/office/2017/10/relationships/person
15:54:33.123 [main] DEBUG org.apache.poi.openxml4j.opc.PackageRelationshipCollection - Parsing relationship: /xl/_rels/workbook.xml.rels
15:54:33.123 [main] DEBUG org.apache.poi.openxml4j.opc.PackageRelationshipCollection - Parsing relationship: /xl/worksheets/_rels/sheet1.xml.rels
15:54:33.123 [main] DEBUG org.apache.poi.openxml4j.opc.PackageRelationshipCollection - Parsing relationship: /_rels/.rels
15:54:33.126 [main] DEBUG org.apache.poi.ooxml.POIXMLFactory - using default POIXMLDocumentPart for http://schemas.microsoft.com/office/2017/10/relationships/person
15:54:33.130 [main] DEBUG org.apache.poi.openxml4j.opc.PackageRelationshipCollection - Parsing relationship: /xl/_rels/workbook.xml.rels
15:54:33.130 [main] DEBUG org.apache.poi.openxml4j.opc.PackageRelationshipCollection - Parsing relationship: /xl/worksheets/_rels/sheet1.xml.rels
15:54:33.130 [main] DEBUG org.apache.poi.openxml4j.opc.PackageRelationshipCollection - Parsing relationship: /_rels/.rels
15:54:33.131 [main] DEBUG org.apache.poi.ooxml.POIXMLFactory - using default POIXMLDocumentPart for http://schemas.microsoft.com/office/2017/10/relationships/person
15:54:33.135 [main] DEBUG org.apache.poi.openxml4j.opc.PackageRelationshipCollection - Parsing relationship: /xl/_rels/workbook.xml.rels
15:54:33.135 [main] DEBUG org.apache.poi.openxml4j.opc.PackageRelationshipCollection - Parsing relationship: /xl/worksheets/_rels/sheet1.xml.rels
15:54:33.135 [main] DEBUG org.apache.poi.openxml4j.opc.PackageRelationshipCollection - Parsing relationship: /_rels/.rels
15:54:33.137 [main] DEBUG org.apache.poi.ooxml.POIXMLFactory - using default POIXMLDocumentPart for http://schemas.microsoft.com/office/2017/10/relationships/person
15:54:33.140 [main] DEBUG org.apache.poi.openxml4j.opc.PackageRelationshipCollection - Parsing relationship: /xl/_rels/workbook.xml.rels
15:54:33.141 [main] DEBUG org.apache.poi.openxml4j.opc.PackageRelationshipCollection - Parsing relationship: /xl/worksheets/_rels/sheet1.xml.rels
15:54:33.141 [main] DEBUG org.apache.poi.openxml4j.opc.PackageRelationshipCollection - Parsing relationship: /_rels/.rels
15:54:33.143 [main] DEBUG org.apache.poi.ooxml.POIXMLFactory - using default POIXMLDocumentPart for http://schemas.microsoft.com/office/2017/10/relationships/person
15:54:33.147 [main] DEBUG org.apache.poi.openxml4j.opc.PackageRelationshipCollection - Parsing relationship: /xl/_rels/workbook.xml.rels
15:54:33.147 [main] DEBUG org.apache.poi.openxml4j.opc.PackageRelationshipCollection - Parsing relationship: /xl/worksheets/_rels/sheet1.xml.rels
15:54:33.147 [main] DEBUG org.apache.poi.openxml4j.opc.PackageRelationshipCollection - Parsing relationship: /_rels/.rels
15:54:33.149 [main] DEBUG org.apache.poi.ooxml.POIXMLFactory - using default POIXMLDocumentPart for http://schemas.microsoft.com/office/2017/10/relationships/person
15:54:33.152 [main] DEBUG org.apache.poi.openxml4j.opc.PackageRelationshipCollection - Parsing relationship: /xl/_rels/workbook.xml.rels
15:54:33.152 [main] DEBUG org.apache.poi.openxml4j.opc.PackageRelationshipCollection - Parsing relationship: /xl/worksheets/_rels/sheet1.xml.rels
15:54:33.152 [main] DEBUG org.apache.poi.openxml4j.opc.PackageRelationshipCollection - Parsing relationship: /_rels/.rels
15:54:33.154 [main] DEBUG org.apache.poi.ooxml.POIXMLFactory - using default POIXMLDocumentPart for http://schemas.microsoft.com/office/2017/10/relationships/person
15:54:33.159 [main] DEBUG org.apache.poi.openxml4j.opc.PackageRelationshipCollection - Parsing relationship: /xl/_rels/workbook.xml.rels
15:54:33.159 [main] DEBUG org.apache.poi.openxml4j.opc.PackageRelationshipCollection - Parsing relationship: /xl/worksheets/_rels/sheet1.xml.rels
15:54:33.159 [main] DEBUG org.apache.poi.openxml4j.opc.PackageRelationshipCollection - Parsing relationship: /_rels/.rels
15:54:33.161 [main] DEBUG org.apache.poi.ooxml.POIXMLFactory - using default POIXMLDocumentPart for http://schemas.microsoft.com/office/2017/10/relationships/person
15:54:33.165 [main] DEBUG org.apache.poi.openxml4j.opc.PackageRelationshipCollection - Parsing relationship: /xl/_rels/workbook.xml.rels
15:54:33.165 [main] DEBUG org.apache.poi.openxml4j.opc.PackageRelationshipCollection - Parsing relationship: /xl/worksheets/_rels/sheet1.xml.rels
15:54:33.165 [main] DEBUG org.apache.poi.openxml4j.opc.PackageRelationshipCollection - Parsing relationship: /_rels/.rels
15:54:33.167 [main] DEBUG org.apache.poi.ooxml.POIXMLFactory - using default POIXMLDocumentPart for http://schemas.microsoft.com/office/2017/10/relationships/person
15:54:33.171 [main] DEBUG org.apache.poi.openxml4j.opc.PackageRelationshipCollection - Parsing relationship: /xl/_rels/workbook.xml.rels
15:54:33.171 [main] DEBUG org.apache.poi.openxml4j.opc.PackageRelationshipCollection - Parsing relationship: /xl/worksheets/_rels/sheet1.xml.rels
15:54:33.171 [main] DEBUG org.apache.poi.openxml4j.opc.PackageRelationshipCollection - Parsing relationship: /_rels/.rels
15:54:33.173 [main] DEBUG org.apache.poi.ooxml.POIXMLFactory - using default POIXMLDocumentPart for http://schemas.microsoft.com/office/2017/10/relationships/person
15:54:33.180 [main] DEBUG org.apache.poi.openxml4j.opc.PackageRelationshipCollection - Parsing relationship: /xl/_rels/workbook.xml.rels
15:54:33.180 [main] DEBUG org.apache.poi.openxml4j.opc.PackageRelationshipCollection - Parsing relationship: /xl/worksheets/_rels/sheet1.xml.rels
15:54:33.180 [main] DEBUG org.apache.poi.openxml4j.opc.PackageRelationshipCollection - Parsing relationship: /_rels/.rels
15:54:33.182 [main] DEBUG org.apache.poi.ooxml.POIXMLFactory - using default POIXMLDocumentPart for http://schemas.microsoft.com/office/2017/10/relationships/person
15:54:33.185 [main] DEBUG org.apache.poi.openxml4j.opc.PackageRelationshipCollection - Parsing relationship: /xl/_rels/workbook.xml.rels
15:54:33.185 [main] DEBUG org.apache.poi.openxml4j.opc.PackageRelationshipCollection - Parsing relationship: /xl/worksheets/_rels/sheet1.xml.rels
15:54:33.186 [main] DEBUG org.apache.poi.openxml4j.opc.PackageRelationshipCollection - Parsing relationship: /_rels/.rels
15:54:33.187 [main] DEBUG org.apache.poi.ooxml.POIXMLFactory - using default POIXMLDocumentPart for http://schemas.microsoft.com/office/2017/10/relationships/person
15:54:33.191 [main] DEBUG org.apache.poi.openxml4j.opc.PackageRelationshipCollection - Parsing relationship: /xl/_rels/workbook.xml.rels
15:54:33.191 [main] DEBUG org.apache.poi.openxml4j.opc.PackageRelationshipCollection - Parsing relationship: /xl/worksheets/_rels/sheet1.xml.rels
15:54:33.191 [main] DEBUG org.apache.poi.openxml4j.opc.PackageRelationshipCollection - Parsing relationship: /_rels/.rels
15:54:33.193 [main] DEBUG org.apache.poi.ooxml.POIXMLFactory - using default POIXMLDocumentPart for http://schemas.microsoft.com/office/2017/10/relationships/person
15:54:33.196 [main] DEBUG org.apache.poi.openxml4j.opc.PackageRelationshipCollection - Parsing relationship: /xl/_rels/workbook.xml.rels
15:54:33.196 [main] DEBUG org.apache.poi.openxml4j.opc.PackageRelationshipCollection - Parsing relationship: /xl/worksheets/_rels/sheet1.xml.rels
15:54:33.197 [main] DEBUG org.apache.poi.openxml4j.opc.PackageRelationshipCollection - Parsing relationship: /_rels/.rels
15:54:33.198 [main] DEBUG org.apache.poi.ooxml.POIXMLFactory - using default POIXMLDocumentPart for http://schemas.microsoft.com/office/2017/10/relationships/person
15:54:33.201 [main] DEBUG org.apache.poi.openxml4j.opc.PackageRelationshipCollection - Parsing relationship: /xl/_rels/workbook.xml.rels
15:54:33.201 [main] DEBUG org.apache.poi.openxml4j.opc.PackageRelationshipCollection - Parsing relationship: /xl/worksheets/_rels/sheet1.xml.rels
15:54:33.201 [main] DEBUG org.apache.poi.openxml4j.opc.PackageRelationshipCollection - Parsing relationship: /_rels/.rels
15:54:33.203 [main] DEBUG org.apache.poi.ooxml.POIXMLFactory - using default POIXMLDocumentPart for http://schemas.microsoft.com/office/2017/10/relationships/person
15:54:33.206 [main] DEBUG org.apache.poi.openxml4j.opc.PackageRelationshipCollection - Parsing relationship: /xl/_rels/workbook.xml.rels
15:54:33.206 [main] DEBUG org.apache.poi.openxml4j.opc.PackageRelationshipCollection - Parsing relationship: /xl/worksheets/_rels/sheet1.xml.rels
15:54:33.206 [main] DEBUG org.apache.poi.openxml4j.opc.PackageRelationshipCollection - Parsing relationship: /_rels/.rels
15:54:33.208 [main] DEBUG org.apache.poi.ooxml.POIXMLFactory - using default POIXMLDocumentPart for http://schemas.microsoft.com/office/2017/10/relationships/person
15:54:33.212 [main] DEBUG org.apache.poi.openxml4j.opc.PackageRelationshipCollection - Parsing relationship: /xl/_rels/workbook.xml.rels
15:54:33.212 [main] DEBUG org.apache.poi.openxml4j.opc.PackageRelationshipCollection - Parsing relationship: /xl/worksheets/_rels/sheet1.xml.rels
15:54:33.212 [main] DEBUG org.apache.poi.openxml4j.opc.PackageRelationshipCollection - Parsing relationship: /_rels/.rels
15:54:33.214 [main] DEBUG org.apache.poi.ooxml.POIXMLFactory - using default POIXMLDocumentPart for http://schemas.microsoft.com/office/2017/10/relationships/person
15:54:33.217 [main] DEBUG org.apache.poi.openxml4j.opc.PackageRelationshipCollection - Parsing relationship: /xl/_rels/workbook.xml.rels
15:54:33.218 [main] DEBUG org.apache.poi.openxml4j.opc.PackageRelationshipCollection - Parsing relationship: /xl/worksheets/_rels/sheet1.xml.rels
15:54:33.218 [main] DEBUG org.apache.poi.openxml4j.opc.PackageRelationshipCollection - Parsing relationship: /_rels/.rels
15:54:33.219 [main] DEBUG org.apache.poi.ooxml.POIXMLFactory - using default POIXMLDocumentPart for http://schemas.microsoft.com/office/2017/10/relationships/person
15:54:33.223 [main] DEBUG org.apache.poi.openxml4j.opc.PackageRelationshipCollection - Parsing relationship: /xl/_rels/workbook.xml.rels
15:54:33.223 [main] DEBUG org.apache.poi.openxml4j.opc.PackageRelationshipCollection - Parsing relationship: /xl/worksheets/_rels/sheet1.xml.rels
15:54:33.223 [main] DEBUG org.apache.poi.openxml4j.opc.PackageRelationshipCollection - Parsing relationship: /_rels/.rels
15:54:33.226 [main] DEBUG org.apache.poi.ooxml.POIXMLFactory - using default POIXMLDocumentPart for http://schemas.microsoft.com/office/2017/10/relationships/person
15:54:33.230 [main] DEBUG org.apache.poi.openxml4j.opc.PackageRelationshipCollection - Parsing relationship: /xl/_rels/workbook.xml.rels
15:54:33.230 [main] DEBUG org.apache.poi.openxml4j.opc.PackageRelationshipCollection - Parsing relationship: /xl/worksheets/_rels/sheet1.xml.rels
15:54:33.230 [main] DEBUG org.apache.poi.openxml4j.opc.PackageRelationshipCollection - Parsing relationship: /_rels/.rels
15:54:33.232 [main] DEBUG org.apache.poi.ooxml.POIXMLFactory - using default POIXMLDocumentPart for http://schemas.microsoft.com/office/2017/10/relationships/person
15:54:33.236 [main] DEBUG org.apache.poi.openxml4j.opc.PackageRelationshipCollection - Parsing relationship: /xl/_rels/workbook.xml.rels
15:54:33.236 [main] DEBUG org.apache.poi.openxml4j.opc.PackageRelationshipCollection - Parsing relationship: /xl/worksheets/_rels/sheet1.xml.rels
15:54:33.236 [main] DEBUG org.apache.poi.openxml4j.opc.PackageRelationshipCollection - Parsing relationship: /_rels/.rels
15:54:33.238 [main] DEBUG org.apache.poi.ooxml.POIXMLFactory - using default POIXMLDocumentPart for http://schemas.microsoft.com/office/2017/10/relationships/person
15:54:33.243 [main] DEBUG org.apache.poi.openxml4j.opc.PackageRelationshipCollection - Parsing relationship: /xl/_rels/workbook.xml.rels
15:54:33.243 [main] DEBUG org.apache.poi.openxml4j.opc.PackageRelationshipCollection - Parsing relationship: /xl/worksheets/_rels/sheet1.xml.rels
15:54:33.243 [main] DEBUG org.apache.poi.openxml4j.opc.PackageRelationshipCollection - Parsing relationship: /_rels/.rels
15:54:33.245 [main] DEBUG org.apache.poi.ooxml.POIXMLFactory - using default POIXMLDocumentPart for http://schemas.microsoft.com/office/2017/10/relationships/person
15:54:33.249 [main] DEBUG org.apache.poi.openxml4j.opc.PackageRelationshipCollection - Parsing relationship: /xl/_rels/workbook.xml.rels
15:54:33.249 [main] DEBUG org.apache.poi.openxml4j.opc.PackageRelationshipCollection - Parsing relationship: /xl/worksheets/_rels/sheet1.xml.rels
15:54:33.249 [main] DEBUG org.apache.poi.openxml4j.opc.PackageRelationshipCollection - Parsing relationship: /_rels/.rels
15:54:33.251 [main] DEBUG org.apache.poi.ooxml.POIXMLFactory - using default POIXMLDocumentPart for http://schemas.microsoft.com/office/2017/10/relationships/person
15:54:33.255 [main] DEBUG org.apache.poi.openxml4j.opc.PackageRelationshipCollection - Parsing relationship: /xl/_rels/workbook.xml.rels
15:54:33.255 [main] DEBUG org.apache.poi.openxml4j.opc.PackageRelationshipCollection - Parsing relationship: /xl/worksheets/_rels/sheet1.xml.rels
15:54:33.255 [main] DEBUG org.apache.poi.openxml4j.opc.PackageRelationshipCollection - Parsing relationship: /_rels/.rels
15:54:33.256 [main] DEBUG org.apache.poi.ooxml.POIXMLFactory - using default POIXMLDocumentPart for http://schemas.microsoft.com/office/2017/10/relationships/person
15:54:33.261 [main] DEBUG org.apache.poi.openxml4j.opc.PackageRelationshipCollection - Parsing relationship: /xl/_rels/workbook.xml.rels
15:54:33.261 [main] DEBUG org.apache.poi.openxml4j.opc.PackageRelationshipCollection - Parsing relationship: /xl/worksheets/_rels/sheet1.xml.rels
15:54:33.261 [main] DEBUG org.apache.poi.openxml4j.opc.PackageRelationshipCollection - Parsing relationship: /_rels/.rels
15:54:33.263 [main] DEBUG org.apache.poi.ooxml.POIXMLFactory - using default POIXMLDocumentPart for http://schemas.microsoft.com/office/2017/10/relationships/person
15:54:33.267 [main] DEBUG org.apache.poi.openxml4j.opc.PackageRelationshipCollection - Parsing relationship: /xl/_rels/workbook.xml.rels
15:54:33.267 [main] DEBUG org.apache.poi.openxml4j.opc.PackageRelationshipCollection - Parsing relationship: /xl/worksheets/_rels/sheet1.xml.rels
15:54:33.267 [main] DEBUG org.apache.poi.openxml4j.opc.PackageRelationshipCollection - Parsing relationship: /_rels/.rels
15:54:33.269 [main] DEBUG org.apache.poi.ooxml.POIXMLFactory - using default POIXMLDocumentPart for http://schemas.microsoft.com/office/2017/10/relationships/person
15:54:33.273 [main] DEBUG org.apache.poi.openxml4j.opc.PackageRelationshipCollection - Parsing relationship: /xl/_rels/workbook.xml.rels
15:54:33.273 [main] DEBUG org.apache.poi.openxml4j.opc.PackageRelationshipCollection - Parsing relationship: /xl/worksheets/_rels/sheet1.xml.rels
15:54:33.273 [main] DEBUG org.apache.poi.openxml4j.opc.PackageRelationshipCollection - Parsing relationship: /_rels/.rels
15:54:33.275 [main] DEBUG org.apache.poi.ooxml.POIXMLFactory - using default POIXMLDocumentPart for http://schemas.microsoft.com/office/2017/10/relationships/person
15:54:33.279 [main] DEBUG org.apache.poi.openxml4j.opc.PackageRelationshipCollection - Parsing relationship: /xl/_rels/workbook.xml.rels
15:54:33.279 [main] DEBUG org.apache.poi.openxml4j.opc.PackageRelationshipCollection - Parsing relationship: /xl/worksheets/_rels/sheet1.xml.rels
15:54:33.279 [main] DEBUG org.apache.poi.openxml4j.opc.PackageRelationshipCollection - Parsing relationship: /_rels/.rels
15:54:33.282 [main] DEBUG org.apache.poi.ooxml.POIXMLFactory - using default POIXMLDocumentPart for http://schemas.microsoft.com/office/2017/10/relationships/person
15:54:33.285 [main] DEBUG org.apache.poi.openxml4j.opc.PackageRelationshipCollection - Parsing relationship: /xl/_rels/workbook.xml.rels
15:54:33.285 [main] DEBUG org.apache.poi.openxml4j.opc.PackageRelationshipCollection - Parsing relationship: /xl/worksheets/_rels/sheet1.xml.rels
15:54:33.286 [main] DEBUG org.apache.poi.openxml4j.opc.PackageRelationshipCollection - Parsing relationship: /_rels/.rels
15:54:33.287 [main] DEBUG org.apache.poi.ooxml.POIXMLFactory - using default POIXMLDocumentPart for http://schemas.microsoft.com/office/2017/10/relationships/person
15:54:33.291 [main] DEBUG org.apache.poi.openxml4j.opc.PackageRelationshipCollection - Parsing relationship: /xl/_rels/workbook.xml.rels
15:54:33.291 [main] DEBUG org.apache.poi.openxml4j.opc.PackageRelationshipCollection - Parsing relationship: /xl/worksheets/_rels/sheet1.xml.rels
15:54:33.292 [main] DEBUG org.apache.poi.openxml4j.opc.PackageRelationshipCollection - Parsing relationship: /_rels/.rels
15:54:33.293 [main] DEBUG org.apache.poi.ooxml.POIXMLFactory - using default POIXMLDocumentPart for http://schemas.microsoft.com/office/2017/10/relationships/person
15:54:33.297 [main] DEBUG org.apache.poi.openxml4j.opc.PackageRelationshipCollection - Parsing relationship: /xl/_rels/workbook.xml.rels
15:54:33.297 [main] DEBUG org.apache.poi.openxml4j.opc.PackageRelationshipCollection - Parsing relationship: /xl/worksheets/_rels/sheet1.xml.rels
15:54:33.297 [main] DEBUG org.apache.poi.openxml4j.opc.PackageRelationshipCollection - Parsing relationship: /_rels/.rels
15:54:33.299 [main] DEBUG org.apache.poi.ooxml.POIXMLFactory - using default POIXMLDocumentPart for http://schemas.microsoft.com/office/2017/10/relationships/person
15:54:33.302 [main] DEBUG org.apache.poi.openxml4j.opc.PackageRelationshipCollection - Parsing relationship: /xl/_rels/workbook.xml.rels
15:54:33.302 [main] DEBUG org.apache.poi.openxml4j.opc.PackageRelationshipCollection - Parsing relationship: /xl/worksheets/_rels/sheet1.xml.rels
15:54:33.302 [main] DEBUG org.apache.poi.openxml4j.opc.PackageRelationshipCollection - Parsing relationship: /_rels/.rels
15:54:33.304 [main] DEBUG org.apache.poi.ooxml.POIXMLFactory - using default POIXMLDocumentPart for http://schemas.microsoft.com/office/2017/10/relationships/person
15:54:33.307 [main] DEBUG org.apache.poi.openxml4j.opc.PackageRelationshipCollection - Parsing relationship: /xl/_rels/workbook.xml.rels
15:54:33.307 [main] DEBUG org.apache.poi.openxml4j.opc.PackageRelationshipCollection - Parsing relationship: /xl/worksheets/_rels/sheet1.xml.rels
15:54:33.307 [main] DEBUG org.apache.poi.openxml4j.opc.PackageRelationshipCollection - Parsing relationship: /_rels/.rels
15:54:33.309 [main] DEBUG org.apache.poi.ooxml.POIXMLFactory - using default POIXMLDocumentPart for http://schemas.microsoft.com/office/2017/10/relationships/person
15:54:33.313 [main] DEBUG org.apache.poi.openxml4j.opc.PackageRelationshipCollection - Parsing relationship: /xl/_rels/workbook.xml.rels
15:54:33.313 [main] DEBUG org.apache.poi.openxml4j.opc.PackageRelationshipCollection - Parsing relationship: /xl/worksheets/_rels/sheet1.xml.rels
15:54:33.313 [main] DEBUG org.apache.poi.openxml4j.opc.PackageRelationshipCollection - Parsing relationship: /_rels/.rels
15:54:33.314 [main] DEBUG org.apache.poi.ooxml.POIXMLFactory - using default POIXMLDocumentPart for http://schemas.microsoft.com/office/2017/10/relationships/person
15:54:33.318 [main] DEBUG org.apache.poi.openxml4j.opc.PackageRelationshipCollection - Parsing relationship: /xl/_rels/workbook.xml.rels
15:54:33.318 [main] DEBUG org.apache.poi.openxml4j.opc.PackageRelationshipCollection - Parsing relationship: /xl/worksheets/_rels/sheet1.xml.rels
15:54:33.318 [main] DEBUG org.apache.poi.openxml4j.opc.PackageRelationshipCollection - Parsing relationship: /_rels/.rels
15:54:33.319 [main] DEBUG org.apache.poi.ooxml.POIXMLFactory - using default POIXMLDocumentPart for http://schemas.microsoft.com/office/2017/10/relationships/person
15:54:33.323 [main] DEBUG org.apache.poi.openxml4j.opc.PackageRelationshipCollection - Parsing relationship: /xl/_rels/workbook.xml.rels
15:54:33.323 [main] DEBUG org.apache.poi.openxml4j.opc.PackageRelationshipCollection - Parsing relationship: /xl/worksheets/_rels/sheet1.xml.rels
15:54:33.323 [main] DEBUG org.apache.poi.openxml4j.opc.PackageRelationshipCollection - Parsing relationship: /_rels/.rels
15:54:33.325 [main] DEBUG org.apache.poi.ooxml.POIXMLFactory - using default POIXMLDocumentPart for http://schemas.microsoft.com/office/2017/10/relationships/person
15:54:33.329 [main] DEBUG org.apache.poi.openxml4j.opc.PackageRelationshipCollection - Parsing relationship: /xl/_rels/workbook.xml.rels
15:54:33.329 [main] DEBUG org.apache.poi.openxml4j.opc.PackageRelationshipCollection - Parsing relationship: /xl/worksheets/_rels/sheet1.xml.rels
15:54:33.329 [main] DEBUG org.apache.poi.openxml4j.opc.PackageRelationshipCollection - Parsing relationship: /_rels/.rels
15:54:33.331 [main] DEBUG org.apache.poi.ooxml.POIXMLFactory - using default POIXMLDocumentPart for http://schemas.microsoft.com/office/2017/10/relationships/person
15:54:33.334 [main] DEBUG org.apache.poi.openxml4j.opc.PackageRelationshipCollection - Parsing relationship: /xl/_rels/workbook.xml.rels
15:54:33.334 [main] DEBUG org.apache.poi.openxml4j.opc.PackageRelationshipCollection - Parsing relationship: /xl/worksheets/_rels/sheet1.xml.rels
15:54:33.334 [main] DEBUG org.apache.poi.openxml4j.opc.PackageRelationshipCollection - Parsing relationship: /_rels/.rels
15:54:33.336 [main] DEBUG org.apache.poi.ooxml.POIXMLFactory - using default POIXMLDocumentPart for http://schemas.microsoft.com/office/2017/10/relationships/person
15:54:33.339 [main] DEBUG org.apache.poi.openxml4j.opc.PackageRelationshipCollection - Parsing relationship: /xl/_rels/workbook.xml.rels
15:54:33.339 [main] DEBUG org.apache.poi.openxml4j.opc.PackageRelationshipCollection - Parsing relationship: /xl/worksheets/_rels/sheet1.xml.rels
15:54:33.340 [main] DEBUG org.apache.poi.openxml4j.opc.PackageRelationshipCollection - Parsing relationship: /_rels/.rels
15:54:33.342 [main] DEBUG org.apache.poi.ooxml.POIXMLFactory - using default POIXMLDocumentPart for http://schemas.microsoft.com/office/2017/10/relationships/person
15:54:33.345 [main] DEBUG org.apache.poi.openxml4j.opc.PackageRelationshipCollection - Parsing relationship: /xl/_rels/workbook.xml.rels
15:54:33.345 [main] DEBUG org.apache.poi.openxml4j.opc.PackageRelationshipCollection - Parsing relationship: /xl/worksheets/_rels/sheet1.xml.rels
15:54:33.345 [main] DEBUG org.apache.poi.openxml4j.opc.PackageRelationshipCollection - Parsing relationship: /_rels/.rels
15:54:33.347 [main] DEBUG org.apache.poi.ooxml.POIXMLFactory - using default POIXMLDocumentPart for http://schemas.microsoft.com/office/2017/10/relationships/person
15:54:33.350 [main] DEBUG org.apache.poi.openxml4j.opc.PackageRelationshipCollection - Parsing relationship: /xl/_rels/workbook.xml.rels
15:54:33.351 [main] DEBUG org.apache.poi.openxml4j.opc.PackageRelationshipCollection - Parsing relationship: /xl/worksheets/_rels/sheet1.xml.rels
15:54:33.351 [main] DEBUG org.apache.poi.openxml4j.opc.PackageRelationshipCollection - Parsing relationship: /_rels/.rels
15:54:33.352 [main] DEBUG org.apache.poi.ooxml.POIXMLFactory - using default POIXMLDocumentPart for http://schemas.microsoft.com/office/2017/10/relationships/person
15:54:33.356 [main] DEBUG org.apache.poi.openxml4j.opc.PackageRelationshipCollection - Parsing relationship: /xl/_rels/workbook.xml.rels
15:54:33.356 [main] DEBUG org.apache.poi.openxml4j.opc.PackageRelationshipCollection - Parsing relationship: /xl/worksheets/_rels/sheet1.xml.rels
15:54:33.356 [main] DEBUG org.apache.poi.openxml4j.opc.PackageRelationshipCollection - Parsing relationship: /_rels/.rels
15:54:33.359 [main] DEBUG org.apache.poi.ooxml.POIXMLFactory - using default POIXMLDocumentPart for http://schemas.microsoft.com/office/2017/10/relationships/person
15:54:33.367 [main] DEBUG org.apache.poi.openxml4j.opc.PackageRelationshipCollection - Parsing relationship: /xl/_rels/workbook.xml.rels
15:54:33.367 [main] DEBUG org.apache.poi.openxml4j.opc.PackageRelationshipCollection - Parsing relationship: /xl/worksheets/_rels/sheet1.xml.rels
15:54:33.367 [main] DEBUG org.apache.poi.openxml4j.opc.PackageRelationshipCollection - Parsing relationship: /_rels/.rels
15:54:33.369 [main] DEBUG org.apache.poi.ooxml.POIXMLFactory - using default POIXMLDocumentPart for http://schemas.microsoft.com/office/2017/10/relationships/person
15:54:33.375 [main] DEBUG org.apache.poi.openxml4j.opc.PackageRelationshipCollection - Parsing relationship: /xl/_rels/workbook.xml.rels
15:54:33.376 [main] DEBUG org.apache.poi.openxml4j.opc.PackageRelationshipCollection - Parsing relationship: /xl/worksheets/_rels/sheet1.xml.rels
15:54:33.376 [main] DEBUG org.apache.poi.openxml4j.opc.PackageRelationshipCollection - Parsing relationship: /_rels/.rels
15:54:33.379 [main] DEBUG org.apache.poi.ooxml.POIXMLFactory - using default POIXMLDocumentPart for http://schemas.microsoft.com/office/2017/10/relationships/person
15:54:33.383 [main] DEBUG org.apache.poi.openxml4j.opc.PackageRelationshipCollection - Parsing relationship: /xl/_rels/workbook.xml.rels
15:54:33.383 [main] DEBUG org.apache.poi.openxml4j.opc.PackageRelationshipCollection - Parsing relationship: /xl/worksheets/_rels/sheet1.xml.rels
15:54:33.384 [main] DEBUG org.apache.poi.openxml4j.opc.PackageRelationshipCollection - Parsing relationship: /_rels/.rels
15:54:33.386 [main] DEBUG org.apache.poi.ooxml.POIXMLFactory - using default POIXMLDocumentPart for http://schemas.microsoft.com/office/2017/10/relationships/person
15:54:33.390 [main] DEBUG org.apache.poi.openxml4j.opc.PackageRelationshipCollection - Parsing relationship: /xl/_rels/workbook.xml.rels
15:54:33.390 [main] DEBUG org.apache.poi.openxml4j.opc.PackageRelationshipCollection - Parsing relationship: /xl/worksheets/_rels/sheet1.xml.rels
15:54:33.390 [main] DEBUG org.apache.poi.openxml4j.opc.PackageRelationshipCollection - Parsing relationship: /_rels/.rels
15:54:33.393 [main] DEBUG org.apache.poi.ooxml.POIXMLFactory - using default POIXMLDocumentPart for http://schemas.microsoft.com/office/2017/10/relationships/person
15:54:33.397 [main] DEBUG org.apache.poi.openxml4j.opc.PackageRelationshipCollection - Parsing relationship: /xl/_rels/workbook.xml.rels
15:54:33.397 [main] DEBUG org.apache.poi.openxml4j.opc.PackageRelationshipCollection - Parsing relationship: /xl/worksheets/_rels/sheet1.xml.rels
15:54:33.397 [main] DEBUG org.apache.poi.openxml4j.opc.PackageRelationshipCollection - Parsing relationship: /_rels/.rels
15:54:33.398 [main] DEBUG org.apache.poi.ooxml.POIXMLFactory - using default POIXMLDocumentPart for http://schemas.microsoft.com/office/2017/10/relationships/person
15:54:33.402 [main] DEBUG org.apache.poi.openxml4j.opc.PackageRelationshipCollection - Parsing relationship: /xl/_rels/workbook.xml.rels
15:54:33.403 [main] DEBUG org.apache.poi.openxml4j.opc.PackageRelationshipCollection - Parsing relationship: /xl/worksheets/_rels/sheet1.xml.rels
15:54:33.403 [main] DEBUG org.apache.poi.openxml4j.opc.PackageRelationshipCollection - Parsing relationship: /_rels/.rels
15:54:33.404 [main] DEBUG org.apache.poi.ooxml.POIXMLFactory - using default POIXMLDocumentPart for http://schemas.microsoft.com/office/2017/10/relationships/person
15:54:33.410 [main] DEBUG org.apache.poi.openxml4j.opc.PackageRelationshipCollection - Parsing relationship: /xl/_rels/workbook.xml.rels
15:54:33.410 [main] DEBUG org.apache.poi.openxml4j.opc.PackageRelationshipCollection - Parsing relationship: /xl/worksheets/_rels/sheet1.xml.rels
15:54:33.410 [main] DEBUG org.apache.poi.openxml4j.opc.PackageRelationshipCollection - Parsing relationship: /_rels/.rels
15:54:33.412 [main] DEBUG org.apache.poi.ooxml.POIXMLFactory - using default POIXMLDocumentPart for http://schemas.microsoft.com/office/2017/10/relationships/person
15:54:33.415 [main] DEBUG org.apache.poi.openxml4j.opc.PackageRelationshipCollection - Parsing relationship: /xl/_rels/workbook.xml.rels
15:54:33.416 [main] DEBUG org.apache.poi.openxml4j.opc.PackageRelationshipCollection - Parsing relationship: /xl/worksheets/_rels/sheet1.xml.rels
15:54:33.416 [main] DEBUG org.apache.poi.openxml4j.opc.PackageRelationshipCollection - Parsing relationship: /_rels/.rels
15:54:33.417 [main] DEBUG org.apache.poi.ooxml.POIXMLFactory - using default POIXMLDocumentPart for http://schemas.microsoft.com/office/2017/10/relationships/person
15:54:33.421 [main] DEBUG org.apache.poi.openxml4j.opc.PackageRelationshipCollection - Parsing relationship: /xl/_rels/workbook.xml.rels
15:54:33.421 [main] DEBUG org.apache.poi.openxml4j.opc.PackageRelationshipCollection - Parsing relationship: /xl/worksheets/_rels/sheet1.xml.rels
15:54:33.421 [main] DEBUG org.apache.poi.openxml4j.opc.PackageRelationshipCollection - Parsing relationship: /_rels/.rels
15:54:33.423 [main] DEBUG org.apache.poi.ooxml.POIXMLFactory - using default POIXMLDocumentPart for http://schemas.microsoft.com/office/2017/10/relationships/person
15:54:33.428 [main] DEBUG org.apache.poi.openxml4j.opc.PackageRelationshipCollection - Parsing relationship: /xl/_rels/workbook.xml.rels
15:54:33.428 [main] DEBUG org.apache.poi.openxml4j.opc.PackageRelationshipCollection - Parsing relationship: /xl/worksheets/_rels/sheet1.xml.rels
15:54:33.428 [main] DEBUG org.apache.poi.openxml4j.opc.PackageRelationshipCollection - Parsing relationship: /_rels/.rels
15:54:33.430 [main] DEBUG org.apache.poi.ooxml.POIXMLFactory - using default POIXMLDocumentPart for http://schemas.microsoft.com/office/2017/10/relationships/person
15:54:33.434 [main] DEBUG org.apache.poi.openxml4j.opc.PackageRelationshipCollection - Parsing relationship: /xl/_rels/workbook.xml.rels
15:54:33.434 [main] DEBUG org.apache.poi.openxml4j.opc.PackageRelationshipCollection - Parsing relationship: /xl/worksheets/_rels/sheet1.xml.rels
15:54:33.434 [main] DEBUG org.apache.poi.openxml4j.opc.PackageRelationshipCollection - Parsing relationship: /_rels/.rels
15:54:33.436 [main] DEBUG org.apache.poi.ooxml.POIXMLFactory - using default POIXMLDocumentPart for http://schemas.microsoft.com/office/2017/10/relationships/person
15:54:33.440 [main] DEBUG org.apache.poi.openxml4j.opc.PackageRelationshipCollection - Parsing relationship: /xl/_rels/workbook.xml.rels
15:54:33.440 [main] DEBUG org.apache.poi.openxml4j.opc.PackageRelationshipCollection - Parsing relationship: /xl/worksheets/_rels/sheet1.xml.rels
15:54:33.440 [main] DEBUG org.apache.poi.openxml4j.opc.PackageRelationshipCollection - Parsing relationship: /_rels/.rels
15:54:33.444 [main] DEBUG org.apache.poi.ooxml.POIXMLFactory - using default POIXMLDocumentPart for http://schemas.microsoft.com/office/2017/10/relationships/person
15:54:33.449 [main] DEBUG org.apache.poi.openxml4j.opc.PackageRelationshipCollection - Parsing relationship: /xl/_rels/workbook.xml.rels
15:54:33.449 [main] DEBUG org.apache.poi.openxml4j.opc.PackageRelationshipCollection - Parsing relationship: /xl/worksheets/_rels/sheet1.xml.rels
15:54:33.450 [main] DEBUG org.apache.poi.openxml4j.opc.PackageRelationshipCollection - Parsing relationship: /_rels/.rels
15:54:33.451 [main] DEBUG org.apache.poi.ooxml.POIXMLFactory - using default POIXMLDocumentPart for http://schemas.microsoft.com/office/2017/10/relationships/person
15:54:33.455 [main] DEBUG org.apache.poi.openxml4j.opc.PackageRelationshipCollection - Parsing relationship: /xl/_rels/workbook.xml.rels
15:54:33.456 [main] DEBUG org.apache.poi.openxml4j.opc.PackageRelationshipCollection - Parsing relationship: /xl/worksheets/_rels/sheet1.xml.rels
15:54:33.456 [main] DEBUG org.apache.poi.openxml4j.opc.PackageRelationshipCollection - Parsing relationship: /_rels/.rels
15:54:33.458 [main] DEBUG org.apache.poi.ooxml.POIXMLFactory - using default POIXMLDocumentPart for http://schemas.microsoft.com/office/2017/10/relationships/person
15:54:33.463 [main] DEBUG org.apache.poi.openxml4j.opc.PackageRelationshipCollection - Parsing relationship: /xl/_rels/workbook.xml.rels
15:54:33.463 [main] DEBUG org.apache.poi.openxml4j.opc.PackageRelationshipCollection - Parsing relationship: /xl/worksheets/_rels/sheet1.xml.rels
15:54:33.463 [main] DEBUG org.apache.poi.openxml4j.opc.PackageRelationshipCollection - Parsing relationship: /_rels/.rels
15:54:33.465 [main] DEBUG org.apache.poi.ooxml.POIXMLFactory - using default POIXMLDocumentPart for http://schemas.microsoft.com/office/2017/10/relationships/person
15:54:33.469 [main] DEBUG org.apache.poi.openxml4j.opc.PackageRelationshipCollection - Parsing relationship: /xl/_rels/workbook.xml.rels
15:54:33.469 [main] DEBUG org.apache.poi.openxml4j.opc.PackageRelationshipCollection - Parsing relationship: /xl/worksheets/_rels/sheet1.xml.rels
15:54:33.469 [main] DEBUG org.apache.poi.openxml4j.opc.PackageRelationshipCollection - Parsing relationship: /_rels/.rels
15:54:33.471 [main] DEBUG org.apache.poi.ooxml.POIXMLFactory - using default POIXMLDocumentPart for http://schemas.microsoft.com/office/2017/10/relationships/person
15:54:33.475 [main] DEBUG org.apache.poi.openxml4j.opc.PackageRelationshipCollection - Parsing relationship: /xl/_rels/workbook.xml.rels
15:54:33.475 [main] DEBUG org.apache.poi.openxml4j.opc.PackageRelationshipCollection - Parsing relationship: /xl/worksheets/_rels/sheet1.xml.rels
15:54:33.475 [main] DEBUG org.apache.poi.openxml4j.opc.PackageRelationshipCollection - Parsing relationship: /_rels/.rels
15:54:33.477 [main] DEBUG org.apache.poi.ooxml.POIXMLFactory - using default POIXMLDocumentPart for http://schemas.microsoft.com/office/2017/10/relationships/person
15:54:33.481 [main] DEBUG org.apache.poi.openxml4j.opc.PackageRelationshipCollection - Parsing relationship: /xl/_rels/workbook.xml.rels
15:54:33.481 [main] DEBUG org.apache.poi.openxml4j.opc.PackageRelationshipCollection - Parsing relationship: /xl/worksheets/_rels/sheet1.xml.rels
15:54:33.481 [main] DEBUG org.apache.poi.openxml4j.opc.PackageRelationshipCollection - Parsing relationship: /_rels/.rels
15:54:33.483 [main] DEBUG org.apache.poi.ooxml.POIXMLFactory - using default POIXMLDocumentPart for http://schemas.microsoft.com/office/2017/10/relationships/person
15:54:33.487 [main] DEBUG org.apache.poi.openxml4j.opc.PackageRelationshipCollection - Parsing relationship: /xl/_rels/workbook.xml.rels
15:54:33.487 [main] DEBUG org.apache.poi.openxml4j.opc.PackageRelationshipCollection - Parsing relationship: /xl/worksheets/_rels/sheet1.xml.rels
15:54:33.487 [main] DEBUG org.apache.poi.openxml4j.opc.PackageRelationshipCollection - Parsing relationship: /_rels/.rels
15:54:33.489 [main] DEBUG org.apache.poi.ooxml.POIXMLFactory - using default POIXMLDocumentPart for http://schemas.microsoft.com/office/2017/10/relationships/person
15:54:33.494 [main] DEBUG org.apache.poi.openxml4j.opc.PackageRelationshipCollection - Parsing relationship: /xl/_rels/workbook.xml.rels
15:54:33.495 [main] DEBUG org.apache.poi.openxml4j.opc.PackageRelationshipCollection - Parsing relationship: /xl/worksheets/_rels/sheet1.xml.rels
15:54:33.495 [main] DEBUG org.apache.poi.openxml4j.opc.PackageRelationshipCollection - Parsing relationship: /_rels/.rels
15:54:33.496 [main] DEBUG org.apache.poi.ooxml.POIXMLFactory - using default POIXMLDocumentPart for http://schemas.microsoft.com/office/2017/10/relationships/person
15:54:33.500 [main] DEBUG org.apache.poi.openxml4j.opc.PackageRelationshipCollection - Parsing relationship: /xl/_rels/workbook.xml.rels
15:54:33.500 [main] DEBUG org.apache.poi.openxml4j.opc.PackageRelationshipCollection - Parsing relationship: /xl/worksheets/_rels/sheet1.xml.rels
15:54:33.500 [main] DEBUG org.apache.poi.openxml4j.opc.PackageRelationshipCollection - Parsing relationship: /_rels/.rels
15:54:33.502 [main] DEBUG org.apache.poi.ooxml.POIXMLFactory - using default POIXMLDocumentPart for http://schemas.microsoft.com/office/2017/10/relationships/person
15:54:33.508 [main] DEBUG org.apache.poi.openxml4j.opc.PackageRelationshipCollection - Parsing relationship: /xl/_rels/workbook.xml.rels
15:54:33.509 [main] DEBUG org.apache.poi.openxml4j.opc.PackageRelationshipCollection - Parsing relationship: /xl/worksheets/_rels/sheet1.xml.rels
15:54:33.509 [main] DEBUG org.apache.poi.openxml4j.opc.PackageRelationshipCollection - Parsing relationship: /_rels/.rels
15:54:33.511 [main] DEBUG org.apache.poi.ooxml.POIXMLFactory - using default POIXMLDocumentPart for http://schemas.microsoft.com/office/2017/10/relationships/person
15:54:33.516 [main] DEBUG org.apache.poi.openxml4j.opc.PackageRelationshipCollection - Parsing relationship: /xl/_rels/workbook.xml.rels
15:54:33.516 [main] DEBUG org.apache.poi.openxml4j.opc.PackageRelationshipCollection - Parsing relationship: /xl/worksheets/_rels/sheet1.xml.rels
15:54:33.516 [main] DEBUG org.apache.poi.openxml4j.opc.PackageRelationshipCollection - Parsing relationship: /_rels/.rels
15:54:33.518 [main] DEBUG org.apache.poi.ooxml.POIXMLFactory - using default POIXMLDocumentPart for http://schemas.microsoft.com/office/2017/10/relationships/person
15:54:33.523 [main] DEBUG org.apache.poi.openxml4j.opc.PackageRelationshipCollection - Parsing relationship: /xl/_rels/workbook.xml.rels
15:54:33.523 [main] DEBUG org.apache.poi.openxml4j.opc.PackageRelationshipCollection - Parsing relationship: /xl/worksheets/_rels/sheet1.xml.rels
15:54:33.523 [main] DEBUG org.apache.poi.openxml4j.opc.PackageRelationshipCollection - Parsing relationship: /_rels/.rels
15:54:33.526 [main] DEBUG org.apache.poi.ooxml.POIXMLFactory - using default POIXMLDocumentPart for http://schemas.microsoft.com/office/2017/10/relationships/person
15:54:33.530 [main] DEBUG org.apache.poi.openxml4j.opc.PackageRelationshipCollection - Parsing relationship: /xl/_rels/workbook.xml.rels
15:54:33.531 [main] DEBUG org.apache.poi.openxml4j.opc.PackageRelationshipCollection - Parsing relationship: /xl/worksheets/_rels/sheet1.xml.rels
15:54:33.531 [main] DEBUG org.apache.poi.openxml4j.opc.PackageRelationshipCollection - Parsing relationship: /_rels/.rels
15:54:33.533 [main] DEBUG org.apache.poi.ooxml.POIXMLFactory - using default POIXMLDocumentPart for http://schemas.microsoft.com/office/2017/10/relationships/person
15:54:33.537 [main] DEBUG org.apache.poi.openxml4j.opc.PackageRelationshipCollection - Parsing relationship: /xl/_rels/workbook.xml.rels
15:54:33.537 [main] DEBUG org.apache.poi.openxml4j.opc.PackageRelationshipCollection - Parsing relationship: /xl/worksheets/_rels/sheet1.xml.rels
15:54:33.537 [main] DEBUG org.apache.poi.openxml4j.opc.PackageRelationshipCollection - Parsing relationship: /_rels/.rels
15:54:33.539 [main] DEBUG org.apache.poi.ooxml.POIXMLFactory - using default POIXMLDocumentPart for http://schemas.microsoft.com/office/2017/10/relationships/person
15:54:33.544 [main] DEBUG org.apache.poi.openxml4j.opc.PackageRelationshipCollection - Parsing relationship: /xl/_rels/workbook.xml.rels
15:54:33.544 [main] DEBUG org.apache.poi.openxml4j.opc.PackageRelationshipCollection - Parsing relationship: /xl/worksheets/_rels/sheet1.xml.rels
15:54:33.544 [main] DEBUG org.apache.poi.openxml4j.opc.PackageRelationshipCollection - Parsing relationship: /_rels/.rels
15:54:33.546 [main] DEBUG org.apache.poi.ooxml.POIXMLFactory - using default POIXMLDocumentPart for http://schemas.microsoft.com/office/2017/10/relationships/person
15:54:33.550 [main] DEBUG org.apache.poi.openxml4j.opc.PackageRelationshipCollection - Parsing relationship: /xl/_rels/workbook.xml.rels
15:54:33.550 [main] DEBUG org.apache.poi.openxml4j.opc.PackageRelationshipCollection - Parsing relationship: /xl/worksheets/_rels/sheet1.xml.rels
15:54:33.550 [main] DEBUG org.apache.poi.openxml4j.opc.PackageRelationshipCollection - Parsing relationship: /_rels/.rels
15:54:33.552 [main] DEBUG org.apache.poi.ooxml.POIXMLFactory - using default POIXMLDocumentPart for http://schemas.microsoft.com/office/2017/10/relationships/person
15:54:33.559 [main] DEBUG org.apache.poi.openxml4j.opc.PackageRelationshipCollection - Parsing relationship: /xl/_rels/workbook.xml.rels
15:54:33.560 [main] DEBUG org.apache.poi.openxml4j.opc.PackageRelationshipCollection - Parsing relationship: /xl/worksheets/_rels/sheet1.xml.rels
15:54:33.560 [main] DEBUG org.apache.poi.openxml4j.opc.PackageRelationshipCollection - Parsing relationship: /_rels/.rels
15:54:33.562 [main] DEBUG org.apache.poi.ooxml.POIXMLFactory - using default POIXMLDocumentPart for http://schemas.microsoft.com/office/2017/10/relationships/person
15:54:33.567 [main] DEBUG org.apache.poi.openxml4j.opc.PackageRelationshipCollection - Parsing relationship: /xl/_rels/workbook.xml.rels
15:54:33.567 [main] DEBUG org.apache.poi.openxml4j.opc.PackageRelationshipCollection - Parsing relationship: /xl/worksheets/_rels/sheet1.xml.rels
15:54:33.567 [main] DEBUG org.apache.poi.openxml4j.opc.PackageRelationshipCollection - Parsing relationship: /_rels/.rels
15:54:33.570 [main] DEBUG org.apache.poi.ooxml.POIXMLFactory - using default POIXMLDocumentPart for http://schemas.microsoft.com/office/2017/10/relationships/person
15:54:33.576 [main] DEBUG org.apache.poi.openxml4j.opc.PackageRelationshipCollection - Parsing relationship: /xl/_rels/workbook.xml.rels
15:54:33.577 [main] DEBUG org.apache.poi.openxml4j.opc.PackageRelationshipCollection - Parsing relationship: /xl/worksheets/_rels/sheet1.xml.rels
15:54:33.577 [main] DEBUG org.apache.poi.openxml4j.opc.PackageRelationshipCollection - Parsing relationship: /_rels/.rels
15:54:33.579 [main] DEBUG org.apache.poi.ooxml.POIXMLFactory - using default POIXMLDocumentPart for http://schemas.microsoft.com/office/2017/10/relationships/person
15:54:33.583 [main] DEBUG org.apache.poi.openxml4j.opc.PackageRelationshipCollection - Parsing relationship: /xl/_rels/workbook.xml.rels
15:54:33.583 [main] DEBUG org.apache.poi.openxml4j.opc.PackageRelationshipCollection - Parsing relationship: /xl/worksheets/_rels/sheet1.xml.rels
15:54:33.583 [main] DEBUG org.apache.poi.openxml4j.opc.PackageRelationshipCollection - Parsing relationship: /_rels/.rels
15:54:33.585 [main] DEBUG org.apache.poi.ooxml.POIXMLFactory - using default POIXMLDocumentPart for http://schemas.microsoft.com/office/2017/10/relationships/person
15:54:33.590 [main] DEBUG org.apache.poi.openxml4j.opc.PackageRelationshipCollection - Parsing relationship: /xl/_rels/workbook.xml.rels
15:54:33.590 [main] DEBUG org.apache.poi.openxml4j.opc.PackageRelationshipCollection - Parsing relationship: /xl/worksheets/_rels/sheet1.xml.rels
15:54:33.591 [main] DEBUG org.apache.poi.openxml4j.opc.PackageRelationshipCollection - Parsing relationship: /_rels/.rels
15:54:33.593 [main] DEBUG org.apache.poi.ooxml.POIXMLFactory - using default POIXMLDocumentPart for http://schemas.microsoft.com/office/2017/10/relationships/person
15:54:33.597 [main] DEBUG org.apache.poi.openxml4j.opc.PackageRelationshipCollection - Parsing relationship: /xl/_rels/workbook.xml.rels
15:54:33.597 [main] DEBUG org.apache.poi.openxml4j.opc.PackageRelationshipCollection - Parsing relationship: /xl/worksheets/_rels/sheet1.xml.rels
15:54:33.597 [main] DEBUG org.apache.poi.openxml4j.opc.PackageRelationshipCollection - Parsing relationship: /_rels/.rels
15:54:33.599 [main] DEBUG org.apache.poi.ooxml.POIXMLFactory - using default POIXMLDocumentPart for http://schemas.microsoft.com/office/2017/10/relationships/person
15:54:33.603 [main] DEBUG org.apache.poi.openxml4j.opc.PackageRelationshipCollection - Parsing relationship: /xl/_rels/workbook.xml.rels
15:54:33.603 [main] DEBUG org.apache.poi.openxml4j.opc.PackageRelationshipCollection - Parsing relationship: /xl/worksheets/_rels/sheet1.xml.rels
15:54:33.603 [main] DEBUG org.apache.poi.openxml4j.opc.PackageRelationshipCollection - Parsing relationship: /_rels/.rels
15:54:33.605 [main] DEBUG org.apache.poi.ooxml.POIXMLFactory - using default POIXMLDocumentPart for http://schemas.microsoft.com/office/2017/10/relationships/person
15:54:33.609 [main] DEBUG org.apache.poi.openxml4j.opc.PackageRelationshipCollection - Parsing relationship: /xl/_rels/workbook.xml.rels
15:54:33.610 [main] DEBUG org.apache.poi.openxml4j.opc.PackageRelationshipCollection - Parsing relationship: /xl/worksheets/_rels/sheet1.xml.rels
15:54:33.610 [main] DEBUG org.apache.poi.openxml4j.opc.PackageRelationshipCollection - Parsing relationship: /_rels/.rels
15:54:33.611 [main] DEBUG org.apache.poi.ooxml.POIXMLFactory - using default POIXMLDocumentPart for http://schemas.microsoft.com/office/2017/10/relationships/person
15:54:33.615 [main] DEBUG org.apache.poi.openxml4j.opc.PackageRelationshipCollection - Parsing relationship: /xl/_rels/workbook.xml.rels
15:54:33.615 [main] DEBUG org.apache.poi.openxml4j.opc.PackageRelationshipCollection - Parsing relationship: /xl/worksheets/_rels/sheet1.xml.rels
15:54:33.615 [main] DEBUG org.apache.poi.openxml4j.opc.PackageRelationshipCollection - Parsing relationship: /_rels/.rels
15:54:33.617 [main] DEBUG org.apache.poi.ooxml.POIXMLFactory - using default POIXMLDocumentPart for http://schemas.microsoft.com/office/2017/10/relationships/person
15:54:33.621 [main] DEBUG org.apache.poi.openxml4j.opc.PackageRelationshipCollection - Parsing relationship: /xl/_rels/workbook.xml.rels
15:54:33.621 [main] DEBUG org.apache.poi.openxml4j.opc.PackageRelationshipCollection - Parsing relationship: /xl/worksheets/_rels/sheet1.xml.rels
15:54:33.621 [main] DEBUG org.apache.poi.openxml4j.opc.PackageRelationshipCollection - Parsing relationship: /_rels/.rels
15:54:33.623 [main] DEBUG org.apache.poi.ooxml.POIXMLFactory - using default POIXMLDocumentPart for http://schemas.microsoft.com/office/2017/10/relationships/person
15:54:33.628 [main] DEBUG org.apache.poi.openxml4j.opc.PackageRelationshipCollection - Parsing relationship: /xl/_rels/workbook.xml.rels
15:54:33.628 [main] DEBUG org.apache.poi.openxml4j.opc.PackageRelationshipCollection - Parsing relationship: /xl/worksheets/_rels/sheet1.xml.rels
15:54:33.628 [main] DEBUG org.apache.poi.openxml4j.opc.PackageRelationshipCollection - Parsing relationship: /_rels/.rels
15:54:33.631 [main] DEBUG org.apache.poi.ooxml.POIXMLFactory - using default POIXMLDocumentPart for http://schemas.microsoft.com/office/2017/10/relationships/person
15:54:33.635 [main] DEBUG org.apache.poi.openxml4j.opc.PackageRelationshipCollection - Parsing relationship: /xl/_rels/workbook.xml.rels
15:54:33.635 [main] DEBUG org.apache.poi.openxml4j.opc.PackageRelationshipCollection - Parsing relationship: /xl/worksheets/_rels/sheet1.xml.rels
15:54:33.635 [main] DEBUG org.apache.poi.openxml4j.opc.PackageRelationshipCollection - Parsing relationship: /_rels/.rels
15:54:33.637 [main] DEBUG org.apache.poi.ooxml.POIXMLFactory - using default POIXMLDocumentPart for http://schemas.microsoft.com/office/2017/10/relationships/person
15:54:33.641 [main] DEBUG org.apache.poi.openxml4j.opc.PackageRelationshipCollection - Parsing relationship: /xl/_rels/workbook.xml.rels
15:54:33.642 [main] DEBUG org.apache.poi.openxml4j.opc.PackageRelationshipCollection - Parsing relationship: /xl/worksheets/_rels/sheet1.xml.rels
15:54:33.642 [main] DEBUG org.apache.poi.openxml4j.opc.PackageRelationshipCollection - Parsing relationship: /_rels/.rels
15:54:33.644 [main] DEBUG org.apache.poi.ooxml.POIXMLFactory - using default POIXMLDocumentPart for http://schemas.microsoft.com/office/2017/10/relationships/person
15:54:33.647 [main] DEBUG org.apache.poi.openxml4j.opc.PackageRelationshipCollection - Parsing relationship: /xl/_rels/workbook.xml.rels
15:54:33.647 [main] DEBUG org.apache.poi.openxml4j.opc.PackageRelationshipCollection - Parsing relationship: /xl/worksheets/_rels/sheet1.xml.rels
15:54:33.647 [main] DEBUG org.apache.poi.openxml4j.opc.PackageRelationshipCollection - Parsing relationship: /_rels/.rels
15:54:33.649 [main] DEBUG org.apache.poi.ooxml.POIXMLFactory - using default POIXMLDocumentPart for http://schemas.microsoft.com/office/2017/10/relationships/person
15:54:33.654 [main] DEBUG org.apache.poi.openxml4j.opc.PackageRelationshipCollection - Parsing relationship: /xl/_rels/workbook.xml.rels
15:54:33.654 [main] DEBUG org.apache.poi.openxml4j.opc.PackageRelationshipCollection - Parsing relationship: /xl/worksheets/_rels/sheet1.xml.rels
15:54:33.654 [main] DEBUG org.apache.poi.openxml4j.opc.PackageRelationshipCollection - Parsing relationship: /_rels/.rels
15:54:33.656 [main] DEBUG org.apache.poi.ooxml.POIXMLFactory - using default POIXMLDocumentPart for http://schemas.microsoft.com/office/2017/10/relationships/person
15:54:33.661 [main] DEBUG org.apache.poi.openxml4j.opc.PackageRelationshipCollection - Parsing relationship: /xl/_rels/workbook.xml.rels
15:54:33.661 [main] DEBUG org.apache.poi.openxml4j.opc.PackageRelationshipCollection - Parsing relationship: /xl/worksheets/_rels/sheet1.xml.rels
15:54:33.661 [main] DEBUG org.apache.poi.openxml4j.opc.PackageRelationshipCollection - Parsing relationship: /_rels/.rels
15:54:33.663 [main] DEBUG org.apache.poi.ooxml.POIXMLFactory - using default POIXMLDocumentPart for http://schemas.microsoft.com/office/2017/10/relationships/person
15:54:33.667 [main] DEBUG org.apache.poi.openxml4j.opc.PackageRelationshipCollection - Parsing relationship: /xl/_rels/workbook.xml.rels
15:54:33.667 [main] DEBUG org.apache.poi.openxml4j.opc.PackageRelationshipCollection - Parsing relationship: /xl/worksheets/_rels/sheet1.xml.rels
15:54:33.667 [main] DEBUG org.apache.poi.openxml4j.opc.PackageRelationshipCollection - Parsing relationship: /_rels/.rels
15:54:33.668 [main] DEBUG org.apache.poi.ooxml.POIXMLFactory - using default POIXMLDocumentPart for http://schemas.microsoft.com/office/2017/10/relationships/person
15:54:33.672 [main] DEBUG org.apache.poi.openxml4j.opc.PackageRelationshipCollection - Parsing relationship: /xl/_rels/workbook.xml.rels
15:54:33.673 [main] DEBUG org.apache.poi.openxml4j.opc.PackageRelationshipCollection - Parsing relationship: /xl/worksheets/_rels/sheet1.xml.rels
15:54:33.673 [main] DEBUG org.apache.poi.openxml4j.opc.PackageRelationshipCollection - Parsing relationship: /_rels/.rels
15:54:33.675 [main] DEBUG org.apache.poi.ooxml.POIXMLFactory - using default POIXMLDocumentPart for http://schemas.microsoft.com/office/2017/10/relationships/person
15:54:33.679 [main] DEBUG org.apache.poi.openxml4j.opc.PackageRelationshipCollection - Parsing relationship: /xl/_rels/workbook.xml.rels
15:54:33.680 [main] DEBUG org.apache.poi.openxml4j.opc.PackageRelationshipCollection - Parsing relationship: /xl/worksheets/_rels/sheet1.xml.rels
15:54:33.680 [main] DEBUG org.apache.poi.openxml4j.opc.PackageRelationshipCollection - Parsing relationship: /_rels/.rels
15:54:33.682 [main] DEBUG org.apache.poi.ooxml.POIXMLFactory - using default POIXMLDocumentPart for http://schemas.microsoft.com/office/2017/10/relationships/person
15:54:33.685 [main] DEBUG org.apache.poi.openxml4j.opc.PackageRelationshipCollection - Parsing relationship: /xl/_rels/workbook.xml.rels
15:54:33.686 [main] DEBUG org.apache.poi.openxml4j.opc.PackageRelationshipCollection - Parsing relationship: /xl/worksheets/_rels/sheet1.xml.rels
15:54:33.686 [main] DEBUG org.apache.poi.openxml4j.opc.PackageRelationshipCollection - Parsing relationship: /_rels/.rels
15:54:33.687 [main] DEBUG org.apache.poi.ooxml.POIXMLFactory - using default POIXMLDocumentPart for http://schemas.microsoft.com/office/2017/10/relationships/person
15:54:33.692 [main] DEBUG org.apache.poi.openxml4j.opc.PackageRelationshipCollection - Parsing relationship: /xl/_rels/workbook.xml.rels
15:54:33.692 [main] DEBUG org.apache.poi.openxml4j.opc.PackageRelationshipCollection - Parsing relationship: /xl/worksheets/_rels/sheet1.xml.rels
15:54:33.692 [main] DEBUG org.apache.poi.openxml4j.opc.PackageRelationshipCollection - Parsing relationship: /_rels/.rels
15:54:33.694 [main] DEBUG org.apache.poi.ooxml.POIXMLFactory - using default POIXMLDocumentPart for http://schemas.microsoft.com/office/2017/10/relationships/person
15:54:33.697 [main] DEBUG org.apache.poi.openxml4j.opc.PackageRelationshipCollection - Parsing relationship: /xl/_rels/workbook.xml.rels
15:54:33.698 [main] DEBUG org.apache.poi.openxml4j.opc.PackageRelationshipCollection - Parsing relationship: /xl/worksheets/_rels/sheet1.xml.rels
15:54:33.698 [main] DEBUG org.apache.poi.openxml4j.opc.PackageRelationshipCollection - Parsing relationship: /_rels/.rels
15:54:33.699 [main] DEBUG org.apache.poi.ooxml.POIXMLFactory - using default POIXMLDocumentPart for http://schemas.microsoft.com/office/2017/10/relationships/person
15:54:33.703 [main] DEBUG org.apache.poi.openxml4j.opc.PackageRelationshipCollection - Parsing relationship: /xl/_rels/workbook.xml.rels
15:54:33.703 [main] DEBUG org.apache.poi.openxml4j.opc.PackageRelationshipCollection - Parsing relationship: /xl/worksheets/_rels/sheet1.xml.rels
15:54:33.703 [main] DEBUG org.apache.poi.openxml4j.opc.PackageRelationshipCollection - Parsing relationship: /_rels/.rels
15:54:33.705 [main] DEBUG org.apache.poi.ooxml.POIXMLFactory - using default POIXMLDocumentPart for http://schemas.microsoft.com/office/2017/10/relationships/person
15:54:33.710 [main] DEBUG org.apache.poi.openxml4j.opc.PackageRelationshipCollection - Parsing relationship: /xl/_rels/workbook.xml.rels
15:54:33.710 [main] DEBUG org.apache.poi.openxml4j.opc.PackageRelationshipCollection - Parsing relationship: /xl/worksheets/_rels/sheet1.xml.rels
15:54:33.710 [main] DEBUG org.apache.poi.openxml4j.opc.PackageRelationshipCollection - Parsing relationship: /_rels/.rels
15:54:33.712 [main] DEBUG org.apache.poi.ooxml.POIXMLFactory - using default POIXMLDocumentPart for http://schemas.microsoft.com/office/2017/10/relationships/person
15:54:33.716 [main] DEBUG org.apache.poi.openxml4j.opc.PackageRelationshipCollection - Parsing relationship: /xl/_rels/workbook.xml.rels
15:54:33.716 [main] DEBUG org.apache.poi.openxml4j.opc.PackageRelationshipCollection - Parsing relationship: /xl/worksheets/_rels/sheet1.xml.rels
15:54:33.716 [main] DEBUG org.apache.poi.openxml4j.opc.PackageRelationshipCollection - Parsing relationship: /_rels/.rels
15:54:33.718 [main] DEBUG org.apache.poi.ooxml.POIXMLFactory - using default POIXMLDocumentPart for http://schemas.microsoft.com/office/2017/10/relationships/person
15:54:33.722 [main] DEBUG org.apache.poi.openxml4j.opc.PackageRelationshipCollection - Parsing relationship: /xl/_rels/workbook.xml.rels
15:54:33.722 [main] DEBUG org.apache.poi.openxml4j.opc.PackageRelationshipCollection - Parsing relationship: /xl/worksheets/_rels/sheet1.xml.rels
15:54:33.722 [main] DEBUG org.apache.poi.openxml4j.opc.PackageRelationshipCollection - Parsing relationship: /_rels/.rels
15:54:33.726 [main] DEBUG org.apache.poi.ooxml.POIXMLFactory - using default POIXMLDocumentPart for http://schemas.microsoft.com/office/2017/10/relationships/person
15:54:33.730 [main] DEBUG org.apache.poi.openxml4j.opc.PackageRelationshipCollection - Parsing relationship: /xl/_rels/workbook.xml.rels
15:54:33.730 [main] DEBUG org.apache.poi.openxml4j.opc.PackageRelationshipCollection - Parsing relationship: /xl/worksheets/_rels/sheet1.xml.rels
15:54:33.730 [main] DEBUG org.apache.poi.openxml4j.opc.PackageRelationshipCollection - Parsing relationship: /_rels/.rels
15:54:33.732 [main] DEBUG org.apache.poi.ooxml.POIXMLFactory - using default POIXMLDocumentPart for http://schemas.microsoft.com/office/2017/10/relationships/person
15:54:33.737 [main] DEBUG org.apache.poi.openxml4j.opc.PackageRelationshipCollection - Parsing relationship: /xl/_rels/workbook.xml.rels
15:54:33.737 [main] DEBUG org.apache.poi.openxml4j.opc.PackageRelationshipCollection - Parsing relationship: /xl/worksheets/_rels/sheet1.xml.rels
15:54:33.737 [main] DEBUG org.apache.poi.openxml4j.opc.PackageRelationshipCollection - Parsing relationship: /_rels/.rels
15:54:33.739 [main] DEBUG org.apache.poi.ooxml.POIXMLFactory - using default POIXMLDocumentPart for http://schemas.microsoft.com/office/2017/10/relationships/person
15:54:33.746 [main] DEBUG org.apache.poi.openxml4j.opc.PackageRelationshipCollection - Parsing relationship: /xl/_rels/workbook.xml.rels
15:54:33.746 [main] DEBUG org.apache.poi.openxml4j.opc.PackageRelationshipCollection - Parsing relationship: /xl/worksheets/_rels/sheet1.xml.rels
15:54:33.746 [main] DEBUG org.apache.poi.openxml4j.opc.PackageRelationshipCollection - Parsing relationship: /_rels/.rels
15:54:33.748 [main] DEBUG org.apache.poi.ooxml.POIXMLFactory - using default POIXMLDocumentPart for http://schemas.microsoft.com/office/2017/10/relationships/person
15:54:33.752 [main] DEBUG org.apache.poi.openxml4j.opc.PackageRelationshipCollection - Parsing relationship: /xl/_rels/workbook.xml.rels
15:54:33.752 [main] DEBUG org.apache.poi.openxml4j.opc.PackageRelationshipCollection - Parsing relationship: /xl/worksheets/_rels/sheet1.xml.rels
15:54:33.752 [main] DEBUG org.apache.poi.openxml4j.opc.PackageRelationshipCollection - Parsing relationship: /_rels/.rels
15:54:33.754 [main] DEBUG org.apache.poi.ooxml.POIXMLFactory - using default POIXMLDocumentPart for http://schemas.microsoft.com/office/2017/10/relationships/person
15:54:33.760 [main] DEBUG org.apache.poi.openxml4j.opc.PackageRelationshipCollection - Parsing relationship: /xl/_rels/workbook.xml.rels
15:54:33.760 [main] DEBUG org.apache.poi.openxml4j.opc.PackageRelationshipCollection - Parsing relationship: /xl/worksheets/_rels/sheet1.xml.rels
15:54:33.760 [main] DEBUG org.apache.poi.openxml4j.opc.PackageRelationshipCollection - Parsing relationship: /_rels/.rels
15:54:33.763 [main] DEBUG org.apache.poi.ooxml.POIXMLFactory - using default POIXMLDocumentPart for http://schemas.microsoft.com/office/2017/10/relationships/person
15:54:33.767 [main] DEBUG org.apache.poi.openxml4j.opc.PackageRelationshipCollection - Parsing relationship: /xl/_rels/workbook.xml.rels
15:54:33.768 [main] DEBUG org.apache.poi.openxml4j.opc.PackageRelationshipCollection - Parsing relationship: /xl/worksheets/_rels/sheet1.xml.rels
15:54:33.768 [main] DEBUG org.apache.poi.openxml4j.opc.PackageRelationshipCollection - Parsing relationship: /_rels/.rels
15:54:33.769 [main] DEBUG org.apache.poi.ooxml.POIXMLFactory - using default POIXMLDocumentPart for http://schemas.microsoft.com/office/2017/10/relationships/person
15:54:33.777 [main] DEBUG org.apache.poi.openxml4j.opc.PackageRelationshipCollection - Parsing relationship: /xl/_rels/workbook.xml.rels
15:54:33.777 [main] DEBUG org.apache.poi.openxml4j.opc.PackageRelationshipCollection - Parsing relationship: /xl/worksheets/_rels/sheet1.xml.rels
15:54:33.777 [main] DEBUG org.apache.poi.openxml4j.opc.PackageRelationshipCollection - Parsing relationship: /_rels/.rels
15:54:33.779 [main] DEBUG org.apache.poi.ooxml.POIXMLFactory - using default POIXMLDocumentPart for http://schemas.microsoft.com/office/2017/10/relationships/person
15:54:33.784 [main] DEBUG org.apache.poi.openxml4j.opc.PackageRelationshipCollection - Parsing relationship: /xl/_rels/workbook.xml.rels
15:54:33.784 [main] DEBUG org.apache.poi.openxml4j.opc.PackageRelationshipCollection - Parsing relationship: /xl/worksheets/_rels/sheet1.xml.rels
15:54:33.784 [main] DEBUG org.apache.poi.openxml4j.opc.PackageRelationshipCollection - Parsing relationship: /_rels/.rels
15:54:33.786 [main] DEBUG org.apache.poi.ooxml.POIXMLFactory - using default POIXMLDocumentPart for http://schemas.microsoft.com/office/2017/10/relationships/person
15:54:33.790 [main] DEBUG org.apache.poi.openxml4j.opc.PackageRelationshipCollection - Parsing relationship: /xl/_rels/workbook.xml.rels
15:54:33.791 [main] DEBUG org.apache.poi.openxml4j.opc.PackageRelationshipCollection - Parsing relationship: /xl/worksheets/_rels/sheet1.xml.rels
15:54:33.791 [main] DEBUG org.apache.poi.openxml4j.opc.PackageRelationshipCollection - Parsing relationship: /_rels/.rels
15:54:33.793 [main] DEBUG org.apache.poi.ooxml.POIXMLFactory - using default POIXMLDocumentPart for http://schemas.microsoft.com/office/2017/10/relationships/person
15:54:33.797 [main] DEBUG org.apache.poi.openxml4j.opc.PackageRelationshipCollection - Parsing relationship: /xl/_rels/workbook.xml.rels
15:54:33.797 [main] DEBUG org.apache.poi.openxml4j.opc.PackageRelationshipCollection - Parsing relationship: /xl/worksheets/_rels/sheet1.xml.rels
15:54:33.797 [main] DEBUG org.apache.poi.openxml4j.opc.PackageRelationshipCollection - Parsing relationship: /_rels/.rels
15:54:33.799 [main] DEBUG org.apache.poi.ooxml.POIXMLFactory - using default POIXMLDocumentPart for http://schemas.microsoft.com/office/2017/10/relationships/person
15:54:33.806 [main] DEBUG org.apache.poi.openxml4j.opc.PackageRelationshipCollection - Parsing relationship: /xl/_rels/workbook.xml.rels
15:54:33.806 [main] DEBUG org.apache.poi.openxml4j.opc.PackageRelationshipCollection - Parsing relationship: /xl/worksheets/_rels/sheet1.xml.rels
15:54:33.806 [main] DEBUG org.apache.poi.openxml4j.opc.PackageRelationshipCollection - Parsing relationship: /_rels/.rels
15:54:33.809 [main] DEBUG org.apache.poi.ooxml.POIXMLFactory - using default POIXMLDocumentPart for http://schemas.microsoft.com/office/2017/10/relationships/person
15:54:33.813 [main] DEBUG org.apache.poi.openxml4j.opc.PackageRelationshipCollection - Parsing relationship: /xl/_rels/workbook.xml.rels
15:54:33.813 [main] DEBUG org.apache.poi.openxml4j.opc.PackageRelationshipCollection - Parsing relationship: /xl/worksheets/_rels/sheet1.xml.rels
15:54:33.813 [main] DEBUG org.apache.poi.openxml4j.opc.PackageRelationshipCollection - Parsing relationship: /_rels/.rels
15:54:33.815 [main] DEBUG org.apache.poi.ooxml.POIXMLFactory - using default POIXMLDocumentPart for http://schemas.microsoft.com/office/2017/10/relationships/person
15:54:33.819 [main] DEBUG org.apache.poi.openxml4j.opc.PackageRelationshipCollection - Parsing relationship: /xl/_rels/workbook.xml.rels
15:54:33.819 [main] DEBUG org.apache.poi.openxml4j.opc.PackageRelationshipCollection - Parsing relationship: /xl/worksheets/_rels/sheet1.xml.rels
15:54:33.819 [main] DEBUG org.apache.poi.openxml4j.opc.PackageRelationshipCollection - Parsing relationship: /_rels/.rels
15:54:33.820 [main] DEBUG org.apache.poi.ooxml.POIXMLFactory - using default POIXMLDocumentPart for http://schemas.microsoft.com/office/2017/10/relationships/person
15:54:33.825 [main] DEBUG org.apache.poi.openxml4j.opc.PackageRelationshipCollection - Parsing relationship: /xl/_rels/workbook.xml.rels
15:54:33.825 [main] DEBUG org.apache.poi.openxml4j.opc.PackageRelationshipCollection - Parsing relationship: /xl/worksheets/_rels/sheet1.xml.rels
15:54:33.825 [main] DEBUG org.apache.poi.openxml4j.opc.PackageRelationshipCollection - Parsing relationship: /_rels/.rels
15:54:33.827 [main] DEBUG org.apache.poi.ooxml.POIXMLFactory - using default POIXMLDocumentPart for http://schemas.microsoft.com/office/2017/10/relationships/person
15:54:33.830 [main] DEBUG org.apache.poi.openxml4j.opc.PackageRelationshipCollection - Parsing relationship: /xl/_rels/workbook.xml.rels
15:54:33.831 [main] DEBUG org.apache.poi.openxml4j.opc.PackageRelationshipCollection - Parsing relationship: /xl/worksheets/_rels/sheet1.xml.rels
15:54:33.831 [main] DEBUG org.apache.poi.openxml4j.opc.PackageRelationshipCollection - Parsing relationship: /_rels/.rels
15:54:33.832 [main] DEBUG org.apache.poi.ooxml.POIXMLFactory - using default POIXMLDocumentPart for http://schemas.microsoft.com/office/2017/10/relationships/person
15:54:33.836 [main] DEBUG org.apache.poi.openxml4j.opc.PackageRelationshipCollection - Parsing relationship: /xl/_rels/workbook.xml.rels
15:54:33.836 [main] DEBUG org.apache.poi.openxml4j.opc.PackageRelationshipCollection - Parsing relationship: /xl/worksheets/_rels/sheet1.xml.rels
15:54:33.836 [main] DEBUG org.apache.poi.openxml4j.opc.PackageRelationshipCollection - Parsing relationship: /_rels/.rels
15:54:33.838 [main] DEBUG org.apache.poi.ooxml.POIXMLFactory - using default POIXMLDocumentPart for http://schemas.microsoft.com/office/2017/10/relationships/person
15:54:33.844 [main] DEBUG org.apache.poi.openxml4j.opc.PackageRelationshipCollection - Parsing relationship: /xl/_rels/workbook.xml.rels
15:54:33.844 [main] DEBUG org.apache.poi.openxml4j.opc.PackageRelationshipCollection - Parsing relationship: /xl/worksheets/_rels/sheet1.xml.rels
15:54:33.844 [main] DEBUG org.apache.poi.openxml4j.opc.PackageRelationshipCollection - Parsing relationship: /_rels/.rels
15:54:33.846 [main] DEBUG org.apache.poi.ooxml.POIXMLFactory - using default POIXMLDocumentPart for http://schemas.microsoft.com/office/2017/10/relationships/person
15:54:33.849 [main] DEBUG org.apache.poi.openxml4j.opc.PackageRelationshipCollection - Parsing relationship: /xl/_rels/workbook.xml.rels
15:54:33.850 [main] DEBUG org.apache.poi.openxml4j.opc.PackageRelationshipCollection - Parsing relationship: /xl/worksheets/_rels/sheet1.xml.rels
15:54:33.850 [main] DEBUG org.apache.poi.openxml4j.opc.PackageRelationshipCollection - Parsing relationship: /_rels/.rels
15:54:33.851 [main] DEBUG org.apache.poi.ooxml.POIXMLFactory - using default POIXMLDocumentPart for http://schemas.microsoft.com/office/2017/10/relationships/person
15:54:33.855 [main] DEBUG org.apache.poi.openxml4j.opc.PackageRelationshipCollection - Parsing relationship: /xl/_rels/workbook.xml.rels
15:54:33.855 [main] DEBUG org.apache.poi.openxml4j.opc.PackageRelationshipCollection - Parsing relationship: /xl/worksheets/_rels/sheet1.xml.rels
15:54:33.855 [main] DEBUG org.apache.poi.openxml4j.opc.PackageRelationshipCollection - Parsing relationship: /_rels/.rels
15:54:33.857 [main] DEBUG org.apache.poi.ooxml.POIXMLFactory - using default POIXMLDocumentPart for http://schemas.microsoft.com/office/2017/10/relationships/person
15:54:33.862 [main] DEBUG org.apache.poi.openxml4j.opc.PackageRelationshipCollection - Parsing relationship: /xl/_rels/workbook.xml.rels
15:54:33.862 [main] DEBUG org.apache.poi.openxml4j.opc.PackageRelationshipCollection - Parsing relationship: /xl/worksheets/_rels/sheet1.xml.rels
15:54:33.862 [main] DEBUG org.apache.poi.openxml4j.opc.PackageRelationshipCollection - Parsing relationship: /_rels/.rels
15:54:33.864 [main] DEBUG org.apache.poi.ooxml.POIXMLFactory - using default POIXMLDocumentPart for http://schemas.microsoft.com/office/2017/10/relationships/person
15:54:33.868 [main] DEBUG org.apache.poi.openxml4j.opc.PackageRelationshipCollection - Parsing relationship: /xl/_rels/workbook.xml.rels
15:54:33.868 [main] DEBUG org.apache.poi.openxml4j.opc.PackageRelationshipCollection - Parsing relationship: /xl/worksheets/_rels/sheet1.xml.rels
15:54:33.868 [main] DEBUG org.apache.poi.openxml4j.opc.PackageRelationshipCollection - Parsing relationship: /_rels/.rels
15:54:33.870 [main] DEBUG org.apache.poi.ooxml.POIXMLFactory - using default POIXMLDocumentPart for http://schemas.microsoft.com/office/2017/10/relationships/person
15:54:33.873 [main] DEBUG org.apache.poi.openxml4j.opc.PackageRelationshipCollection - Parsing relationship: /xl/_rels/workbook.xml.rels
15:54:33.873 [main] DEBUG org.apache.poi.openxml4j.opc.PackageRelationshipCollection - Parsing relationship: /xl/worksheets/_rels/sheet1.xml.rels
15:54:33.874 [main] DEBUG org.apache.poi.openxml4j.opc.PackageRelationshipCollection - Parsing relationship: /_rels/.rels
15:54:33.876 [main] DEBUG org.apache.poi.ooxml.POIXMLFactory - using default POIXMLDocumentPart for http://schemas.microsoft.com/office/2017/10/relationships/person
15:54:33.879 [main] DEBUG org.apache.poi.openxml4j.opc.PackageRelationshipCollection - Parsing relationship: /xl/_rels/workbook.xml.rels
15:54:33.880 [main] DEBUG org.apache.poi.openxml4j.opc.PackageRelationshipCollection - Parsing relationship: /xl/worksheets/_rels/sheet1.xml.rels
15:54:33.880 [main] DEBUG org.apache.poi.openxml4j.opc.PackageRelationshipCollection - Parsing relationship: /_rels/.rels
15:54:33.881 [main] DEBUG org.apache.poi.ooxml.POIXMLFactory - using default POIXMLDocumentPart for http://schemas.microsoft.com/office/2017/10/relationships/person
15:54:33.885 [main] DEBUG org.apache.poi.openxml4j.opc.PackageRelationshipCollection - Parsing relationship: /xl/_rels/workbook.xml.rels
15:54:33.885 [main] DEBUG org.apache.poi.openxml4j.opc.PackageRelationshipCollection - Parsing relationship: /xl/worksheets/_rels/sheet1.xml.rels
15:54:33.885 [main] DEBUG org.apache.poi.openxml4j.opc.PackageRelationshipCollection - Parsing relationship: /_rels/.rels
15:54:33.887 [main] DEBUG org.apache.poi.ooxml.POIXMLFactory - using default POIXMLDocumentPart for http://schemas.microsoft.com/office/2017/10/relationships/person
15:54:33.891 [main] DEBUG org.apache.poi.openxml4j.opc.PackageRelationshipCollection - Parsing relationship: /xl/_rels/workbook.xml.rels
15:54:33.892 [main] DEBUG org.apache.poi.openxml4j.opc.PackageRelationshipCollection - Parsing relationship: /xl/worksheets/_rels/sheet1.xml.rels
15:54:33.892 [main] DEBUG org.apache.poi.openxml4j.opc.PackageRelationshipCollection - Parsing relationship: /_rels/.rels
15:54:33.894 [main] DEBUG org.apache.poi.ooxml.POIXMLFactory - using default POIXMLDocumentPart for http://schemas.microsoft.com/office/2017/10/relationships/person
15:54:33.897 [main] DEBUG org.apache.poi.openxml4j.opc.PackageRelationshipCollection - Parsing relationship: /xl/_rels/workbook.xml.rels
15:54:33.897 [main] DEBUG org.apache.poi.openxml4j.opc.PackageRelationshipCollection - Parsing relationship: /xl/worksheets/_rels/sheet1.xml.rels
15:54:33.898 [main] DEBUG org.apache.poi.openxml4j.opc.PackageRelationshipCollection - Parsing relationship: /_rels/.rels
15:54:33.899 [main] DEBUG org.apache.poi.ooxml.POIXMLFactory - using default POIXMLDocumentPart for http://schemas.microsoft.com/office/2017/10/relationships/person
15:54:33.903 [main] DEBUG org.apache.poi.openxml4j.opc.PackageRelationshipCollection - Parsing relationship: /xl/_rels/workbook.xml.rels
15:54:33.903 [main] DEBUG org.apache.poi.openxml4j.opc.PackageRelationshipCollection - Parsing relationship: /xl/worksheets/_rels/sheet1.xml.rels
15:54:33.904 [main] DEBUG org.apache.poi.openxml4j.opc.PackageRelationshipCollection - Parsing relationship: /_rels/.rels
15:54:33.905 [main] DEBUG org.apache.poi.ooxml.POIXMLFactory - using default POIXMLDocumentPart for http://schemas.microsoft.com/office/2017/10/relationships/person
15:54:33.910 [main] DEBUG org.apache.poi.openxml4j.opc.PackageRelationshipCollection - Parsing relationship: /xl/_rels/workbook.xml.rels
15:54:33.910 [main] DEBUG org.apache.poi.openxml4j.opc.PackageRelationshipCollection - Parsing relationship: /xl/worksheets/_rels/sheet1.xml.rels
15:54:33.910 [main] DEBUG org.apache.poi.openxml4j.opc.PackageRelationshipCollection - Parsing relationship: /_rels/.rels
15:54:33.912 [main] DEBUG org.apache.poi.ooxml.POIXMLFactory - using default POIXMLDocumentPart for http://schemas.microsoft.com/office/2017/10/relationships/person
15:54:33.915 [main] DEBUG org.apache.poi.openxml4j.opc.PackageRelationshipCollection - Parsing relationship: /xl/_rels/workbook.xml.rels
15:54:33.916 [main] DEBUG org.apache.poi.openxml4j.opc.PackageRelationshipCollection - Parsing relationship: /xl/worksheets/_rels/sheet1.xml.rels
15:54:33.916 [main] DEBUG org.apache.poi.openxml4j.opc.PackageRelationshipCollection - Parsing relationship: /_rels/.rels
15:54:33.917 [main] DEBUG org.apache.poi.ooxml.POIXMLFactory - using default POIXMLDocumentPart for http://schemas.microsoft.com/office/2017/10/relationships/person
15:54:33.921 [main] DEBUG org.apache.poi.openxml4j.opc.PackageRelationshipCollection - Parsing relationship: /xl/_rels/workbook.xml.rels
15:54:33.921 [main] DEBUG org.apache.poi.openxml4j.opc.PackageRelationshipCollection - Parsing relationship: /xl/worksheets/_rels/sheet1.xml.rels
15:54:33.922 [main] DEBUG org.apache.poi.openxml4j.opc.PackageRelationshipCollection - Parsing relationship: /_rels/.rels
15:54:33.923 [main] DEBUG org.apache.poi.ooxml.POIXMLFactory - using default POIXMLDocumentPart for http://schemas.microsoft.com/office/2017/10/relationships/person
15:54:33.928 [main] DEBUG org.apache.poi.openxml4j.opc.PackageRelationshipCollection - Parsing relationship: /xl/_rels/workbook.xml.rels
15:54:33.928 [main] DEBUG org.apache.poi.openxml4j.opc.PackageRelationshipCollection - Parsing relationship: /xl/worksheets/_rels/sheet1.xml.rels
15:54:33.928 [main] DEBUG org.apache.poi.openxml4j.opc.PackageRelationshipCollection - Parsing relationship: /_rels/.rels
15:54:33.929 [main] DEBUG org.apache.poi.ooxml.POIXMLFactory - using default POIXMLDocumentPart for http://schemas.microsoft.com/office/2017/10/relationships/person
15:54:33.933 [main] DEBUG org.apache.poi.openxml4j.opc.PackageRelationshipCollection - Parsing relationship: /xl/_rels/workbook.xml.rels
15:54:33.933 [main] DEBUG org.apache.poi.openxml4j.opc.PackageRelationshipCollection - Parsing relationship: /xl/worksheets/_rels/sheet1.xml.rels
15:54:33.933 [main] DEBUG org.apache.poi.openxml4j.opc.PackageRelationshipCollection - Parsing relationship: /_rels/.rels
15:54:33.934 [main] DEBUG org.apache.poi.ooxml.POIXMLFactory - using default POIXMLDocumentPart for http://schemas.microsoft.com/office/2017/10/relationships/person
15:54:33.938 [main] DEBUG org.apache.poi.openxml4j.opc.PackageRelationshipCollection - Parsing relationship: /xl/_rels/workbook.xml.rels
15:54:33.938 [main] DEBUG org.apache.poi.openxml4j.opc.PackageRelationshipCollection - Parsing relationship: /xl/worksheets/_rels/sheet1.xml.rels
15:54:33.939 [main] DEBUG org.apache.poi.openxml4j.opc.PackageRelationshipCollection - Parsing relationship: /_rels/.rels
15:54:33.942 [main] DEBUG org.apache.poi.ooxml.POIXMLFactory - using default POIXMLDocumentPart for http://schemas.microsoft.com/office/2017/10/relationships/person
15:54:33.946 [main] DEBUG org.apache.poi.openxml4j.opc.PackageRelationshipCollection - Parsing relationship: /xl/_rels/workbook.xml.rels
15:54:33.946 [main] DEBUG org.apache.poi.openxml4j.opc.PackageRelationshipCollection - Parsing relationship: /xl/worksheets/_rels/sheet1.xml.rels
15:54:33.947 [main] DEBUG org.apache.poi.openxml4j.opc.PackageRelationshipCollection - Parsing relationship: /_rels/.rels
15:54:33.948 [main] DEBUG org.apache.poi.ooxml.POIXMLFactory - using default POIXMLDocumentPart for http://schemas.microsoft.com/office/2017/10/relationships/person
15:54:33.952 [main] DEBUG org.apache.poi.openxml4j.opc.PackageRelationshipCollection - Parsing relationship: /xl/_rels/workbook.xml.rels
15:54:33.953 [main] DEBUG org.apache.poi.openxml4j.opc.PackageRelationshipCollection - Parsing relationship: /xl/worksheets/_rels/sheet1.xml.rels
15:54:33.953 [main] DEBUG org.apache.poi.openxml4j.opc.PackageRelationshipCollection - Parsing relationship: /_rels/.rels
15:54:33.955 [main] DEBUG org.apache.poi.ooxml.POIXMLFactory - using default POIXMLDocumentPart for http://schemas.microsoft.com/office/2017/10/relationships/person
15:54:33.960 [main] DEBUG org.apache.poi.openxml4j.opc.PackageRelationshipCollection - Parsing relationship: /xl/_rels/workbook.xml.rels
15:54:33.961 [main] DEBUG org.apache.poi.openxml4j.opc.PackageRelationshipCollection - Parsing relationship: /xl/worksheets/_rels/sheet1.xml.rels
15:54:33.961 [main] DEBUG org.apache.poi.openxml4j.opc.PackageRelationshipCollection - Parsing relationship: /_rels/.rels
15:54:33.963 [main] DEBUG org.apache.poi.ooxml.POIXMLFactory - using default POIXMLDocumentPart for http://schemas.microsoft.com/office/2017/10/relationships/person
15:54:33.966 [main] DEBUG org.apache.poi.openxml4j.opc.PackageRelationshipCollection - Parsing relationship: /xl/_rels/workbook.xml.rels
15:54:33.967 [main] DEBUG org.apache.poi.openxml4j.opc.PackageRelationshipCollection - Parsing relationship: /xl/worksheets/_rels/sheet1.xml.rels
15:54:33.967 [main] DEBUG org.apache.poi.openxml4j.opc.PackageRelationshipCollection - Parsing relationship: /_rels/.rels
15:54:33.968 [main] DEBUG org.apache.poi.ooxml.POIXMLFactory - using default POIXMLDocumentPart for http://schemas.microsoft.com/office/2017/10/relationships/person
15:54:33.972 [main] DEBUG org.apache.poi.openxml4j.opc.PackageRelationshipCollection - Parsing relationship: /xl/_rels/workbook.xml.rels
15:54:33.972 [main] DEBUG org.apache.poi.openxml4j.opc.PackageRelationshipCollection - Parsing relationship: /xl/worksheets/_rels/sheet1.xml.rels
15:54:33.972 [main] DEBUG org.apache.poi.openxml4j.opc.PackageRelationshipCollection - Parsing relationship: /_rels/.rels
15:54:33.976 [main] DEBUG org.apache.poi.ooxml.POIXMLFactory - using default POIXMLDocumentPart for http://schemas.microsoft.com/office/2017/10/relationships/person
15:54:33.980 [main] DEBUG org.apache.poi.openxml4j.opc.PackageRelationshipCollection - Parsing relationship: /xl/_rels/workbook.xml.rels
15:54:33.980 [main] DEBUG org.apache.poi.openxml4j.opc.PackageRelationshipCollection - Parsing relationship: /xl/worksheets/_rels/sheet1.xml.rels
15:54:33.980 [main] DEBUG org.apache.poi.openxml4j.opc.PackageRelationshipCollection - Parsing relationship: /_rels/.rels
15:54:33.981 [main] DEBUG org.apache.poi.ooxml.POIXMLFactory - using default POIXMLDocumentPart for http://schemas.microsoft.com/office/2017/10/relationships/person
15:54:33.985 [main] DEBUG org.apache.poi.openxml4j.opc.PackageRelationshipCollection - Parsing relationship: /xl/_rels/workbook.xml.rels
15:54:33.985 [main] DEBUG org.apache.poi.openxml4j.opc.PackageRelationshipCollection - Parsing relationship: /xl/worksheets/_rels/sheet1.xml.rels
15:54:33.985 [main] DEBUG org.apache.poi.openxml4j.opc.PackageRelationshipCollection - Parsing relationship: /_rels/.rels
15:54:33.987 [main] DEBUG org.apache.poi.ooxml.POIXMLFactory - using default POIXMLDocumentPart for http://schemas.microsoft.com/office/2017/10/relationships/person
15:54:33.991 [main] DEBUG org.apache.poi.openxml4j.opc.PackageRelationshipCollection - Parsing relationship: /xl/_rels/workbook.xml.rels
15:54:33.991 [main] DEBUG org.apache.poi.openxml4j.opc.PackageRelationshipCollection - Parsing relationship: /xl/worksheets/_rels/sheet1.xml.rels
15:54:33.991 [main] DEBUG org.apache.poi.openxml4j.opc.PackageRelationshipCollection - Parsing relationship: /_rels/.rels
15:54:33.993 [main] DEBUG org.apache.poi.ooxml.POIXMLFactory - using default POIXMLDocumentPart for http://schemas.microsoft.com/office/2017/10/relationships/person
15:54:33.997 [main] DEBUG org.apache.poi.openxml4j.opc.PackageRelationshipCollection - Parsing relationship: /xl/_rels/workbook.xml.rels
15:54:33.997 [main] DEBUG org.apache.poi.openxml4j.opc.PackageRelationshipCollection - Parsing relationship: /xl/worksheets/_rels/sheet1.xml.rels
15:54:33.997 [main] DEBUG org.apache.poi.openxml4j.opc.PackageRelationshipCollection - Parsing relationship: /_rels/.rels
15:54:33.999 [main] DEBUG org.apache.poi.ooxml.POIXMLFactory - using default POIXMLDocumentPart for http://schemas.microsoft.com/office/2017/10/relationships/person
15:54:34.006 [main] DEBUG org.apache.poi.openxml4j.opc.PackageRelationshipCollection - Parsing relationship: /xl/_rels/workbook.xml.rels
15:54:34.006 [main] DEBUG org.apache.poi.openxml4j.opc.PackageRelationshipCollection - Parsing relationship: /xl/worksheets/_rels/sheet1.xml.rels
15:54:34.006 [main] DEBUG org.apache.poi.openxml4j.opc.PackageRelationshipCollection - Parsing relationship: /_rels/.rels
15:54:34.009 [main] DEBUG org.apache.poi.ooxml.POIXMLFactory - using default POIXMLDocumentPart for http://schemas.microsoft.com/office/2017/10/relationships/person
15:54:34.013 [main] DEBUG org.apache.poi.openxml4j.opc.PackageRelationshipCollection - Parsing relationship: /xl/_rels/workbook.xml.rels
15:54:34.013 [main] DEBUG org.apache.poi.openxml4j.opc.PackageRelationshipCollection - Parsing relationship: /xl/worksheets/_rels/sheet1.xml.rels
15:54:34.013 [main] DEBUG org.apache.poi.openxml4j.opc.PackageRelationshipCollection - Parsing relationship: /_rels/.rels
15:54:34.015 [main] DEBUG org.apache.poi.ooxml.POIXMLFactory - using default POIXMLDocumentPart for http://schemas.microsoft.com/office/2017/10/relationships/person
15:54:34.018 [main] DEBUG org.apache.poi.openxml4j.opc.PackageRelationshipCollection - Parsing relationship: /xl/_rels/workbook.xml.rels
15:54:34.019 [main] DEBUG org.apache.poi.openxml4j.opc.PackageRelationshipCollection - Parsing relationship: /xl/worksheets/_rels/sheet1.xml.rels
15:54:34.019 [main] DEBUG org.apache.poi.openxml4j.opc.PackageRelationshipCollection - Parsing relationship: /_rels/.rels
15:54:34.020 [main] DEBUG org.apache.poi.ooxml.POIXMLFactory - using default POIXMLDocumentPart for http://schemas.microsoft.com/office/2017/10/relationships/person
15:54:34.025 [main] DEBUG org.apache.poi.openxml4j.opc.PackageRelationshipCollection - Parsing relationship: /xl/_rels/workbook.xml.rels
15:54:34.025 [main] DEBUG org.apache.poi.openxml4j.opc.PackageRelationshipCollection - Parsing relationship: /xl/worksheets/_rels/sheet1.xml.rels
15:54:34.025 [main] DEBUG org.apache.poi.openxml4j.opc.PackageRelationshipCollection - Parsing relationship: /_rels/.rels
15:54:34.027 [main] DEBUG org.apache.poi.ooxml.POIXMLFactory - using default POIXMLDocumentPart for http://schemas.microsoft.com/office/2017/10/relationships/person
15:54:34.030 [main] DEBUG org.apache.poi.openxml4j.opc.PackageRelationshipCollection - Parsing relationship: /xl/_rels/workbook.xml.rels
15:54:34.031 [main] DEBUG org.apache.poi.openxml4j.opc.PackageRelationshipCollection - Parsing relationship: /xl/worksheets/_rels/sheet1.xml.rels
15:54:34.031 [main] DEBUG org.apache.poi.openxml4j.opc.PackageRelationshipCollection - Parsing relationship: /_rels/.rels
15:54:34.032 [main] DEBUG org.apache.poi.ooxml.POIXMLFactory - using default POIXMLDocumentPart for http://schemas.microsoft.com/office/2017/10/relationships/person
15:54:34.036 [main] DEBUG org.apache.poi.openxml4j.opc.PackageRelationshipCollection - Parsing relationship: /xl/_rels/workbook.xml.rels
15:54:34.036 [main] DEBUG org.apache.poi.openxml4j.opc.PackageRelationshipCollection - Parsing relationship: /xl/worksheets/_rels/sheet1.xml.rels
15:54:34.036 [main] DEBUG org.apache.poi.openxml4j.opc.PackageRelationshipCollection - Parsing relationship: /_rels/.rels
15:54:34.038 [main] DEBUG org.apache.poi.ooxml.POIXMLFactory - using default POIXMLDocumentPart for http://schemas.microsoft.com/office/2017/10/relationships/person
15:54:34.044 [main] DEBUG org.apache.poi.openxml4j.opc.PackageRelationshipCollection - Parsing relationship: /xl/_rels/workbook.xml.rels
15:54:34.044 [main] DEBUG org.apache.poi.openxml4j.opc.PackageRelationshipCollection - Parsing relationship: /xl/worksheets/_rels/sheet1.xml.rels
15:54:34.044 [main] DEBUG org.apache.poi.openxml4j.opc.PackageRelationshipCollection - Parsing relationship: /_rels/.rels
15:54:34.046 [main] DEBUG org.apache.poi.ooxml.POIXMLFactory - using default POIXMLDocumentPart for http://schemas.microsoft.com/office/2017/10/relationships/person
15:54:34.050 [main] DEBUG org.apache.poi.openxml4j.opc.PackageRelationshipCollection - Parsing relationship: /xl/_rels/workbook.xml.rels
15:54:34.050 [main] DEBUG org.apache.poi.openxml4j.opc.PackageRelationshipCollection - Parsing relationship: /xl/worksheets/_rels/sheet1.xml.rels
15:54:34.050 [main] DEBUG org.apache.poi.openxml4j.opc.PackageRelationshipCollection - Parsing relationship: /_rels/.rels
15:54:34.052 [main] DEBUG org.apache.poi.ooxml.POIXMLFactory - using default POIXMLDocumentPart for http://schemas.microsoft.com/office/2017/10/relationships/person
15:54:34.055 [main] DEBUG org.apache.poi.openxml4j.opc.PackageRelationshipCollection - Parsing relationship: /xl/_rels/workbook.xml.rels
15:54:34.056 [main] DEBUG org.apache.poi.openxml4j.opc.PackageRelationshipCollection - Parsing relationship: /xl/worksheets/_rels/sheet1.xml.rels
15:54:34.056 [main] DEBUG org.apache.poi.openxml4j.opc.PackageRelationshipCollection - Parsing relationship: /_rels/.rels
15:54:34.059 [main] DEBUG org.apache.poi.ooxml.POIXMLFactory - using default POIXMLDocumentPart for http://schemas.microsoft.com/office/2017/10/relationships/person
15:54:34.063 [main] DEBUG org.apache.poi.openxml4j.opc.PackageRelationshipCollection - Parsing relationship: /xl/_rels/workbook.xml.rels
15:54:34.064 [main] DEBUG org.apache.poi.openxml4j.opc.PackageRelationshipCollection - Parsing relationship: /xl/worksheets/_rels/sheet1.xml.rels
15:54:34.064 [main] DEBUG org.apache.poi.openxml4j.opc.PackageRelationshipCollection - Parsing relationship: /_rels/.rels
15:54:34.066 [main] DEBUG org.apache.poi.ooxml.POIXMLFactory - using default POIXMLDocumentPart for http://schemas.microsoft.com/office/2017/10/relationships/person
15:54:34.070 [main] DEBUG org.apache.poi.openxml4j.opc.PackageRelationshipCollection - Parsing relationship: /xl/_rels/workbook.xml.rels
15:54:34.070 [main] DEBUG org.apache.poi.openxml4j.opc.PackageRelationshipCollection - Parsing relationship: /xl/worksheets/_rels/sheet1.xml.rels
15:54:34.070 [main] DEBUG org.apache.poi.openxml4j.opc.PackageRelationshipCollection - Parsing relationship: /_rels/.rels
15:54:34.072 [main] DEBUG org.apache.poi.ooxml.POIXMLFactory - using default POIXMLDocumentPart for http://schemas.microsoft.com/office/2017/10/relationships/person
15:54:34.077 [main] DEBUG org.apache.poi.openxml4j.opc.PackageRelationshipCollection - Parsing relationship: /xl/_rels/workbook.xml.rels
15:54:34.078 [main] DEBUG org.apache.poi.openxml4j.opc.PackageRelationshipCollection - Parsing relationship: /xl/worksheets/_rels/sheet1.xml.rels
15:54:34.078 [main] DEBUG org.apache.poi.openxml4j.opc.PackageRelationshipCollection - Parsing relationship: /_rels/.rels
15:54:34.080 [main] DEBUG org.apache.poi.ooxml.POIXMLFactory - using default POIXMLDocumentPart for http://schemas.microsoft.com/office/2017/10/relationships/person
15:54:34.084 [main] DEBUG org.apache.poi.openxml4j.opc.PackageRelationshipCollection - Parsing relationship: /xl/_rels/workbook.xml.rels
15:54:34.084 [main] DEBUG org.apache.poi.openxml4j.opc.PackageRelationshipCollection - Parsing relationship: /xl/worksheets/_rels/sheet1.xml.rels
15:54:34.084 [main] DEBUG org.apache.poi.openxml4j.opc.PackageRelationshipCollection - Parsing relationship: /_rels/.rels
15:54:34.086 [main] DEBUG org.apache.poi.ooxml.POIXMLFactory - using default POIXMLDocumentPart for http://schemas.microsoft.com/office/2017/10/relationships/person
15:54:34.090 [main] DEBUG org.apache.poi.openxml4j.opc.PackageRelationshipCollection - Parsing relationship: /xl/_rels/workbook.xml.rels
15:54:34.090 [main] DEBUG org.apache.poi.openxml4j.opc.PackageRelationshipCollection - Parsing relationship: /xl/worksheets/_rels/sheet1.xml.rels
15:54:34.090 [main] DEBUG org.apache.poi.openxml4j.opc.PackageRelationshipCollection - Parsing relationship: /_rels/.rels
15:54:34.093 [main] DEBUG org.apache.poi.ooxml.POIXMLFactory - using default POIXMLDocumentPart for http://schemas.microsoft.com/office/2017/10/relationships/person
15:54:34.100 [main] DEBUG org.apache.poi.openxml4j.opc.PackageRelationshipCollection - Parsing relationship: /xl/_rels/workbook.xml.rels
15:54:34.100 [main] DEBUG org.apache.poi.openxml4j.opc.PackageRelationshipCollection - Parsing relationship: /xl/worksheets/_rels/sheet1.xml.rels
15:54:34.100 [main] DEBUG org.apache.poi.openxml4j.opc.PackageRelationshipCollection - Parsing relationship: /_rels/.rels
15:54:34.103 [main] DEBUG org.apache.poi.ooxml.POIXMLFactory - using default POIXMLDocumentPart for http://schemas.microsoft.com/office/2017/10/relationships/person
15:54:34.110 [main] DEBUG org.apache.poi.openxml4j.opc.PackageRelationshipCollection - Parsing relationship: /xl/_rels/workbook.xml.rels
15:54:34.110 [main] DEBUG org.apache.poi.openxml4j.opc.PackageRelationshipCollection - Parsing relationship: /xl/worksheets/_rels/sheet1.xml.rels
15:54:34.110 [main] DEBUG org.apache.poi.openxml4j.opc.PackageRelationshipCollection - Parsing relationship: /_rels/.rels
15:54:34.112 [main] DEBUG org.apache.poi.ooxml.POIXMLFactory - using default POIXMLDocumentPart for http://schemas.microsoft.com/office/2017/10/relationships/person
15:54:34.117 [main] DEBUG org.apache.poi.openxml4j.opc.PackageRelationshipCollection - Parsing relationship: /xl/_rels/workbook.xml.rels
15:54:34.117 [main] DEBUG org.apache.poi.openxml4j.opc.PackageRelationshipCollection - Parsing relationship: /xl/worksheets/_rels/sheet1.xml.rels
15:54:34.117 [main] DEBUG org.apache.poi.openxml4j.opc.PackageRelationshipCollection - Parsing relationship: /_rels/.rels
15:54:34.119 [main] DEBUG org.apache.poi.ooxml.POIXMLFactory - using default POIXMLDocumentPart for http://schemas.microsoft.com/office/2017/10/relationships/person
15:54:34.124 [main] DEBUG org.apache.poi.openxml4j.opc.PackageRelationshipCollection - Parsing relationship: /xl/_rels/workbook.xml.rels
15:54:34.124 [main] DEBUG org.apache.poi.openxml4j.opc.PackageRelationshipCollection - Parsing relationship: /xl/worksheets/_rels/sheet1.xml.rels
15:54:34.125 [main] DEBUG org.apache.poi.openxml4j.opc.PackageRelationshipCollection - Parsing relationship: /_rels/.rels
15:54:34.127 [main] DEBUG org.apache.poi.ooxml.POIXMLFactory - using default POIXMLDocumentPart for http://schemas.microsoft.com/office/2017/10/relationships/person
15:54:34.131 [main] DEBUG org.apache.poi.openxml4j.opc.PackageRelationshipCollection - Parsing relationship: /xl/_rels/workbook.xml.rels
15:54:34.131 [main] DEBUG org.apache.poi.openxml4j.opc.PackageRelationshipCollection - Parsing relationship: /xl/worksheets/_rels/sheet1.xml.rels
15:54:34.131 [main] DEBUG org.apache.poi.openxml4j.opc.PackageRelationshipCollection - Parsing relationship: /_rels/.rels
15:54:34.133 [main] DEBUG org.apache.poi.ooxml.POIXMLFactory - using default POIXMLDocumentPart for http://schemas.microsoft.com/office/2017/10/relationships/person
15:54:34.138 [main] DEBUG org.apache.poi.openxml4j.opc.PackageRelationshipCollection - Parsing relationship: /xl/_rels/workbook.xml.rels
15:54:34.138 [main] DEBUG org.apache.poi.openxml4j.opc.PackageRelationshipCollection - Parsing relationship: /xl/worksheets/_rels/sheet1.xml.rels
15:54:34.138 [main] DEBUG org.apache.poi.openxml4j.opc.PackageRelationshipCollection - Parsing relationship: /_rels/.rels
15:54:34.142 [main] DEBUG org.apache.poi.ooxml.POIXMLFactory - using default POIXMLDocumentPart for http://schemas.microsoft.com/office/2017/10/relationships/person
15:54:34.146 [main] DEBUG org.apache.poi.openxml4j.opc.PackageRelationshipCollection - Parsing relationship: /xl/_rels/workbook.xml.rels
15:54:34.146 [main] DEBUG org.apache.poi.openxml4j.opc.PackageRelationshipCollection - Parsing relationship: /xl/worksheets/_rels/sheet1.xml.rels
15:54:34.147 [main] DEBUG org.apache.poi.openxml4j.opc.PackageRelationshipCollection - Parsing relationship: /_rels/.rels
15:54:34.149 [main] DEBUG org.apache.poi.ooxml.POIXMLFactory - using default POIXMLDocumentPart for http://schemas.microsoft.com/office/2017/10/relationships/person
15:54:34.154 [main] DEBUG org.apache.poi.openxml4j.opc.PackageRelationshipCollection - Parsing relationship: /xl/_rels/workbook.xml.rels
15:54:34.154 [main] DEBUG org.apache.poi.openxml4j.opc.PackageRelationshipCollection - Parsing relationship: /xl/worksheets/_rels/sheet1.xml.rels
15:54:34.155 [main] DEBUG org.apache.poi.openxml4j.opc.PackageRelationshipCollection - Parsing relationship: /_rels/.rels
15:54:34.157 [main] DEBUG org.apache.poi.ooxml.POIXMLFactory - using default POIXMLDocumentPart for http://schemas.microsoft.com/office/2017/10/relationships/person
15:54:34.163 [main] DEBUG org.apache.poi.openxml4j.opc.PackageRelationshipCollection - Parsing relationship: /xl/_rels/workbook.xml.rels
15:54:34.163 [main] DEBUG org.apache.poi.openxml4j.opc.PackageRelationshipCollection - Parsing relationship: /xl/worksheets/_rels/sheet1.xml.rels
15:54:34.164 [main] DEBUG org.apache.poi.openxml4j.opc.PackageRelationshipCollection - Parsing relationship: /_rels/.rels
15:54:34.165 [main] DEBUG org.apache.poi.ooxml.POIXMLFactory - using default POIXMLDocumentPart for http://schemas.microsoft.com/office/2017/10/relationships/person
15:54:34.169 [main] DEBUG org.apache.poi.openxml4j.opc.PackageRelationshipCollection - Parsing relationship: /xl/_rels/workbook.xml.rels
15:54:34.170 [main] DEBUG org.apache.poi.openxml4j.opc.PackageRelationshipCollection - Parsing relationship: /xl/worksheets/_rels/sheet1.xml.rels
15:54:34.170 [main] DEBUG org.apache.poi.openxml4j.opc.PackageRelationshipCollection - Parsing relationship: /_rels/.rels
15:54:34.172 [main] DEBUG org.apache.poi.ooxml.POIXMLFactory - using default POIXMLDocumentPart for http://schemas.microsoft.com/office/2017/10/relationships/person
15:54:34.176 [main] DEBUG org.apache.poi.openxml4j.opc.PackageRelationshipCollection - Parsing relationship: /xl/_rels/workbook.xml.rels
15:54:34.177 [main] DEBUG org.apache.poi.openxml4j.opc.PackageRelationshipCollection - Parsing relationship: /xl/worksheets/_rels/sheet1.xml.rels
15:54:34.177 [main] DEBUG org.apache.poi.openxml4j.opc.PackageRelationshipCollection - Parsing relationship: /_rels/.rels
15:54:34.178 [main] DEBUG org.apache.poi.ooxml.POIXMLFactory - using default POIXMLDocumentPart for http://schemas.microsoft.com/office/2017/10/relationships/person
15:54:34.182 [main] DEBUG org.apache.poi.openxml4j.opc.PackageRelationshipCollection - Parsing relationship: /xl/_rels/workbook.xml.rels
15:54:34.182 [main] DEBUG org.apache.poi.openxml4j.opc.PackageRelationshipCollection - Parsing relationship: /xl/worksheets/_rels/sheet1.xml.rels
15:54:34.182 [main] DEBUG org.apache.poi.openxml4j.opc.PackageRelationshipCollection - Parsing relationship: /_rels/.rels
15:54:34.184 [main] DEBUG org.apache.poi.ooxml.POIXMLFactory - using default POIXMLDocumentPart for http://schemas.microsoft.com/office/2017/10/relationships/person
15:54:34.188 [main] DEBUG org.apache.poi.openxml4j.opc.PackageRelationshipCollection - Parsing relationship: /xl/_rels/workbook.xml.rels
15:54:34.188 [main] DEBUG org.apache.poi.openxml4j.opc.PackageRelationshipCollection - Parsing relationship: /xl/worksheets/_rels/sheet1.xml.rels
15:54:34.188 [main] DEBUG org.apache.poi.openxml4j.opc.PackageRelationshipCollection - Parsing relationship: /_rels/.rels
15:54:34.190 [main] DEBUG org.apache.poi.ooxml.POIXMLFactory - using default POIXMLDocumentPart for http://schemas.microsoft.com/office/2017/10/relationships/person
15:54:34.195 [main] DEBUG org.apache.poi.openxml4j.opc.PackageRelationshipCollection - Parsing relationship: /xl/_rels/workbook.xml.rels
15:54:34.195 [main] DEBUG org.apache.poi.openxml4j.opc.PackageRelationshipCollection - Parsing relationship: /xl/worksheets/_rels/sheet1.xml.rels
15:54:34.195 [main] DEBUG org.apache.poi.openxml4j.opc.PackageRelationshipCollection - Parsing relationship: /_rels/.rels
15:54:34.197 [main] DEBUG org.apache.poi.ooxml.POIXMLFactory - using default POIXMLDocumentPart for http://schemas.microsoft.com/office/2017/10/relationships/person
15:54:34.201 [main] DEBUG org.apache.poi.openxml4j.opc.PackageRelationshipCollection - Parsing relationship: /xl/_rels/workbook.xml.rels
15:54:34.201 [main] DEBUG org.apache.poi.openxml4j.opc.PackageRelationshipCollection - Parsing relationship: /xl/worksheets/_rels/sheet1.xml.rels
15:54:34.201 [main] DEBUG org.apache.poi.openxml4j.opc.PackageRelationshipCollection - Parsing relationship: /_rels/.rels
15:54:34.203 [main] DEBUG org.apache.poi.ooxml.POIXMLFactory - using default POIXMLDocumentPart for http://schemas.microsoft.com/office/2017/10/relationships/person
15:54:34.207 [main] DEBUG org.apache.poi.openxml4j.opc.PackageRelationshipCollection - Parsing relationship: /xl/_rels/workbook.xml.rels
15:54:34.208 [main] DEBUG org.apache.poi.openxml4j.opc.PackageRelationshipCollection - Parsing relationship: /xl/worksheets/_rels/sheet1.xml.rels
15:54:34.208 [main] DEBUG org.apache.poi.openxml4j.opc.PackageRelationshipCollection - Parsing relationship: /_rels/.rels
15:54:34.210 [main] DEBUG org.apache.poi.ooxml.POIXMLFactory - using default POIXMLDocumentPart for http://schemas.microsoft.com/office/2017/10/relationships/person
15:54:34.215 [main] DEBUG org.apache.poi.openxml4j.opc.PackageRelationshipCollection - Parsing relationship: /xl/_rels/workbook.xml.rels
15:54:34.215 [main] DEBUG org.apache.poi.openxml4j.opc.PackageRelationshipCollection - Parsing relationship: /xl/worksheets/_rels/sheet1.xml.rels
15:54:34.215 [main] DEBUG org.apache.poi.openxml4j.opc.PackageRelationshipCollection - Parsing relationship: /_rels/.rels
15:54:34.217 [main] DEBUG org.apache.poi.ooxml.POIXMLFactory - using default POIXMLDocumentPart for http://schemas.microsoft.com/office/2017/10/relationships/person
15:54:34.221 [main] DEBUG org.apache.poi.openxml4j.opc.PackageRelationshipCollection - Parsing relationship: /xl/_rels/workbook.xml.rels
15:54:34.221 [main] DEBUG org.apache.poi.openxml4j.opc.PackageRelationshipCollection - Parsing relationship: /xl/worksheets/_rels/sheet1.xml.rels
15:54:34.221 [main] DEBUG org.apache.poi.openxml4j.opc.PackageRelationshipCollection - Parsing relationship: /_rels/.rels
15:54:34.223 [main] DEBUG org.apache.poi.ooxml.POIXMLFactory - using default POIXMLDocumentPart for http://schemas.microsoft.com/office/2017/10/relationships/person
15:54:34.232 [main] DEBUG org.apache.poi.openxml4j.opc.PackageRelationshipCollection - Parsing relationship: /xl/_rels/workbook.xml.rels
15:54:34.232 [main] DEBUG org.apache.poi.openxml4j.opc.PackageRelationshipCollection - Parsing relationship: /xl/worksheets/_rels/sheet1.xml.rels
15:54:34.232 [main] DEBUG org.apache.poi.openxml4j.opc.PackageRelationshipCollection - Parsing relationship: /_rels/.rels
15:54:34.235 [main] DEBUG org.apache.poi.ooxml.POIXMLFactory - using default POIXMLDocumentPart for http://schemas.microsoft.com/office/2017/10/relationships/person
15:54:34.239 [main] DEBUG org.apache.poi.openxml4j.opc.PackageRelationshipCollection - Parsing relationship: /xl/_rels/workbook.xml.rels
15:54:34.239 [main] DEBUG org.apache.poi.openxml4j.opc.PackageRelationshipCollection - Parsing relationship: /xl/worksheets/_rels/sheet1.xml.rels
15:54:34.239 [main] DEBUG org.apache.poi.openxml4j.opc.PackageRelationshipCollection - Parsing relationship: /_rels/.rels
15:54:34.243 [main] DEBUG org.apache.poi.ooxml.POIXMLFactory - using default POIXMLDocumentPart for http://schemas.microsoft.com/office/2017/10/relationships/person
15:54:34.248 [main] DEBUG org.apache.poi.openxml4j.opc.PackageRelationshipCollection - Parsing relationship: /xl/_rels/workbook.xml.rels
15:54:34.248 [main] DEBUG org.apache.poi.openxml4j.opc.PackageRelationshipCollection - Parsing relationship: /xl/worksheets/_rels/sheet1.xml.rels
15:54:34.248 [main] DEBUG org.apache.poi.openxml4j.opc.PackageRelationshipCollection - Parsing relationship: /_rels/.rels
15:54:34.250 [main] DEBUG org.apache.poi.ooxml.POIXMLFactory - using default POIXMLDocumentPart for http://schemas.microsoft.com/office/2017/10/relationships/person
15:54:34.253 [main] DEBUG org.apache.poi.openxml4j.opc.PackageRelationshipCollection - Parsing relationship: /xl/_rels/workbook.xml.rels
15:54:34.254 [main] DEBUG org.apache.poi.openxml4j.opc.PackageRelationshipCollection - Parsing relationship: /xl/worksheets/_rels/sheet1.xml.rels
15:54:34.254 [main] DEBUG org.apache.poi.openxml4j.opc.PackageRelationshipCollection - Parsing relationship: /_rels/.rels
15:54:34.256 [main] DEBUG org.apache.poi.ooxml.POIXMLFactory - using default POIXMLDocumentPart for http://schemas.microsoft.com/office/2017/10/relationships/person
15:54:34.261 [main] DEBUG org.apache.poi.openxml4j.opc.PackageRelationshipCollection - Parsing relationship: /xl/_rels/workbook.xml.rels
15:54:34.261 [main] DEBUG org.apache.poi.openxml4j.opc.PackageRelationshipCollection - Parsing relationship: /xl/worksheets/_rels/sheet1.xml.rels
15:54:34.261 [main] DEBUG org.apache.poi.openxml4j.opc.PackageRelationshipCollection - Parsing relationship: /_rels/.rels
15:54:34.264 [main] DEBUG org.apache.poi.ooxml.POIXMLFactory - using default POIXMLDocumentPart for http://schemas.microsoft.com/office/2017/10/relationships/person
15:54:34.268 [main] DEBUG org.apache.poi.openxml4j.opc.PackageRelationshipCollection - Parsing relationship: /xl/_rels/workbook.xml.rels
15:54:34.268 [main] DEBUG org.apache.poi.openxml4j.opc.PackageRelationshipCollection - Parsing relationship: /xl/worksheets/_rels/sheet1.xml.rels
15:54:34.268 [main] DEBUG org.apache.poi.openxml4j.opc.PackageRelationshipCollection - Parsing relationship: /_rels/.rels
15:54:34.270 [main] DEBUG org.apache.poi.ooxml.POIXMLFactory - using default POIXMLDocumentPart for http://schemas.microsoft.com/office/2017/10/relationships/person
15:54:34.274 [main] DEBUG org.apache.poi.openxml4j.opc.PackageRelationshipCollection - Parsing relationship: /xl/_rels/workbook.xml.rels
15:54:34.274 [main] DEBUG org.apache.poi.openxml4j.opc.PackageRelationshipCollection - Parsing relationship: /xl/worksheets/_rels/sheet1.xml.rels
15:54:34.275 [main] DEBUG org.apache.poi.openxml4j.opc.PackageRelationshipCollection - Parsing relationship: /_rels/.rels
15:54:34.277 [main] DEBUG org.apache.poi.ooxml.POIXMLFactory - using default POIXMLDocumentPart for http://schemas.microsoft.com/office/2017/10/relationships/person
15:54:34.281 [main] DEBUG org.apache.poi.openxml4j.opc.PackageRelationshipCollection - Parsing relationship: /xl/_rels/workbook.xml.rels
15:54:34.281 [main] DEBUG org.apache.poi.openxml4j.opc.PackageRelationshipCollection - Parsing relationship: /xl/worksheets/_rels/sheet1.xml.rels
15:54:34.281 [main] DEBUG org.apache.poi.openxml4j.opc.PackageRelationshipCollection - Parsing relationship: /_rels/.rels
15:54:34.283 [main] DEBUG org.apache.poi.ooxml.POIXMLFactory - using default POIXMLDocumentPart for http://schemas.microsoft.com/office/2017/10/relationships/person
15:54:34.287 [main] DEBUG org.apache.poi.openxml4j.opc.PackageRelationshipCollection - Parsing relationship: /xl/_rels/workbook.xml.rels
15:54:34.287 [main] DEBUG org.apache.poi.openxml4j.opc.PackageRelationshipCollection - Parsing relationship: /xl/worksheets/_rels/sheet1.xml.rels
15:54:34.287 [main] DEBUG org.apache.poi.openxml4j.opc.PackageRelationshipCollection - Parsing relationship: /_rels/.rels
15:54:34.289 [main] DEBUG org.apache.poi.ooxml.POIXMLFactory - using default POIXMLDocumentPart for http://schemas.microsoft.com/office/2017/10/relationships/person
15:54:34.293 [main] DEBUG org.apache.poi.openxml4j.opc.PackageRelationshipCollection - Parsing relationship: /xl/_rels/workbook.xml.rels
15:54:34.293 [main] DEBUG org.apache.poi.openxml4j.opc.PackageRelationshipCollection - Parsing relationship: /xl/worksheets/_rels/sheet1.xml.rels
15:54:34.293 [main] DEBUG org.apache.poi.openxml4j.opc.PackageRelationshipCollection - Parsing relationship: /_rels/.rels
15:54:34.295 [main] DEBUG org.apache.poi.ooxml.POIXMLFactory - using default POIXMLDocumentPart for http://schemas.microsoft.com/office/2017/10/relationships/person
15:54:34.299 [main] DEBUG org.apache.poi.openxml4j.opc.PackageRelationshipCollection - Parsing relationship: /xl/_rels/workbook.xml.rels
15:54:34.299 [main] DEBUG org.apache.poi.openxml4j.opc.PackageRelationshipCollection - Parsing relationship: /xl/worksheets/_rels/sheet1.xml.rels
15:54:34.299 [main] DEBUG org.apache.poi.openxml4j.opc.PackageRelationshipCollection - Parsing relationship: /_rels/.rels
15:54:34.300 [main] DEBUG org.apache.poi.ooxml.POIXMLFactory - using default POIXMLDocumentPart for http://schemas.microsoft.com/office/2017/10/relationships/person
15:54:34.303 [main] DEBUG org.apache.poi.openxml4j.opc.PackageRelationshipCollection - Parsing relationship: /xl/_rels/workbook.xml.rels
15:54:34.303 [main] DEBUG org.apache.poi.openxml4j.opc.PackageRelationshipCollection - Parsing relationship: /xl/worksheets/_rels/sheet1.xml.rels
15:54:34.304 [main] DEBUG org.apache.poi.openxml4j.opc.PackageRelationshipCollection - Parsing relationship: /_rels/.rels
15:54:34.305 [main] DEBUG org.apache.poi.ooxml.POIXMLFactory - using default POIXMLDocumentPart for http://schemas.microsoft.com/office/2017/10/relationships/person
15:54:34.309 [main] DEBUG org.apache.poi.openxml4j.opc.PackageRelationshipCollection - Parsing relationship: /xl/_rels/workbook.xml.rels
15:54:34.310 [main] DEBUG org.apache.poi.openxml4j.opc.PackageRelationshipCollection - Parsing relationship: /xl/worksheets/_rels/sheet1.xml.rels
15:54:34.310 [main] DEBUG org.apache.poi.openxml4j.opc.PackageRelationshipCollection - Parsing relationship: /_rels/.rels
15:54:34.311 [main] DEBUG org.apache.poi.ooxml.POIXMLFactory - using default POIXMLDocumentPart for http://schemas.microsoft.com/office/2017/10/relationships/person
15:54:34.315 [main] DEBUG org.apache.poi.openxml4j.opc.PackageRelationshipCollection - Parsing relationship: /xl/_rels/workbook.xml.rels
15:54:34.315 [main] DEBUG org.apache.poi.openxml4j.opc.PackageRelationshipCollection - Parsing relationship: /xl/worksheets/_rels/sheet1.xml.rels
15:54:34.315 [main] DEBUG org.apache.poi.openxml4j.opc.PackageRelationshipCollection - Parsing relationship: /_rels/.rels
15:54:34.316 [main] DEBUG org.apache.poi.ooxml.POIXMLFactory - using default POIXMLDocumentPart for http://schemas.microsoft.com/office/2017/10/relationships/person
15:54:34.320 [main] DEBUG org.apache.poi.openxml4j.opc.PackageRelationshipCollection - Parsing relationship: /xl/_rels/workbook.xml.rels
15:54:34.320 [main] DEBUG org.apache.poi.openxml4j.opc.PackageRelationshipCollection - Parsing relationship: /xl/worksheets/_rels/sheet1.xml.rels
15:54:34.320 [main] DEBUG org.apache.poi.openxml4j.opc.PackageRelationshipCollection - Parsing relationship: /_rels/.rels
15:54:34.322 [main] DEBUG org.apache.poi.ooxml.POIXMLFactory - using default POIXMLDocumentPart for http://schemas.microsoft.com/office/2017/10/relationships/person
15:54:34.326 [main] DEBUG org.apache.poi.openxml4j.opc.PackageRelationshipCollection - Parsing relationship: /xl/_rels/workbook.xml.rels
15:54:34.326 [main] DEBUG org.apache.poi.openxml4j.opc.PackageRelationshipCollection - Parsing relationship: /xl/worksheets/_rels/sheet1.xml.rels
15:54:34.327 [main] DEBUG org.apache.poi.openxml4j.opc.PackageRelationshipCollection - Parsing relationship: /_rels/.rels
15:54:34.329 [main] DEBUG org.apache.poi.ooxml.POIXMLFactory - using default POIXMLDocumentPart for http://schemas.microsoft.com/office/2017/10/relationships/person
15:54:34.332 [main] DEBUG org.apache.poi.openxml4j.opc.PackageRelationshipCollection - Parsing relationship: /xl/_rels/workbook.xml.rels
15:54:34.333 [main] DEBUG org.apache.poi.openxml4j.opc.PackageRelationshipCollection - Parsing relationship: /xl/worksheets/_rels/sheet1.xml.rels
15:54:34.333 [main] DEBUG org.apache.poi.openxml4j.opc.PackageRelationshipCollection - Parsing relationship: /_rels/.rels
15:54:34.335 [main] DEBUG org.apache.poi.ooxml.POIXMLFactory - using default POIXMLDocumentPart for http://schemas.microsoft.com/office/2017/10/relationships/person
15:54:34.338 [main] DEBUG org.apache.poi.openxml4j.opc.PackageRelationshipCollection - Parsing relationship: /xl/_rels/workbook.xml.rels
15:54:34.338 [main] DEBUG org.apache.poi.openxml4j.opc.PackageRelationshipCollection - Parsing relationship: /xl/worksheets/_rels/sheet1.xml.rels
15:54:34.339 [main] DEBUG org.apache.poi.openxml4j.opc.PackageRelationshipCollection - Parsing relationship: /_rels/.rels
15:54:34.340 [main] DEBUG org.apache.poi.ooxml.POIXMLFactory - using default POIXMLDocumentPart for http://schemas.microsoft.com/office/2017/10/relationships/person
15:54:34.345 [main] DEBUG org.apache.poi.openxml4j.opc.PackageRelationshipCollection - Parsing relationship: /xl/_rels/workbook.xml.rels
15:54:34.345 [main] DEBUG org.apache.poi.openxml4j.opc.PackageRelationshipCollection - Parsing relationship: /xl/worksheets/_rels/sheet1.xml.rels
15:54:34.345 [main] DEBUG org.apache.poi.openxml4j.opc.PackageRelationshipCollection - Parsing relationship: /_rels/.rels
15:54:34.347 [main] DEBUG org.apache.poi.ooxml.POIXMLFactory - using default POIXMLDocumentPart for http://schemas.microsoft.com/office/2017/10/relationships/person
15:54:34.351 [main] DEBUG org.apache.poi.openxml4j.opc.PackageRelationshipCollection - Parsing relationship: /xl/_rels/workbook.xml.rels
15:54:34.351 [main] DEBUG org.apache.poi.openxml4j.opc.PackageRelationshipCollection - Parsing relationship: /xl/worksheets/_rels/sheet1.xml.rels
15:54:34.351 [main] DEBUG org.apache.poi.openxml4j.opc.PackageRelationshipCollection - Parsing relationship: /_rels/.rels
15:54:34.352 [main] DEBUG org.apache.poi.ooxml.POIXMLFactory - using default POIXMLDocumentPart for http://schemas.microsoft.com/office/2017/10/relationships/person
15:54:34.356 [main] DEBUG org.apache.poi.openxml4j.opc.PackageRelationshipCollection - Parsing relationship: /xl/_rels/workbook.xml.rels
15:54:34.356 [main] DEBUG org.apache.poi.openxml4j.opc.PackageRelationshipCollection - Parsing relationship: /xl/worksheets/_rels/sheet1.xml.rels
15:54:34.356 [main] DEBUG org.apache.poi.openxml4j.opc.PackageRelationshipCollection - Parsing relationship: /_rels/.rels
15:54:34.358 [main] DEBUG org.apache.poi.ooxml.POIXMLFactory - using default POIXMLDocumentPart for http://schemas.microsoft.com/office/2017/10/relationships/person
15:54:34.362 [main] DEBUG org.apache.poi.openxml4j.opc.PackageRelationshipCollection - Parsing relationship: /xl/_rels/workbook.xml.rels
15:54:34.363 [main] DEBUG org.apache.poi.openxml4j.opc.PackageRelationshipCollection - Parsing relationship: /xl/worksheets/_rels/sheet1.xml.rels
15:54:34.363 [main] DEBUG org.apache.poi.openxml4j.opc.PackageRelationshipCollection - Parsing relationship: /_rels/.rels
15:54:34.364 [main] DEBUG org.apache.poi.ooxml.POIXMLFactory - using default POIXMLDocumentPart for http://schemas.microsoft.com/office/2017/10/relationships/person
15:54:34.368 [main] DEBUG org.apache.poi.openxml4j.opc.PackageRelationshipCollection - Parsing relationship: /xl/_rels/workbook.xml.rels
15:54:34.368 [main] DEBUG org.apache.poi.openxml4j.opc.PackageRelationshipCollection - Parsing relationship: /xl/worksheets/_rels/sheet1.xml.rels
15:54:34.368 [main] DEBUG org.apache.poi.openxml4j.opc.PackageRelationshipCollection - Parsing relationship: /_rels/.rels
15:54:34.370 [main] DEBUG org.apache.poi.ooxml.POIXMLFactory - using default POIXMLDocumentPart for http://schemas.microsoft.com/office/2017/10/relationships/person
15:54:34.373 [main] DEBUG org.apache.poi.openxml4j.opc.PackageRelationshipCollection - Parsing relationship: /xl/_rels/workbook.xml.rels
15:54:34.373 [main] DEBUG org.apache.poi.openxml4j.opc.PackageRelationshipCollection - Parsing relationship: /xl/worksheets/_rels/sheet1.xml.rels
15:54:34.374 [main] DEBUG org.apache.poi.openxml4j.opc.PackageRelationshipCollection - Parsing relationship: /_rels/.rels
15:54:34.376 [main] DEBUG org.apache.poi.ooxml.POIXMLFactory - using default POIXMLDocumentPart for http://schemas.microsoft.com/office/2017/10/relationships/person
15:54:34.380 [main] DEBUG org.apache.poi.openxml4j.opc.PackageRelationshipCollection - Parsing relationship: /xl/_rels/workbook.xml.rels
15:54:34.380 [main] DEBUG org.apache.poi.openxml4j.opc.PackageRelationshipCollection - Parsing relationship: /xl/worksheets/_rels/sheet1.xml.rels
15:54:34.380 [main] DEBUG org.apache.poi.openxml4j.opc.PackageRelationshipCollection - Parsing relationship: /_rels/.rels
15:54:34.382 [main] DEBUG org.apache.poi.ooxml.POIXMLFactory - using default POIXMLDocumentPart for http://schemas.microsoft.com/office/2017/10/relationships/person
15:54:34.385 [main] DEBUG org.apache.poi.openxml4j.opc.PackageRelationshipCollection - Parsing relationship: /xl/_rels/workbook.xml.rels
15:54:34.385 [main] DEBUG org.apache.poi.openxml4j.opc.PackageRelationshipCollection - Parsing relationship: /xl/worksheets/_rels/sheet1.xml.rels
15:54:34.385 [main] DEBUG org.apache.poi.openxml4j.opc.PackageRelationshipCollection - Parsing relationship: /_rels/.rels
15:54:34.387 [main] DEBUG org.apache.poi.ooxml.POIXMLFactory - using default POIXMLDocumentPart for http://schemas.microsoft.com/office/2017/10/relationships/person
15:54:34.392 [main] DEBUG org.apache.poi.openxml4j.opc.PackageRelationshipCollection - Parsing relationship: /xl/_rels/workbook.xml.rels
15:54:34.392 [main] DEBUG org.apache.poi.openxml4j.opc.PackageRelationshipCollection - Parsing relationship: /xl/worksheets/_rels/sheet1.xml.rels
15:54:34.392 [main] DEBUG org.apache.poi.openxml4j.opc.PackageRelationshipCollection - Parsing relationship: /_rels/.rels
15:54:34.394 [main] DEBUG org.apache.poi.ooxml.POIXMLFactory - using default POIXMLDocumentPart for http://schemas.microsoft.com/office/2017/10/relationships/person
15:54:34.398 [main] DEBUG org.apache.poi.openxml4j.opc.PackageRelationshipCollection - Parsing relationship: /xl/_rels/workbook.xml.rels
15:54:34.398 [main] DEBUG org.apache.poi.openxml4j.opc.PackageRelationshipCollection - Parsing relationship: /xl/worksheets/_rels/sheet1.xml.rels
15:54:34.399 [main] DEBUG org.apache.poi.openxml4j.opc.PackageRelationshipCollection - Parsing relationship: /_rels/.rels
15:54:34.400 [main] DEBUG org.apache.poi.ooxml.POIXMLFactory - using default POIXMLDocumentPart for http://schemas.microsoft.com/office/2017/10/relationships/person
15:54:34.404 [main] DEBUG org.apache.poi.openxml4j.opc.PackageRelationshipCollection - Parsing relationship: /xl/_rels/workbook.xml.rels
15:54:34.404 [main] DEBUG org.apache.poi.openxml4j.opc.PackageRelationshipCollection - Parsing relationship: /xl/worksheets/_rels/sheet1.xml.rels
15:54:34.405 [main] DEBUG org.apache.poi.openxml4j.opc.PackageRelationshipCollection - Parsing relationship: /_rels/.rels
15:54:34.407 [main] DEBUG org.apache.poi.ooxml.POIXMLFactory - using default POIXMLDocumentPart for http://schemas.microsoft.com/office/2017/10/relationships/person
15:54:34.413 [main] DEBUG org.apache.poi.openxml4j.opc.PackageRelationshipCollection - Parsing relationship: /xl/_rels/workbook.xml.rels
15:54:34.413 [main] DEBUG org.apache.poi.openxml4j.opc.PackageRelationshipCollection - Parsing relationship: /xl/worksheets/_rels/sheet1.xml.rels
15:54:34.413 [main] DEBUG org.apache.poi.openxml4j.opc.PackageRelationshipCollection - Parsing relationship: /_rels/.rels
15:54:34.415 [main] DEBUG org.apache.poi.ooxml.POIXMLFactory - using default POIXMLDocumentPart for http://schemas.microsoft.com/office/2017/10/relationships/person
15:54:34.419 [main] DEBUG org.apache.poi.openxml4j.opc.PackageRelationshipCollection - Parsing relationship: /xl/_rels/workbook.xml.rels
15:54:34.419 [main] DEBUG org.apache.poi.openxml4j.opc.PackageRelationshipCollection - Parsing relationship: /xl/worksheets/_rels/sheet1.xml.rels
15:54:34.419 [main] DEBUG org.apache.poi.openxml4j.opc.PackageRelationshipCollection - Parsing relationship: /_rels/.rels
15:54:34.421 [main] DEBUG org.apache.poi.ooxml.POIXMLFactory - using default POIXMLDocumentPart for http://schemas.microsoft.com/office/2017/10/relationships/person
15:54:34.426 [main] DEBUG org.apache.poi.openxml4j.opc.PackageRelationshipCollection - Parsing relationship: /xl/_rels/workbook.xml.rels
15:54:34.427 [main] DEBUG org.apache.poi.openxml4j.opc.PackageRelationshipCollection - Parsing relationship: /xl/worksheets/_rels/sheet1.xml.rels
15:54:34.427 [main] DEBUG org.apache.poi.openxml4j.opc.PackageRelationshipCollection - Parsing relationship: /_rels/.rels
15:54:34.429 [main] DEBUG org.apache.poi.ooxml.POIXMLFactory - using default POIXMLDocumentPart for http://schemas.microsoft.com/office/2017/10/relationships/person
15:54:34.434 [main] DEBUG org.apache.poi.openxml4j.opc.PackageRelationshipCollection - Parsing relationship: /xl/_rels/workbook.xml.rels
15:54:34.434 [main] DEBUG org.apache.poi.openxml4j.opc.PackageRelationshipCollection - Parsing relationship: /xl/worksheets/_rels/sheet1.xml.rels
15:54:34.434 [main] DEBUG org.apache.poi.openxml4j.opc.PackageRelationshipCollection - Parsing relationship: /_rels/.rels
15:54:34.436 [main] DEBUG org.apache.poi.ooxml.POIXMLFactory - using default POIXMLDocumentPart for http://schemas.microsoft.com/office/2017/10/relationships/person
15:54:34.440 [main] DEBUG org.apache.poi.openxml4j.opc.PackageRelationshipCollection - Parsing relationship: /xl/_rels/workbook.xml.rels
15:54:34.440 [main] DEBUG org.apache.poi.openxml4j.opc.PackageRelationshipCollection - Parsing relationship: /xl/worksheets/_rels/sheet1.xml.rels
15:54:34.440 [main] DEBUG org.apache.poi.openxml4j.opc.PackageRelationshipCollection - Parsing relationship: /_rels/.rels
15:54:34.443 [main] DEBUG org.apache.poi.ooxml.POIXMLFactory - using default POIXMLDocumentPart for http://schemas.microsoft.com/office/2017/10/relationships/person
15:54:34.447 [main] DEBUG org.apache.poi.openxml4j.opc.PackageRelationshipCollection - Parsing relationship: /xl/_rels/workbook.xml.rels
15:54:34.447 [main] DEBUG org.apache.poi.openxml4j.opc.PackageRelationshipCollection - Parsing relationship: /xl/worksheets/_rels/sheet1.xml.rels
15:54:34.447 [main] DEBUG org.apache.poi.openxml4j.opc.PackageRelationshipCollection - Parsing relationship: /_rels/.rels
15:54:34.448 [main] DEBUG org.apache.poi.ooxml.POIXMLFactory - using default POIXMLDocumentPart for http://schemas.microsoft.com/office/2017/10/relationships/person
15:54:34.452 [main] DEBUG org.apache.poi.openxml4j.opc.PackageRelationshipCollection - Parsing relationship: /xl/_rels/workbook.xml.rels
15:54:34.452 [main] DEBUG org.apache.poi.openxml4j.opc.PackageRelationshipCollection - Parsing relationship: /xl/worksheets/_rels/sheet1.xml.rels
15:54:34.452 [main] DEBUG org.apache.poi.openxml4j.opc.PackageRelationshipCollection - Parsing relationship: /_rels/.rels
15:54:34.454 [main] DEBUG org.apache.poi.ooxml.POIXMLFactory - using default POIXMLDocumentPart for http://schemas.microsoft.com/office/2017/10/relationships/person
15:54:34.459 [main] DEBUG org.apache.poi.openxml4j.opc.PackageRelationshipCollection - Parsing relationship: /xl/_rels/workbook.xml.rels
15:54:34.459 [main] DEBUG org.apache.poi.openxml4j.opc.PackageRelationshipCollection - Parsing relationship: /xl/worksheets/_rels/sheet1.xml.rels
15:54:34.459 [main] DEBUG org.apache.poi.openxml4j.opc.PackageRelationshipCollection - Parsing relationship: /_rels/.rels
15:54:34.461 [main] DEBUG org.apache.poi.ooxml.POIXMLFactory - using default POIXMLDocumentPart for http://schemas.microsoft.com/office/2017/10/relationships/person
15:54:34.465 [main] DEBUG org.apache.poi.openxml4j.opc.PackageRelationshipCollection - Parsing relationship: /xl/_rels/workbook.xml.rels
15:54:34.465 [main] DEBUG org.apache.poi.openxml4j.opc.PackageRelationshipCollection - Parsing relationship: /xl/worksheets/_rels/sheet1.xml.rels
15:54:34.465 [main] DEBUG org.apache.poi.openxml4j.opc.PackageRelationshipCollection - Parsing relationship: /_rels/.rels
15:54:34.466 [main] DEBUG org.apache.poi.ooxml.POIXMLFactory - using default POIXMLDocumentPart for http://schemas.microsoft.com/office/2017/10/relationships/person
15:54:34.470 [main] DEBUG org.apache.poi.openxml4j.opc.PackageRelationshipCollection - Parsing relationship: /xl/_rels/workbook.xml.rels
15:54:34.470 [main] DEBUG org.apache.poi.openxml4j.opc.PackageRelationshipCollection - Parsing relationship: /xl/worksheets/_rels/sheet1.xml.rels
15:54:34.470 [main] DEBUG org.apache.poi.openxml4j.opc.PackageRelationshipCollection - Parsing relationship: /_rels/.rels
15:54:34.472 [main] DEBUG org.apache.poi.ooxml.POIXMLFactory - using default POIXMLDocumentPart for http://schemas.microsoft.com/office/2017/10/relationships/person
15:54:34.477 [main] DEBUG org.apache.poi.openxml4j.opc.PackageRelationshipCollection - Parsing relationship: /xl/_rels/workbook.xml.rels
15:54:34.477 [main] DEBUG org.apache.poi.openxml4j.opc.PackageRelationshipCollection - Parsing relationship: /xl/worksheets/_rels/sheet1.xml.rels
15:54:34.477 [main] DEBUG org.apache.poi.openxml4j.opc.PackageRelationshipCollection - Parsing relationship: /_rels/.rels
15:54:34.480 [main] DEBUG org.apache.poi.ooxml.POIXMLFactory - using default POIXMLDocumentPart for http://schemas.microsoft.com/office/2017/10/relationships/person
15:54:34.486 [main] DEBUG org.apache.poi.openxml4j.opc.PackageRelationshipCollection - Parsing relationship: /xl/_rels/workbook.xml.rels
15:54:34.486 [main] DEBUG org.apache.poi.openxml4j.opc.PackageRelationshipCollection - Parsing relationship: /xl/worksheets/_rels/sheet1.xml.rels
15:54:34.486 [main] DEBUG org.apache.poi.openxml4j.opc.PackageRelationshipCollection - Parsing relationship: /_rels/.rels
15:54:34.488 [main] DEBUG org.apache.poi.ooxml.POIXMLFactory - using default POIXMLDocumentPart for http://schemas.microsoft.com/office/2017/10/relationships/person
15:54:34.495 [main] DEBUG org.apache.poi.openxml4j.opc.PackageRelationshipCollection - Parsing relationship: /xl/_rels/workbook.xml.rels
15:54:34.495 [main] DEBUG org.apache.poi.openxml4j.opc.PackageRelationshipCollection - Parsing relationship: /xl/worksheets/_rels/sheet1.xml.rels
15:54:34.495 [main] DEBUG org.apache.poi.openxml4j.opc.PackageRelationshipCollection - Parsing relationship: /_rels/.rels
15:54:34.497 [main] DEBUG org.apache.poi.ooxml.POIXMLFactory - using default POIXMLDocumentPart for http://schemas.microsoft.com/office/2017/10/relationships/person
15:54:34.501 [main] DEBUG org.apache.poi.openxml4j.opc.PackageRelationshipCollection - Parsing relationship: /xl/_rels/workbook.xml.rels
15:54:34.501 [main] DEBUG org.apache.poi.openxml4j.opc.PackageRelationshipCollection - Parsing relationship: /xl/worksheets/_rels/sheet1.xml.rels
15:54:34.501 [main] DEBUG org.apache.poi.openxml4j.opc.PackageRelationshipCollection - Parsing relationship: /_rels/.rels
15:54:34.503 [main] DEBUG org.apache.poi.ooxml.POIXMLFactory - using default POIXMLDocumentPart for http://schemas.microsoft.com/office/2017/10/relationships/person
15:54:34.511 [main] DEBUG org.apache.poi.openxml4j.opc.PackageRelationshipCollection - Parsing relationship: /xl/_rels/workbook.xml.rels
15:54:34.511 [main] DEBUG org.apache.poi.openxml4j.opc.PackageRelationshipCollection - Parsing relationship: /xl/worksheets/_rels/sheet1.xml.rels
15:54:34.512 [main] DEBUG org.apache.poi.openxml4j.opc.PackageRelationshipCollection - Parsing relationship: /_rels/.rels
15:54:34.513 [main] DEBUG org.apache.poi.ooxml.POIXMLFactory - using default POIXMLDocumentPart for http://schemas.microsoft.com/office/2017/10/relationships/person
15:54:34.518 [main] DEBUG org.apache.poi.openxml4j.opc.PackageRelationshipCollection - Parsing relationship: /xl/_rels/workbook.xml.rels
15:54:34.518 [main] DEBUG org.apache.poi.openxml4j.opc.PackageRelationshipCollection - Parsing relationship: /xl/worksheets/_rels/sheet1.xml.rels
15:54:34.518 [main] DEBUG org.apache.poi.openxml4j.opc.PackageRelationshipCollection - Parsing relationship: /_rels/.rels
15:54:34.520 [main] DEBUG org.apache.poi.ooxml.POIXMLFactory - using default POIXMLDocumentPart for http://schemas.microsoft.com/office/2017/10/relationships/person
15:54:34.524 [main] DEBUG org.apache.poi.openxml4j.opc.PackageRelationshipCollection - Parsing relationship: /xl/_rels/workbook.xml.rels
15:54:34.525 [main] DEBUG org.apache.poi.openxml4j.opc.PackageRelationshipCollection - Parsing relationship: /xl/worksheets/_rels/sheet1.xml.rels
15:54:34.525 [main] DEBUG org.apache.poi.openxml4j.opc.PackageRelationshipCollection - Parsing relationship: /_rels/.rels
15:54:34.529 [main] DEBUG org.apache.poi.ooxml.POIXMLFactory - using default POIXMLDocumentPart for http://schemas.microsoft.com/office/2017/10/relationships/person
15:54:34.535 [main] DEBUG org.apache.poi.openxml4j.opc.PackageRelationshipCollection - Parsing relationship: /xl/_rels/workbook.xml.rels
15:54:34.535 [main] DEBUG org.apache.poi.openxml4j.opc.PackageRelationshipCollection - Parsing relationship: /xl/worksheets/_rels/sheet1.xml.rels
15:54:34.535 [main] DEBUG org.apache.poi.openxml4j.opc.PackageRelationshipCollection - Parsing relationship: /_rels/.rels
15:54:34.537 [main] DEBUG org.apache.poi.ooxml.POIXMLFactory - using default POIXMLDocumentPart for http://schemas.microsoft.com/office/2017/10/relationships/person
15:54:34.542 [main] DEBUG org.apache.poi.openxml4j.opc.PackageRelationshipCollection - Parsing relationship: /xl/_rels/workbook.xml.rels
15:54:34.543 [main] DEBUG org.apache.poi.openxml4j.opc.PackageRelationshipCollection - Parsing relationship: /xl/worksheets/_rels/sheet1.xml.rels
15:54:34.543 [main] DEBUG org.apache.poi.openxml4j.opc.PackageRelationshipCollection - Parsing relationship: /_rels/.rels
15:54:34.545 [main] DEBUG org.apache.poi.ooxml.POIXMLFactory - using default POIXMLDocumentPart for http://schemas.microsoft.com/office/2017/10/relationships/person
15:54:34.549 [main] DEBUG org.apache.poi.openxml4j.opc.PackageRelationshipCollection - Parsing relationship: /xl/_rels/workbook.xml.rels
15:54:34.549 [main] DEBUG org.apache.poi.openxml4j.opc.PackageRelationshipCollection - Parsing relationship: /xl/worksheets/_rels/sheet1.xml.rels
15:54:34.549 [main] DEBUG org.apache.poi.openxml4j.opc.PackageRelationshipCollection - Parsing relationship: /_rels/.rels
15:54:34.551 [main] DEBUG org.apache.poi.ooxml.POIXMLFactory - using default POIXMLDocumentPart for http://schemas.microsoft.com/office/2017/10/relationships/person
15:54:34.559 [main] DEBUG org.apache.poi.openxml4j.opc.PackageRelationshipCollection - Parsing relationship: /xl/_rels/workbook.xml.rels
15:54:34.559 [main] DEBUG org.apache.poi.openxml4j.opc.PackageRelationshipCollection - Parsing relationship: /xl/worksheets/_rels/sheet1.xml.rels
15:54:34.559 [main] DEBUG org.apache.poi.openxml4j.opc.PackageRelationshipCollection - Parsing relationship: /_rels/.rels
15:54:34.562 [main] DEBUG org.apache.poi.ooxml.POIXMLFactory - using default POIXMLDocumentPart for http://schemas.microsoft.com/office/2017/10/relationships/person
15:54:34.567 [main] DEBUG org.apache.poi.openxml4j.opc.PackageRelationshipCollection - Parsing relationship: /xl/_rels/workbook.xml.rels
15:54:34.568 [main] DEBUG org.apache.poi.openxml4j.opc.PackageRelationshipCollection - Parsing relationship: /xl/worksheets/_rels/sheet1.xml.rels
15:54:34.568 [main] DEBUG org.apache.poi.openxml4j.opc.PackageRelationshipCollection - Parsing relationship: /_rels/.rels
15:54:34.570 [main] DEBUG org.apache.poi.ooxml.POIXMLFactory - using default POIXMLDocumentPart for http://schemas.microsoft.com/office/2017/10/relationships/person
15:54:34.574 [main] DEBUG org.apache.poi.openxml4j.opc.PackageRelationshipCollection - Parsing relationship: /xl/_rels/workbook.xml.rels
15:54:34.574 [main] DEBUG org.apache.poi.openxml4j.opc.PackageRelationshipCollection - Parsing relationship: /xl/worksheets/_rels/sheet1.xml.rels
15:54:34.574 [main] DEBUG org.apache.poi.openxml4j.opc.PackageRelationshipCollection - Parsing relationship: /_rels/.rels
15:54:34.577 [main] DEBUG org.apache.poi.ooxml.POIXMLFactory - using default POIXMLDocumentPart for http://schemas.microsoft.com/office/2017/10/relationships/person
15:54:34.582 [main] DEBUG org.apache.poi.openxml4j.opc.PackageRelationshipCollection - Parsing relationship: /xl/_rels/workbook.xml.rels
15:54:34.582 [main] DEBUG org.apache.poi.openxml4j.opc.PackageRelationshipCollection - Parsing relationship: /xl/worksheets/_rels/sheet1.xml.rels
15:54:34.582 [main] DEBUG org.apache.poi.openxml4j.opc.PackageRelationshipCollection - Parsing relationship: /_rels/.rels
15:54:34.584 [main] DEBUG org.apache.poi.ooxml.POIXMLFactory - using default POIXMLDocumentPart for http://schemas.microsoft.com/office/2017/10/relationships/person
15:54:34.588 [main] DEBUG org.apache.poi.openxml4j.opc.PackageRelationshipCollection - Parsing relationship: /xl/_rels/workbook.xml.rels
15:54:34.589 [main] DEBUG org.apache.poi.openxml4j.opc.PackageRelationshipCollection - Parsing relationship: /xl/worksheets/_rels/sheet1.xml.rels
15:54:34.589 [main] DEBUG org.apache.poi.openxml4j.opc.PackageRelationshipCollection - Parsing relationship: /_rels/.rels
15:54:34.593 [main] DEBUG org.apache.poi.ooxml.POIXMLFactory - using default POIXMLDocumentPart for http://schemas.microsoft.com/office/2017/10/relationships/person
15:54:34.597 [main] DEBUG org.apache.poi.openxml4j.opc.PackageRelationshipCollection - Parsing relationship: /xl/_rels/workbook.xml.rels
15:54:34.598 [main] DEBUG org.apache.poi.openxml4j.opc.PackageRelationshipCollection - Parsing relationship: /xl/worksheets/_rels/sheet1.xml.rels
15:54:34.598 [main] DEBUG org.apache.poi.openxml4j.opc.PackageRelationshipCollection - Parsing relationship: /_rels/.rels
15:54:34.600 [main] DEBUG org.apache.poi.ooxml.POIXMLFactory - using default POIXMLDocumentPart for http://schemas.microsoft.com/office/2017/10/relationships/person
15:54:34.604 [main] DEBUG org.apache.poi.openxml4j.opc.PackageRelationshipCollection - Parsing relationship: /xl/_rels/workbook.xml.rels
15:54:34.604 [main] DEBUG org.apache.poi.openxml4j.opc.PackageRelationshipCollection - Parsing relationship: /xl/worksheets/_rels/sheet1.xml.rels
15:54:34.604 [main] DEBUG org.apache.poi.openxml4j.opc.PackageRelationshipCollection - Parsing relationship: /_rels/.rels
15:54:34.606 [main] DEBUG org.apache.poi.ooxml.POIXMLFactory - using default POIXMLDocumentPart for http://schemas.microsoft.com/office/2017/10/relationships/person
15:54:34.613 [main] DEBUG org.apache.poi.openxml4j.opc.PackageRelationshipCollection - Parsing relationship: /xl/_rels/workbook.xml.rels
15:54:34.613 [main] DEBUG org.apache.poi.openxml4j.opc.PackageRelationshipCollection - Parsing relationship: /xl/worksheets/_rels/sheet1.xml.rels
15:54:34.614 [main] DEBUG org.apache.poi.openxml4j.opc.PackageRelationshipCollection - Parsing relationship: /_rels/.rels
15:54:34.616 [main] DEBUG org.apache.poi.ooxml.POIXMLFactory - using default POIXMLDocumentPart for http://schemas.microsoft.com/office/2017/10/relationships/person
15:54:34.620 [main] DEBUG org.apache.poi.openxml4j.opc.PackageRelationshipCollection - Parsing relationship: /xl/_rels/workbook.xml.rels
15:54:34.621 [main] DEBUG org.apache.poi.openxml4j.opc.PackageRelationshipCollection - Parsing relationship: /xl/worksheets/_rels/sheet1.xml.rels
15:54:34.621 [main] DEBUG org.apache.poi.openxml4j.opc.PackageRelationshipCollection - Parsing relationship: /_rels/.rels
15:54:34.622 [main] DEBUG org.apache.poi.ooxml.POIXMLFactory - using default POIXMLDocumentPart for http://schemas.microsoft.com/office/2017/10/relationships/person
15:54:34.628 [main] DEBUG org.apache.poi.openxml4j.opc.PackageRelationshipCollection - Parsing relationship: /xl/_rels/workbook.xml.rels
15:54:34.628 [main] DEBUG org.apache.poi.openxml4j.opc.PackageRelationshipCollection - Parsing relationship: /xl/worksheets/_rels/sheet1.xml.rels
15:54:34.628 [main] DEBUG org.apache.poi.openxml4j.opc.PackageRelationshipCollection - Parsing relationship: /_rels/.rels
15:54:34.630 [main] DEBUG org.apache.poi.ooxml.POIXMLFactory - using default POIXMLDocumentPart for http://schemas.microsoft.com/office/2017/10/relationships/person
15:54:34.634 [main] DEBUG org.apache.poi.openxml4j.opc.PackageRelationshipCollection - Parsing relationship: /xl/_rels/workbook.xml.rels
15:54:34.634 [main] DEBUG org.apache.poi.openxml4j.opc.PackageRelationshipCollection - Parsing relationship: /xl/worksheets/_rels/sheet1.xml.rels
15:54:34.634 [main] DEBUG org.apache.poi.openxml4j.opc.PackageRelationshipCollection - Parsing relationship: /_rels/.rels
15:54:34.636 [main] DEBUG org.apache.poi.ooxml.POIXMLFactory - using default POIXMLDocumentPart for http://schemas.microsoft.com/office/2017/10/relationships/person
15:54:34.639 [main] DEBUG org.apache.poi.openxml4j.opc.PackageRelationshipCollection - Parsing relationship: /xl/_rels/workbook.xml.rels
15:54:34.640 [main] DEBUG org.apache.poi.openxml4j.opc.PackageRelationshipCollection - Parsing relationship: /xl/worksheets/_rels/sheet1.xml.rels
15:54:34.640 [main] DEBUG org.apache.poi.openxml4j.opc.PackageRelationshipCollection - Parsing relationship: /_rels/.rels
15:54:34.643 [main] DEBUG org.apache.poi.ooxml.POIXMLFactory - using default POIXMLDocumentPart for http://schemas.microsoft.com/office/2017/10/relationships/person
15:54:34.648 [main] DEBUG org.apache.poi.openxml4j.opc.PackageRelationshipCollection - Parsing relationship: /xl/_rels/workbook.xml.rels
15:54:34.649 [main] DEBUG org.apache.poi.openxml4j.opc.PackageRelationshipCollection - Parsing relationship: /xl/worksheets/_rels/sheet1.xml.rels
15:54:34.649 [main] DEBUG org.apache.poi.openxml4j.opc.PackageRelationshipCollection - Parsing relationship: /_rels/.rels
15:54:34.651 [main] DEBUG org.apache.poi.ooxml.POIXMLFactory - using default POIXMLDocumentPart for http://schemas.microsoft.com/office/2017/10/relationships/person
15:54:34.655 [main] DEBUG org.apache.poi.openxml4j.opc.PackageRelationshipCollection - Parsing relationship: /xl/_rels/workbook.xml.rels
15:54:34.655 [main] DEBUG org.apache.poi.openxml4j.opc.PackageRelationshipCollection - Parsing relationship: /xl/worksheets/_rels/sheet1.xml.rels
15:54:34.655 [main] DEBUG org.apache.poi.openxml4j.opc.PackageRelationshipCollection - Parsing relationship: /_rels/.rels
15:54:34.657 [main] DEBUG org.apache.poi.ooxml.POIXMLFactory - using default POIXMLDocumentPart for http://schemas.microsoft.com/office/2017/10/relationships/person
15:54:34.662 [main] DEBUG org.apache.poi.openxml4j.opc.PackageRelationshipCollection - Parsing relationship: /xl/_rels/workbook.xml.rels
15:54:34.663 [main] DEBUG org.apache.poi.openxml4j.opc.PackageRelationshipCollection - Parsing relationship: /xl/worksheets/_rels/sheet1.xml.rels
15:54:34.663 [main] DEBUG org.apache.poi.openxml4j.opc.PackageRelationshipCollection - Parsing relationship: /_rels/.rels
15:54:34.665 [main] DEBUG org.apache.poi.ooxml.POIXMLFactory - using default POIXMLDocumentPart for http://schemas.microsoft.com/office/2017/10/relationships/person
15:54:34.672 [main] DEBUG org.apache.poi.openxml4j.opc.PackageRelationshipCollection - Parsing relationship: /xl/_rels/workbook.xml.rels
15:54:34.672 [main] DEBUG org.apache.poi.openxml4j.opc.PackageRelationshipCollection - Parsing relationship: /xl/worksheets/_rels/sheet1.xml.rels
15:54:34.672 [main] DEBUG org.apache.poi.openxml4j.opc.PackageRelationshipCollection - Parsing relationship: /_rels/.rels
15:54:34.676 [main] DEBUG org.apache.poi.ooxml.POIXMLFactory - using default POIXMLDocumentPart for http://schemas.microsoft.com/office/2017/10/relationships/person
15:54:34.681 [main] DEBUG org.apache.poi.openxml4j.opc.PackageRelationshipCollection - Parsing relationship: /xl/_rels/workbook.xml.rels
15:54:34.681 [main] DEBUG org.apache.poi.openxml4j.opc.PackageRelationshipCollection - Parsing relationship: /xl/worksheets/_rels/sheet1.xml.rels
15:54:34.681 [main] DEBUG org.apache.poi.openxml4j.opc.PackageRelationshipCollection - Parsing relationship: /_rels/.rels
15:54:34.683 [main] DEBUG org.apache.poi.ooxml.POIXMLFactory - using default POIXMLDocumentPart for http://schemas.microsoft.com/office/2017/10/relationships/person
15:54:34.687 [main] DEBUG org.apache.poi.openxml4j.opc.PackageRelationshipCollection - Parsing relationship: /xl/_rels/workbook.xml.rels
15:54:34.687 [main] DEBUG org.apache.poi.openxml4j.opc.PackageRelationshipCollection - Parsing relationship: /xl/worksheets/_rels/sheet1.xml.rels
15:54:34.687 [main] DEBUG org.apache.poi.openxml4j.opc.PackageRelationshipCollection - Parsing relationship: /_rels/.rels
15:54:34.689 [main] DEBUG org.apache.poi.ooxml.POIXMLFactory - using default POIXMLDocumentPart for http://schemas.microsoft.com/office/2017/10/relationships/person
15:54:34.695 [main] DEBUG org.apache.poi.openxml4j.opc.PackageRelationshipCollection - Parsing relationship: /xl/_rels/workbook.xml.rels
15:54:34.696 [main] DEBUG org.apache.poi.openxml4j.opc.PackageRelationshipCollection - Parsing relationship: /xl/worksheets/_rels/sheet1.xml.rels
15:54:34.696 [main] DEBUG org.apache.poi.openxml4j.opc.PackageRelationshipCollection - Parsing relationship: /_rels/.rels
15:54:34.698 [main] DEBUG org.apache.poi.ooxml.POIXMLFactory - using default POIXMLDocumentPart for http://schemas.microsoft.com/office/2017/10/relationships/person
15:54:34.702 [main] DEBUG org.apache.poi.openxml4j.opc.PackageRelationshipCollection - Parsing relationship: /xl/_rels/workbook.xml.rels
15:54:34.702 [main] DEBUG org.apache.poi.openxml4j.opc.PackageRelationshipCollection - Parsing relationship: /xl/worksheets/_rels/sheet1.xml.rels
15:54:34.702 [main] DEBUG org.apache.poi.openxml4j.opc.PackageRelationshipCollection - Parsing relationship: /_rels/.rels
15:54:34.704 [main] DEBUG org.apache.poi.ooxml.POIXMLFactory - using default POIXMLDocumentPart for http://schemas.microsoft.com/office/2017/10/relationships/person
15:54:34.710 [main] DEBUG org.apache.poi.openxml4j.opc.PackageRelationshipCollection - Parsing relationship: /xl/_rels/workbook.xml.rels
15:54:34.710 [main] DEBUG org.apache.poi.openxml4j.opc.PackageRelationshipCollection - Parsing relationship: /xl/worksheets/_rels/sheet1.xml.rels
15:54:34.710 [main] DEBUG org.apache.poi.openxml4j.opc.PackageRelationshipCollection - Parsing relationship: /_rels/.rels
15:54:34.713 [main] DEBUG org.apache.poi.ooxml.POIXMLFactory - using default POIXMLDocumentPart for http://schemas.microsoft.com/office/2017/10/relationships/person
15:54:34.719 [main] DEBUG org.apache.poi.openxml4j.opc.PackageRelationshipCollection - Parsing relationship: /xl/_rels/workbook.xml.rels
15:54:34.719 [main] DEBUG org.apache.poi.openxml4j.opc.PackageRelationshipCollection - Parsing relationship: /xl/worksheets/_rels/sheet1.xml.rels
15:54:34.719 [main] DEBUG org.apache.poi.openxml4j.opc.PackageRelationshipCollection - Parsing relationship: /_rels/.rels
15:54:34.721 [main] DEBUG org.apache.poi.ooxml.POIXMLFactory - using default POIXMLDocumentPart for http://schemas.microsoft.com/office/2017/10/relationships/person
15:54:34.726 [main] DEBUG org.apache.poi.openxml4j.opc.PackageRelationshipCollection - Parsing relationship: /xl/_rels/workbook.xml.rels
15:54:34.726 [main] DEBUG org.apache.poi.openxml4j.opc.PackageRelationshipCollection - Parsing relationship: /xl/worksheets/_rels/sheet1.xml.rels
15:54:34.727 [main] DEBUG org.apache.poi.openxml4j.opc.PackageRelationshipCollection - Parsing relationship: /_rels/.rels
15:54:34.729 [main] DEBUG org.apache.poi.ooxml.POIXMLFactory - using default POIXMLDocumentPart for http://schemas.microsoft.com/office/2017/10/relationships/person
15:54:34.733 [main] DEBUG org.apache.poi.openxml4j.opc.PackageRelationshipCollection - Parsing relationship: /xl/_rels/workbook.xml.rels
15:54:34.733 [main] DEBUG org.apache.poi.openxml4j.opc.PackageRelationshipCollection - Parsing relationship: /xl/worksheets/_rels/sheet1.xml.rels
15:54:34.733 [main] DEBUG org.apache.poi.openxml4j.opc.PackageRelationshipCollection - Parsing relationship: /_rels/.rels
15:54:34.735 [main] DEBUG org.apache.poi.ooxml.POIXMLFactory - using default POIXMLDocumentPart for http://schemas.microsoft.com/office/2017/10/relationships/person
15:54:34.740 [main] DEBUG org.apache.poi.openxml4j.opc.PackageRelationshipCollection - Parsing relationship: /xl/_rels/workbook.xml.rels
15:54:34.740 [main] DEBUG org.apache.poi.openxml4j.opc.PackageRelationshipCollection - Parsing relationship: /xl/worksheets/_rels/sheet1.xml.rels
15:54:34.740 [main] DEBUG org.apache.poi.openxml4j.opc.PackageRelationshipCollection - Parsing relationship: /_rels/.rels
15:54:34.743 [main] DEBUG org.apache.poi.ooxml.POIXMLFactory - using default POIXMLDocumentPart for http://schemas.microsoft.com/office/2017/10/relationships/person
15:54:34.747 [main] DEBUG org.apache.poi.openxml4j.opc.PackageRelationshipCollection - Parsing relationship: /xl/_rels/workbook.xml.rels
15:54:34.748 [main] DEBUG org.apache.poi.openxml4j.opc.PackageRelationshipCollection - Parsing relationship: /xl/worksheets/_rels/sheet1.xml.rels
15:54:34.748 [main] DEBUG org.apache.poi.openxml4j.opc.PackageRelationshipCollection - Parsing relationship: /_rels/.rels
15:54:34.750 [main] DEBUG org.apache.poi.ooxml.POIXMLFactory - using default POIXMLDocumentPart for http://schemas.microsoft.com/office/2017/10/relationships/person
15:54:34.753 [main] DEBUG org.apache.poi.openxml4j.opc.PackageRelationshipCollection - Parsing relationship: /xl/_rels/workbook.xml.rels
15:54:34.754 [main] DEBUG org.apache.poi.openxml4j.opc.PackageRelationshipCollection - Parsing relationship: /xl/worksheets/_rels/sheet1.xml.rels
15:54:34.754 [main] DEBUG org.apache.poi.openxml4j.opc.PackageRelationshipCollection - Parsing relationship: /_rels/.rels
15:54:34.755 [main] DEBUG org.apache.poi.ooxml.POIXMLFactory - using default POIXMLDocumentPart for http://schemas.microsoft.com/office/2017/10/relationships/person
15:54:34.761 [main] DEBUG org.apache.poi.openxml4j.opc.PackageRelationshipCollection - Parsing relationship: /xl/_rels/workbook.xml.rels
15:54:34.761 [main] DEBUG org.apache.poi.openxml4j.opc.PackageRelationshipCollection - Parsing relationship: /xl/worksheets/_rels/sheet1.xml.rels
15:54:34.761 [main] DEBUG org.apache.poi.openxml4j.opc.PackageRelationshipCollection - Parsing relationship: /_rels/.rels
15:54:34.764 [main] DEBUG org.apache.poi.ooxml.POIXMLFactory - using default POIXMLDocumentPart for http://schemas.microsoft.com/office/2017/10/relationships/person
15:54:34.768 [main] DEBUG org.apache.poi.openxml4j.opc.PackageRelationshipCollection - Parsing relationship: /xl/_rels/workbook.xml.rels
15:54:34.768 [main] DEBUG org.apache.poi.openxml4j.opc.PackageRelationshipCollection - Parsing relationship: /xl/worksheets/_rels/sheet1.xml.rels
15:54:34.768 [main] DEBUG org.apache.poi.openxml4j.opc.PackageRelationshipCollection - Parsing relationship: /_rels/.rels
15:54:34.770 [main] DEBUG org.apache.poi.ooxml.POIXMLFactory - using default POIXMLDocumentPart for http://schemas.microsoft.com/office/2017/10/relationships/person
15:54:34.773 [main] DEBUG org.apache.poi.openxml4j.opc.PackageRelationshipCollection - Parsing relationship: /xl/_rels/workbook.xml.rels
15:54:34.774 [main] DEBUG org.apache.poi.openxml4j.opc.PackageRelationshipCollection - Parsing relationship: /xl/worksheets/_rels/sheet1.xml.rels
15:54:34.774 [main] DEBUG org.apache.poi.openxml4j.opc.PackageRelationshipCollection - Parsing relationship: /_rels/.rels
15:54:34.778 [main] DEBUG org.apache.poi.ooxml.POIXMLFactory - using default POIXMLDocumentPart for http://schemas.microsoft.com/office/2017/10/relationships/person
15:54:34.782 [main] DEBUG org.apache.poi.openxml4j.opc.PackageRelationshipCollection - Parsing relationship: /xl/_rels/workbook.xml.rels
15:54:34.782 [main] DEBUG org.apache.poi.openxml4j.opc.PackageRelationshipCollection - Parsing relationship: /xl/worksheets/_rels/sheet1.xml.rels
15:54:34.782 [main] DEBUG org.apache.poi.openxml4j.opc.PackageRelationshipCollection - Parsing relationship: /_rels/.rels
15:54:34.784 [main] DEBUG org.apache.poi.ooxml.POIXMLFactory - using default POIXMLDocumentPart for http://schemas.microsoft.com/office/2017/10/relationships/person
15:54:34.788 [main] DEBUG org.apache.poi.openxml4j.opc.PackageRelationshipCollection - Parsing relationship: /xl/_rels/workbook.xml.rels
15:54:34.788 [main] DEBUG org.apache.poi.openxml4j.opc.PackageRelationshipCollection - Parsing relationship: /xl/worksheets/_rels/sheet1.xml.rels
15:54:34.788 [main] DEBUG org.apache.poi.openxml4j.opc.PackageRelationshipCollection - Parsing relationship: /_rels/.rels
15:54:34.789 [main] DEBUG org.apache.poi.ooxml.POIXMLFactory - using default POIXMLDocumentPart for http://schemas.microsoft.com/office/2017/10/relationships/person
15:54:34.794 [main] DEBUG org.apache.poi.openxml4j.opc.PackageRelationshipCollection - Parsing relationship: /xl/_rels/workbook.xml.rels
15:54:34.795 [main] DEBUG org.apache.poi.openxml4j.opc.PackageRelationshipCollection - Parsing relationship: /xl/worksheets/_rels/sheet1.xml.rels
15:54:34.795 [main] DEBUG org.apache.poi.openxml4j.opc.PackageRelationshipCollection - Parsing relationship: /_rels/.rels
15:54:34.796 [main] DEBUG org.apache.poi.ooxml.POIXMLFactory - using default POIXMLDocumentPart for http://schemas.microsoft.com/office/2017/10/relationships/person
15:54:34.800 [main] DEBUG org.apache.poi.openxml4j.opc.PackageRelationshipCollection - Parsing relationship: /xl/_rels/workbook.xml.rels
15:54:34.800 [main] DEBUG org.apache.poi.openxml4j.opc.PackageRelationshipCollection - Parsing relationship: /xl/worksheets/_rels/sheet1.xml.rels
15:54:34.800 [main] DEBUG org.apache.poi.openxml4j.opc.PackageRelationshipCollection - Parsing relationship: /_rels/.rels
15:54:34.801 [main] DEBUG org.apache.poi.ooxml.POIXMLFactory - using default POIXMLDocumentPart for http://schemas.microsoft.com/office/2017/10/relationships/person
15:54:34.804 [main] DEBUG org.apache.poi.openxml4j.opc.PackageRelationshipCollection - Parsing relationship: /xl/_rels/workbook.xml.rels
15:54:34.804 [main] DEBUG org.apache.poi.openxml4j.opc.PackageRelationshipCollection - Parsing relationship: /xl/worksheets/_rels/sheet1.xml.rels
15:54:34.804 [main] DEBUG org.apache.poi.openxml4j.opc.PackageRelationshipCollection - Parsing relationship: /_rels/.rels
15:54:34.806 [main] DEBUG org.apache.poi.ooxml.POIXMLFactory - using default POIXMLDocumentPart for http://schemas.microsoft.com/office/2017/10/relationships/person
15:54:34.811 [main] DEBUG org.apache.poi.openxml4j.opc.PackageRelationshipCollection - Parsing relationship: /xl/_rels/workbook.xml.rels
15:54:34.811 [main] DEBUG org.apache.poi.openxml4j.opc.PackageRelationshipCollection - Parsing relationship: /xl/worksheets/_rels/sheet1.xml.rels
15:54:34.811 [main] DEBUG org.apache.poi.openxml4j.opc.PackageRelationshipCollection - Parsing relationship: /_rels/.rels
15:54:34.813 [main] DEBUG org.apache.poi.ooxml.POIXMLFactory - using default POIXMLDocumentPart for http://schemas.microsoft.com/office/2017/10/relationships/person
15:54:34.816 [main] DEBUG org.apache.poi.openxml4j.opc.PackageRelationshipCollection - Parsing relationship: /xl/_rels/workbook.xml.rels
15:54:34.816 [main] DEBUG org.apache.poi.openxml4j.opc.PackageRelationshipCollection - Parsing relationship: /xl/worksheets/_rels/sheet1.xml.rels
15:54:34.816 [main] DEBUG org.apache.poi.openxml4j.opc.PackageRelationshipCollection - Parsing relationship: /_rels/.rels
15:54:34.818 [main] DEBUG org.apache.poi.ooxml.POIXMLFactory - using default POIXMLDocumentPart for http://schemas.microsoft.com/office/2017/10/relationships/person
15:54:34.821 [main] DEBUG org.apache.poi.openxml4j.opc.PackageRelationshipCollection - Parsing relationship: /xl/_rels/workbook.xml.rels
15:54:34.821 [main] DEBUG org.apache.poi.openxml4j.opc.PackageRelationshipCollection - Parsing relationship: /xl/worksheets/_rels/sheet1.xml.rels
15:54:34.821 [main] DEBUG org.apache.poi.openxml4j.opc.PackageRelationshipCollection - Parsing relationship: /_rels/.rels
15:54:34.822 [main] DEBUG org.apache.poi.ooxml.POIXMLFactory - using default POIXMLDocumentPart for http://schemas.microsoft.com/office/2017/10/relationships/person
15:54:34.827 [main] DEBUG org.apache.poi.openxml4j.opc.PackageRelationshipCollection - Parsing relationship: /xl/_rels/workbook.xml.rels
15:54:34.827 [main] DEBUG org.apache.poi.openxml4j.opc.PackageRelationshipCollection - Parsing relationship: /xl/worksheets/_rels/sheet1.xml.rels
15:54:34.827 [main] DEBUG org.apache.poi.openxml4j.opc.PackageRelationshipCollection - Parsing relationship: /_rels/.rels
15:54:34.829 [main] DEBUG org.apache.poi.ooxml.POIXMLFactory - using default POIXMLDocumentPart for http://schemas.microsoft.com/office/2017/10/relationships/person
15:54:34.832 [main] DEBUG org.apache.poi.openxml4j.opc.PackageRelationshipCollection - Parsing relationship: /xl/_rels/workbook.xml.rels
15:54:34.832 [main] DEBUG org.apache.poi.openxml4j.opc.PackageRelationshipCollection - Parsing relationship: /xl/worksheets/_rels/sheet1.xml.rels
15:54:34.832 [main] DEBUG org.apache.poi.openxml4j.opc.PackageRelationshipCollection - Parsing relationship: /_rels/.rels
15:54:34.834 [main] DEBUG org.apache.poi.ooxml.POIXMLFactory - using default POIXMLDocumentPart for http://schemas.microsoft.com/office/2017/10/relationships/person
15:54:34.837 [main] DEBUG org.apache.poi.openxml4j.opc.PackageRelationshipCollection - Parsing relationship: /xl/_rels/workbook.xml.rels
15:54:34.837 [main] DEBUG org.apache.poi.openxml4j.opc.PackageRelationshipCollection - Parsing relationship: /xl/worksheets/_rels/sheet1.xml.rels
15:54:34.837 [main] DEBUG org.apache.poi.openxml4j.opc.PackageRelationshipCollection - Parsing relationship: /_rels/.rels
15:54:34.839 [main] DEBUG org.apache.poi.ooxml.POIXMLFactory - using default POIXMLDocumentPart for http://schemas.microsoft.com/office/2017/10/relationships/person
15:54:34.843 [main] DEBUG org.apache.poi.openxml4j.opc.PackageRelationshipCollection - Parsing relationship: /xl/_rels/workbook.xml.rels
15:54:34.843 [main] DEBUG org.apache.poi.openxml4j.opc.PackageRelationshipCollection - Parsing relationship: /xl/worksheets/_rels/sheet1.xml.rels
15:54:34.843 [main] DEBUG org.apache.poi.openxml4j.opc.PackageRelationshipCollection - Parsing relationship: /_rels/.rels
15:54:34.845 [main] DEBUG org.apache.poi.ooxml.POIXMLFactory - using default POIXMLDocumentPart for http://schemas.microsoft.com/office/2017/10/relationships/person
15:54:34.848 [main] DEBUG org.apache.poi.openxml4j.opc.PackageRelationshipCollection - Parsing relationship: /xl/_rels/workbook.xml.rels
15:54:34.849 [main] DEBUG org.apache.poi.openxml4j.opc.PackageRelationshipCollection - Parsing relationship: /xl/worksheets/_rels/sheet1.xml.rels
15:54:34.849 [main] DEBUG org.apache.poi.openxml4j.opc.PackageRelationshipCollection - Parsing relationship: /_rels/.rels
15:54:34.850 [main] DEBUG org.apache.poi.ooxml.POIXMLFactory - using default POIXMLDocumentPart for http://schemas.microsoft.com/office/2017/10/relationships/person
15:54:34.854 [main] DEBUG org.apache.poi.openxml4j.opc.PackageRelationshipCollection - Parsing relationship: /xl/_rels/workbook.xml.rels
15:54:34.854 [main] DEBUG org.apache.poi.openxml4j.opc.PackageRelationshipCollection - Parsing relationship: /xl/worksheets/_rels/sheet1.xml.rels
15:54:34.854 [main] DEBUG org.apache.poi.openxml4j.opc.PackageRelationshipCollection - Parsing relationship: /_rels/.rels
15:54:34.855 [main] DEBUG org.apache.poi.ooxml.POIXMLFactory - using default POIXMLDocumentPart for http://schemas.microsoft.com/office/2017/10/relationships/person
15:54:34.860 [main] DEBUG org.apache.poi.openxml4j.opc.PackageRelationshipCollection - Parsing relationship: /xl/_rels/workbook.xml.rels
15:54:34.860 [main] DEBUG org.apache.poi.openxml4j.opc.PackageRelationshipCollection - Parsing relationship: /xl/worksheets/_rels/sheet1.xml.rels
15:54:34.860 [main] DEBUG org.apache.poi.openxml4j.opc.PackageRelationshipCollection - Parsing relationship: /_rels/.rels
15:54:34.862 [main] DEBUG org.apache.poi.ooxml.POIXMLFactory - using default POIXMLDocumentPart for http://schemas.microsoft.com/office/2017/10/relationships/person
15:54:34.865 [main] DEBUG org.apache.poi.openxml4j.opc.PackageRelationshipCollection - Parsing relationship: /xl/_rels/workbook.xml.rels
15:54:34.865 [main] DEBUG org.apache.poi.openxml4j.opc.PackageRelationshipCollection - Parsing relationship: /xl/worksheets/_rels/sheet1.xml.rels
15:54:34.865 [main] DEBUG org.apache.poi.openxml4j.opc.PackageRelationshipCollection - Parsing relationship: /_rels/.rels
15:54:34.867 [main] DEBUG org.apache.poi.ooxml.POIXMLFactory - using default POIXMLDocumentPart for http://schemas.microsoft.com/office/2017/10/relationships/person
15:54:34.871 [main] DEBUG org.apache.poi.openxml4j.opc.PackageRelationshipCollection - Parsing relationship: /xl/_rels/workbook.xml.rels
15:54:34.871 [main] DEBUG org.apache.poi.openxml4j.opc.PackageRelationshipCollection - Parsing relationship: /xl/worksheets/_rels/sheet1.xml.rels
15:54:34.871 [main] DEBUG org.apache.poi.openxml4j.opc.PackageRelationshipCollection - Parsing relationship: /_rels/.rels
15:54:34.873 [main] DEBUG org.apache.poi.ooxml.POIXMLFactory - using default POIXMLDocumentPart for http://schemas.microsoft.com/office/2017/10/relationships/person
15:54:34.879 [main] DEBUG org.apache.poi.openxml4j.opc.PackageRelationshipCollection - Parsing relationship: /xl/_rels/workbook.xml.rels
15:54:34.879 [main] DEBUG org.apache.poi.openxml4j.opc.PackageRelationshipCollection - Parsing relationship: /xl/worksheets/_rels/sheet1.xml.rels
15:54:34.879 [main] DEBUG org.apache.poi.openxml4j.opc.PackageRelationshipCollection - Parsing relationship: /_rels/.rels
15:54:34.881 [main] DEBUG org.apache.poi.ooxml.POIXMLFactory - using default POIXMLDocumentPart for http://schemas.microsoft.com/office/2017/10/relationships/person
15:54:34.884 [main] DEBUG org.apache.poi.openxml4j.opc.PackageRelationshipCollection - Parsing relationship: /xl/_rels/workbook.xml.rels
15:54:34.884 [main] DEBUG org.apache.poi.openxml4j.opc.PackageRelationshipCollection - Parsing relationship: /xl/worksheets/_rels/sheet1.xml.rels
15:54:34.885 [main] DEBUG org.apache.poi.openxml4j.opc.PackageRelationshipCollection - Parsing relationship: /_rels/.rels
15:54:34.886 [main] DEBUG org.apache.poi.ooxml.POIXMLFactory - using default POIXMLDocumentPart for http://schemas.microsoft.com/office/2017/10/relationships/person
15:54:34.890 [main] DEBUG org.apache.poi.openxml4j.opc.PackageRelationshipCollection - Parsing relationship: /xl/_rels/workbook.xml.rels
15:54:34.890 [main] DEBUG org.apache.poi.openxml4j.opc.PackageRelationshipCollection - Parsing relationship: /xl/worksheets/_rels/sheet1.xml.rels
15:54:34.890 [main] DEBUG org.apache.poi.openxml4j.opc.PackageRelationshipCollection - Parsing relationship: /_rels/.rels
15:54:34.893 [main] DEBUG org.apache.poi.ooxml.POIXMLFactory - using default POIXMLDocumentPart for http://schemas.microsoft.com/office/2017/10/relationships/person
15:54:34.896 [main] DEBUG org.apache.poi.openxml4j.opc.PackageRelationshipCollection - Parsing relationship: /xl/_rels/workbook.xml.rels
15:54:34.896 [main] DEBUG org.apache.poi.openxml4j.opc.PackageRelationshipCollection - Parsing relationship: /xl/worksheets/_rels/sheet1.xml.rels
15:54:34.896 [main] DEBUG org.apache.poi.openxml4j.opc.PackageRelationshipCollection - Parsing relationship: /_rels/.rels
15:54:34.898 [main] DEBUG org.apache.poi.ooxml.POIXMLFactory - using default POIXMLDocumentPart for http://schemas.microsoft.com/office/2017/10/relationships/person
15:54:34.901 [main] DEBUG org.apache.poi.openxml4j.opc.PackageRelationshipCollection - Parsing relationship: /xl/_rels/workbook.xml.rels
15:54:34.901 [main] DEBUG org.apache.poi.openxml4j.opc.PackageRelationshipCollection - Parsing relationship: /xl/worksheets/_rels/sheet1.xml.rels
15:54:34.901 [main] DEBUG org.apache.poi.openxml4j.opc.PackageRelationshipCollection - Parsing relationship: /_rels/.rels
15:54:34.903 [main] DEBUG org.apache.poi.ooxml.POIXMLFactory - using default POIXMLDocumentPart for http://schemas.microsoft.com/office/2017/10/relationships/person
15:54:34.906 [main] DEBUG org.apache.poi.openxml4j.opc.PackageRelationshipCollection - Parsing relationship: /xl/_rels/workbook.xml.rels
15:54:34.906 [main] DEBUG org.apache.poi.openxml4j.opc.PackageRelationshipCollection - Parsing relationship: /xl/worksheets/_rels/sheet1.xml.rels
15:54:34.906 [main] DEBUG org.apache.poi.openxml4j.opc.PackageRelationshipCollection - Parsing relationship: /_rels/.rels
15:54:34.908 [main] DEBUG org.apache.poi.ooxml.POIXMLFactory - using default POIXMLDocumentPart for http://schemas.microsoft.com/office/2017/10/relationships/person
15:54:34.912 [main] DEBUG org.apache.poi.openxml4j.opc.PackageRelationshipCollection - Parsing relationship: /xl/_rels/workbook.xml.rels
15:54:34.912 [main] DEBUG org.apache.poi.openxml4j.opc.PackageRelationshipCollection - Parsing relationship: /xl/worksheets/_rels/sheet1.xml.rels
15:54:34.912 [main] DEBUG org.apache.poi.openxml4j.opc.PackageRelationshipCollection - Parsing relationship: /_rels/.rels
15:54:34.914 [main] DEBUG org.apache.poi.ooxml.POIXMLFactory - using default POIXMLDocumentPart for http://schemas.microsoft.com/office/2017/10/relationships/person
15:54:34.917 [main] DEBUG org.apache.poi.openxml4j.opc.PackageRelationshipCollection - Parsing relationship: /xl/_rels/workbook.xml.rels
15:54:34.917 [main] DEBUG org.apache.poi.openxml4j.opc.PackageRelationshipCollection - Parsing relationship: /xl/worksheets/_rels/sheet1.xml.rels
15:54:34.917 [main] DEBUG org.apache.poi.openxml4j.opc.PackageRelationshipCollection - Parsing relationship: /_rels/.rels
15:54:34.919 [main] DEBUG org.apache.poi.ooxml.POIXMLFactory - using default POIXMLDocumentPart for http://schemas.microsoft.com/office/2017/10/relationships/person
15:54:34.922 [main] DEBUG org.apache.poi.openxml4j.opc.PackageRelationshipCollection - Parsing relationship: /xl/_rels/workbook.xml.rels
15:54:34.922 [main] DEBUG org.apache.poi.openxml4j.opc.PackageRelationshipCollection - Parsing relationship: /xl/worksheets/_rels/sheet1.xml.rels
15:54:34.922 [main] DEBUG org.apache.poi.openxml4j.opc.PackageRelationshipCollection - Parsing relationship: /_rels/.rels
15:54:34.923 [main] DEBUG org.apache.poi.ooxml.POIXMLFactory - using default POIXMLDocumentPart for http://schemas.microsoft.com/office/2017/10/relationships/person
15:54:34.928 [main] DEBUG org.apache.poi.openxml4j.opc.PackageRelationshipCollection - Parsing relationship: /xl/_rels/workbook.xml.rels
15:54:34.928 [main] DEBUG org.apache.poi.openxml4j.opc.PackageRelationshipCollection - Parsing relationship: /xl/worksheets/_rels/sheet1.xml.rels
15:54:34.928 [main] DEBUG org.apache.poi.openxml4j.opc.PackageRelationshipCollection - Parsing relationship: /_rels/.rels
15:54:34.929 [main] DEBUG org.apache.poi.ooxml.POIXMLFactory - using default POIXMLDocumentPart for http://schemas.microsoft.com/office/2017/10/relationships/person
15:54:34.932 [main] DEBUG org.apache.poi.openxml4j.opc.PackageRelationshipCollection - Parsing relationship: /xl/_rels/workbook.xml.rels
15:54:34.933 [main] DEBUG org.apache.poi.openxml4j.opc.PackageRelationshipCollection - Parsing relationship: /xl/worksheets/_rels/sheet1.xml.rels
15:54:34.933 [main] DEBUG org.apache.poi.openxml4j.opc.PackageRelationshipCollection - Parsing relationship: /_rels/.rels
15:54:34.934 [main] DEBUG org.apache.poi.ooxml.POIXMLFactory - using default POIXMLDocumentPart for http://schemas.microsoft.com/office/2017/10/relationships/person
15:54:34.937 [main] DEBUG org.apache.poi.openxml4j.opc.PackageRelationshipCollection - Parsing relationship: /xl/_rels/workbook.xml.rels
15:54:34.937 [main] DEBUG org.apache.poi.openxml4j.opc.PackageRelationshipCollection - Parsing relationship: /xl/worksheets/_rels/sheet1.xml.rels
15:54:34.938 [main] DEBUG org.apache.poi.openxml4j.opc.PackageRelationshipCollection - Parsing relationship: /_rels/.rels
15:54:34.939 [main] DEBUG org.apache.poi.ooxml.POIXMLFactory - using default POIXMLDocumentPart for http://schemas.microsoft.com/office/2017/10/relationships/person
15:54:34.943 [main] DEBUG org.apache.poi.openxml4j.opc.PackageRelationshipCollection - Parsing relationship: /xl/_rels/workbook.xml.rels
15:54:34.943 [main] DEBUG org.apache.poi.openxml4j.opc.PackageRelationshipCollection - Parsing relationship: /xl/worksheets/_rels/sheet1.xml.rels
15:54:34.943 [main] DEBUG org.apache.poi.openxml4j.opc.PackageRelationshipCollection - Parsing relationship: /_rels/.rels
15:54:34.945 [main] DEBUG org.apache.poi.ooxml.POIXMLFactory - using default POIXMLDocumentPart for http://schemas.microsoft.com/office/2017/10/relationships/person
15:54:34.961 [main] INFO  testCases.Tc_loginDDT - loginfunctionality_DDT test starting
15:54:34.981 [main] INFO  testCases.Tc_loginDDT - User Data Input start
15:54:34.981 [main] INFO  testCases.Tc_loginDDT - username input
15:54:35.086 [main] INFO  testCases.Tc_loginDDT - passwd input
15:54:35.190 [main] INFO  testCases.Tc_loginDDT - click on T&C Radio button
15:54:35.291 [main] INFO  testCases.Tc_loginDDT - Click On Signin button
15:54:35.419 [main] INFO  testCases.Tc_loginDDT - verify the login sucessful or not 
15:54:38.016 [main] INFO  testCases.Tc_loginDDT - loginfunctionality_DDT test finished
15:54:38.023 [main] INFO  testCases.Tc_loginDDT - loginfunctionality_DDT test starting
15:54:38.024 [main] INFO  testCases.Tc_loginDDT - User Data Input start
15:54:38.024 [main] INFO  testCases.Tc_loginDDT - username input
15:54:48.084 [main] ERROR testCases.Tc_loginDDT - Test case failed
15:54:48.089 [main] INFO  testCases.Tc_loginDDT - loginfunctionality_DDT test starting
15:54:48.090 [main] INFO  testCases.Tc_loginDDT - User Data Input start
15:54:48.090 [main] INFO  testCases.Tc_loginDDT - username input
15:54:58.169 [main] ERROR testCases.Tc_loginDDT - Test case failed
15:54:58.176 [main] INFO  testCases.Tc_loginDDT - loginfunctionality_DDT test starting
15:54:58.177 [main] INFO  testCases.Tc_loginDDT - User Data Input start
15:54:58.177 [main] INFO  testCases.Tc_loginDDT - username input
15:55:06.759 [main] ERROR testCases.Tc_loginDDT - Test case failed
15:55:06.767 [main] INFO  testCases.Tc_loginDDT - loginfunctionality_DDT test starting
15:55:06.768 [main] INFO  testCases.Tc_loginDDT - User Data Input start
15:55:06.768 [main] INFO  testCases.Tc_loginDDT - username input
15:55:06.862 [main] ERROR testCases.Tc_loginDDT - Test case failed
15:55:06.868 [main] INFO  testCases.Tc_loginDDT - loginfunctionality_DDT test starting
15:55:06.869 [main] INFO  testCases.Tc_loginDDT - User Data Input start
15:55:06.870 [main] INFO  testCases.Tc_loginDDT - username input
15:55:06.878 [main] ERROR testCases.Tc_loginDDT - Test case failed
15:55:06.882 [main] INFO  testCases.Tc_loginDDT - loginfunctionality_DDT test starting
15:55:06.883 [main] INFO  testCases.Tc_loginDDT - User Data Input start
15:55:06.884 [main] INFO  testCases.Tc_loginDDT - username input
15:55:06.889 [main] ERROR testCases.Tc_loginDDT - Test case failed
15:55:06.895 [main] INFO  testCases.Tc_loginDDT - loginfunctionality_DDT test starting
15:55:06.896 [main] INFO  testCases.Tc_loginDDT - User Data Input start
15:55:06.896 [main] INFO  testCases.Tc_loginDDT - username input
15:55:06.901 [main] ERROR testCases.Tc_loginDDT - Test case failed
15:55:06.904 [main] INFO  testCases.Tc_loginDDT - loginfunctionality_DDT test starting
15:55:06.904 [main] INFO  testCases.Tc_loginDDT - User Data Input start
15:55:06.905 [main] INFO  testCases.Tc_loginDDT - username input
15:55:06.909 [main] ERROR testCases.Tc_loginDDT - Test case failed
15:55:06.912 [main] INFO  testCases.Tc_loginDDT - loginfunctionality_DDT test starting
15:55:06.912 [main] INFO  testCases.Tc_loginDDT - User Data Input start
15:55:06.912 [main] INFO  testCases.Tc_loginDDT - username input
15:55:06.917 [main] ERROR testCases.Tc_loginDDT - Test case failed
15:55:06.920 [main] INFO  testCases.Tc_loginDDT - loginfunctionality_DDT test starting
15:55:06.921 [main] INFO  testCases.Tc_loginDDT - User Data Input start
15:55:06.921 [main] INFO  testCases.Tc_loginDDT - username input
15:55:06.925 [main] ERROR testCases.Tc_loginDDT - Test case failed
15:55:06.928 [main] INFO  testCases.Tc_loginDDT - loginfunctionality_DDT test starting
15:55:06.928 [main] INFO  testCases.Tc_loginDDT - User Data Input start
15:55:06.928 [main] INFO  testCases.Tc_loginDDT - username input
15:55:06.933 [main] ERROR testCases.Tc_loginDDT - Test case failed
15:55:06.936 [main] INFO  testCases.Tc_loginDDT - loginfunctionality_DDT test starting
15:55:06.936 [main] INFO  testCases.Tc_loginDDT - User Data Input start
15:55:06.936 [main] INFO  testCases.Tc_loginDDT - username input
15:55:06.940 [main] ERROR testCases.Tc_loginDDT - Test case failed
15:55:06.944 [main] INFO  testCases.Tc_loginDDT - loginfunctionality_DDT test starting
15:55:06.944 [main] INFO  testCases.Tc_loginDDT - User Data Input start
15:55:06.944 [main] INFO  testCases.Tc_loginDDT - username input
15:55:06.948 [main] ERROR testCases.Tc_loginDDT - Test case failed
15:55:06.952 [main] INFO  testCases.Tc_loginDDT - loginfunctionality_DDT test starting
15:55:06.952 [main] INFO  testCases.Tc_loginDDT - User Data Input start
15:55:06.952 [main] INFO  testCases.Tc_loginDDT - username input
15:55:06.956 [main] ERROR testCases.Tc_loginDDT - Test case failed
15:55:06.959 [main] INFO  testCases.Tc_loginDDT - loginfunctionality_DDT test starting
15:55:06.960 [main] INFO  testCases.Tc_loginDDT - User Data Input start
15:55:06.960 [main] INFO  testCases.Tc_loginDDT - username input
15:55:06.963 [main] ERROR testCases.Tc_loginDDT - Test case failed
15:55:06.965 [main] INFO  testCases.Tc_loginDDT - loginfunctionality_DDT test starting
15:55:06.966 [main] INFO  testCases.Tc_loginDDT - User Data Input start
15:55:06.966 [main] INFO  testCases.Tc_loginDDT - username input
15:55:06.970 [main] ERROR testCases.Tc_loginDDT - Test case failed
15:55:06.972 [main] INFO  testCases.Tc_loginDDT - loginfunctionality_DDT test starting
15:55:06.973 [main] INFO  testCases.Tc_loginDDT - User Data Input start
15:55:06.973 [main] INFO  testCases.Tc_loginDDT - username input
15:55:06.978 [main] ERROR testCases.Tc_loginDDT - Test case failed
15:55:06.980 [main] INFO  testCases.Tc_loginDDT - loginfunctionality_DDT test starting
15:55:06.981 [main] INFO  testCases.Tc_loginDDT - User Data Input start
15:55:06.981 [main] INFO  testCases.Tc_loginDDT - username input
15:55:06.984 [main] ERROR testCases.Tc_loginDDT - Test case failed
15:55:06.986 [main] INFO  testCases.Tc_loginDDT - loginfunctionality_DDT test starting
15:55:06.986 [main] INFO  testCases.Tc_loginDDT - User Data Input start
15:55:06.986 [main] INFO  testCases.Tc_loginDDT - username input
15:55:06.990 [main] ERROR testCases.Tc_loginDDT - Test case failed
15:55:06.993 [main] INFO  testCases.Tc_loginDDT - loginfunctionality_DDT test starting
15:55:06.993 [main] INFO  testCases.Tc_loginDDT - User Data Input start
15:55:06.994 [main] INFO  testCases.Tc_loginDDT - username input
15:55:06.998 [main] ERROR testCases.Tc_loginDDT - Test case failed
15:55:07.000 [main] INFO  testCases.Tc_loginDDT - loginfunctionality_DDT test starting
15:55:07.001 [main] INFO  testCases.Tc_loginDDT - User Data Input start
15:55:07.001 [main] INFO  testCases.Tc_loginDDT - username input
15:55:07.004 [main] ERROR testCases.Tc_loginDDT - Test case failed
15:55:07.006 [main] INFO  testCases.Tc_loginDDT - loginfunctionality_DDT test starting
15:55:07.007 [main] INFO  testCases.Tc_loginDDT - User Data Input start
15:55:07.007 [main] INFO  testCases.Tc_loginDDT - username input
15:55:07.012 [main] ERROR testCases.Tc_loginDDT - Test case failed
15:55:07.014 [main] INFO  testCases.Tc_loginDDT - loginfunctionality_DDT test starting
15:55:07.015 [main] INFO  testCases.Tc_loginDDT - User Data Input start
15:55:07.015 [main] INFO  testCases.Tc_loginDDT - username input
15:55:07.019 [main] ERROR testCases.Tc_loginDDT - Test case failed
15:55:07.021 [main] INFO  testCases.Tc_loginDDT - loginfunctionality_DDT test starting
15:55:07.021 [main] INFO  testCases.Tc_loginDDT - User Data Input start
15:55:07.021 [main] INFO  testCases.Tc_loginDDT - username input
15:55:07.024 [main] ERROR testCases.Tc_loginDDT - Test case failed
15:55:07.028 [main] INFO  testCases.Tc_loginDDT - loginfunctionality_DDT test starting
15:55:07.029 [main] INFO  testCases.Tc_loginDDT - User Data Input start
15:55:07.030 [main] INFO  testCases.Tc_loginDDT - username input
15:55:07.033 [main] ERROR testCases.Tc_loginDDT - Test case failed
15:55:07.035 [main] INFO  testCases.Tc_loginDDT - loginfunctionality_DDT test starting
15:55:07.036 [main] INFO  testCases.Tc_loginDDT - User Data Input start
15:55:07.036 [main] INFO  testCases.Tc_loginDDT - username input
15:55:07.040 [main] ERROR testCases.Tc_loginDDT - Test case failed
15:55:07.045 [main] INFO  testCases.Tc_loginDDT - loginfunctionality_DDT test starting
15:55:07.045 [main] INFO  testCases.Tc_loginDDT - User Data Input start
15:55:07.045 [main] INFO  testCases.Tc_loginDDT - username input
15:55:07.049 [main] ERROR testCases.Tc_loginDDT - Test case failed
15:55:07.051 [main] INFO  testCases.Tc_loginDDT - loginfunctionality_DDT test starting
15:55:07.052 [main] INFO  testCases.Tc_loginDDT - User Data Input start
15:55:07.052 [main] INFO  testCases.Tc_loginDDT - username input
15:55:07.056 [main] ERROR testCases.Tc_loginDDT - Test case failed
15:55:07.059 [main] INFO  testCases.Tc_loginDDT - loginfunctionality_DDT test starting
15:55:07.060 [main] INFO  testCases.Tc_loginDDT - User Data Input start
15:55:07.060 [main] INFO  testCases.Tc_loginDDT - username input
15:55:07.064 [main] ERROR testCases.Tc_loginDDT - Test case failed
15:55:07.066 [main] INFO  testCases.Tc_loginDDT - loginfunctionality_DDT test starting
15:55:07.066 [main] INFO  testCases.Tc_loginDDT - User Data Input start
15:55:07.066 [main] INFO  testCases.Tc_loginDDT - username input
15:55:07.069 [main] ERROR testCases.Tc_loginDDT - Test case failed
15:55:07.072 [main] INFO  testCases.Tc_loginDDT - loginfunctionality_DDT test starting
15:55:07.072 [main] INFO  testCases.Tc_loginDDT - User Data Input start
15:55:07.072 [main] INFO  testCases.Tc_loginDDT - username input
15:55:07.076 [main] ERROR testCases.Tc_loginDDT - Test case failed
15:55:07.079 [main] INFO  testCases.Tc_loginDDT - loginfunctionality_DDT test starting
15:55:07.079 [main] INFO  testCases.Tc_loginDDT - User Data Input start
15:55:07.079 [main] INFO  testCases.Tc_loginDDT - username input
15:55:07.082 [main] ERROR testCases.Tc_loginDDT - Test case failed
15:55:07.084 [main] INFO  testCases.Tc_loginDDT - loginfunctionality_DDT test starting
15:55:07.084 [main] INFO  testCases.Tc_loginDDT - User Data Input start
15:55:07.084 [main] INFO  testCases.Tc_loginDDT - username input
15:55:07.088 [main] ERROR testCases.Tc_loginDDT - Test case failed
15:55:07.090 [main] INFO  testCases.Tc_loginDDT - loginfunctionality_DDT test starting
15:55:07.090 [main] INFO  testCases.Tc_loginDDT - User Data Input start
15:55:07.090 [main] INFO  testCases.Tc_loginDDT - username input
15:55:07.093 [main] ERROR testCases.Tc_loginDDT - Test case failed
15:55:07.096 [main] INFO  testCases.Tc_loginDDT - loginfunctionality_DDT test starting
15:55:07.097 [main] INFO  testCases.Tc_loginDDT - User Data Input start
15:55:07.097 [main] INFO  testCases.Tc_loginDDT - username input
15:55:07.100 [main] ERROR testCases.Tc_loginDDT - Test case failed
15:55:07.102 [main] INFO  testCases.Tc_loginDDT - loginfunctionality_DDT test starting
15:55:07.102 [main] INFO  testCases.Tc_loginDDT - User Data Input start
15:55:07.102 [main] INFO  testCases.Tc_loginDDT - username input
15:55:07.105 [main] ERROR testCases.Tc_loginDDT - Test case failed
15:55:07.108 [main] INFO  testCases.Tc_loginDDT - loginfunctionality_DDT test starting
15:55:07.109 [main] INFO  testCases.Tc_loginDDT - User Data Input start
15:55:07.109 [main] INFO  testCases.Tc_loginDDT - username input
15:55:07.113 [main] ERROR testCases.Tc_loginDDT - Test case failed
15:55:07.116 [main] INFO  testCases.Tc_loginDDT - loginfunctionality_DDT test starting
15:55:07.116 [main] INFO  testCases.Tc_loginDDT - User Data Input start
15:55:07.116 [main] INFO  testCases.Tc_loginDDT - username input
15:55:07.120 [main] ERROR testCases.Tc_loginDDT - Test case failed
15:55:07.123 [main] INFO  testCases.Tc_loginDDT - loginfunctionality_DDT test starting
15:55:07.123 [main] INFO  testCases.Tc_loginDDT - User Data Input start
15:55:07.123 [main] INFO  testCases.Tc_loginDDT - username input
15:55:07.128 [main] ERROR testCases.Tc_loginDDT - Test case failed
15:55:07.131 [main] INFO  testCases.Tc_loginDDT - loginfunctionality_DDT test starting
15:55:07.132 [main] INFO  testCases.Tc_loginDDT - User Data Input start
15:55:07.132 [main] INFO  testCases.Tc_loginDDT - username input
15:55:07.136 [main] ERROR testCases.Tc_loginDDT - Test case failed
15:55:07.140 [main] INFO  testCases.Tc_loginDDT - loginfunctionality_DDT test starting
15:55:07.140 [main] INFO  testCases.Tc_loginDDT - User Data Input start
15:55:07.140 [main] INFO  testCases.Tc_loginDDT - username input
15:55:07.145 [main] ERROR testCases.Tc_loginDDT - Test case failed
15:55:07.148 [main] INFO  testCases.Tc_loginDDT - loginfunctionality_DDT test starting
15:55:07.149 [main] INFO  testCases.Tc_loginDDT - User Data Input start
15:55:07.149 [main] INFO  testCases.Tc_loginDDT - username input
15:55:07.154 [main] ERROR testCases.Tc_loginDDT - Test case failed
15:55:07.158 [main] INFO  testCases.Tc_loginDDT - loginfunctionality_DDT test starting
15:55:07.160 [main] INFO  testCases.Tc_loginDDT - User Data Input start
15:55:07.160 [main] INFO  testCases.Tc_loginDDT - username input
15:55:07.166 [main] ERROR testCases.Tc_loginDDT - Test case failed
15:55:07.169 [main] INFO  testCases.Tc_loginDDT - loginfunctionality_DDT test starting
15:55:07.171 [main] INFO  testCases.Tc_loginDDT - User Data Input start
15:55:07.171 [main] INFO  testCases.Tc_loginDDT - username input
15:55:07.177 [main] ERROR testCases.Tc_loginDDT - Test case failed
15:55:07.180 [main] INFO  testCases.Tc_loginDDT - loginfunctionality_DDT test starting
15:55:07.180 [main] INFO  testCases.Tc_loginDDT - User Data Input start
15:55:07.180 [main] INFO  testCases.Tc_loginDDT - username input
15:55:07.185 [main] ERROR testCases.Tc_loginDDT - Test case failed
15:55:07.188 [main] INFO  testCases.Tc_loginDDT - loginfunctionality_DDT test starting
15:55:07.189 [main] INFO  testCases.Tc_loginDDT - User Data Input start
15:55:07.189 [main] INFO  testCases.Tc_loginDDT - username input
15:55:07.195 [main] ERROR testCases.Tc_loginDDT - Test case failed
15:55:07.198 [main] INFO  testCases.Tc_loginDDT - loginfunctionality_DDT test starting
15:55:07.199 [main] INFO  testCases.Tc_loginDDT - User Data Input start
15:55:07.199 [main] INFO  testCases.Tc_loginDDT - username input
15:55:07.206 [main] ERROR testCases.Tc_loginDDT - Test case failed
15:55:07.211 [main] INFO  testCases.Tc_loginDDT - loginfunctionality_DDT test starting
15:55:07.212 [main] INFO  testCases.Tc_loginDDT - User Data Input start
15:55:07.212 [main] INFO  testCases.Tc_loginDDT - username input
15:55:07.216 [main] ERROR testCases.Tc_loginDDT - Test case failed
15:55:07.220 [main] INFO  testCases.Tc_loginDDT - loginfunctionality_DDT test starting
15:55:07.222 [main] INFO  testCases.Tc_loginDDT - User Data Input start
15:55:07.222 [main] INFO  testCases.Tc_loginDDT - username input
15:55:07.228 [main] ERROR testCases.Tc_loginDDT - Test case failed
15:55:07.232 [main] INFO  testCases.Tc_loginDDT - loginfunctionality_DDT test starting
15:55:07.233 [main] INFO  testCases.Tc_loginDDT - User Data Input start
15:55:07.233 [main] INFO  testCases.Tc_loginDDT - username input
15:55:07.238 [main] ERROR testCases.Tc_loginDDT - Test case failed
15:55:07.243 [main] INFO  testCases.Tc_loginDDT - loginfunctionality_DDT test starting
15:55:07.244 [main] INFO  testCases.Tc_loginDDT - User Data Input start
15:55:07.244 [main] INFO  testCases.Tc_loginDDT - username input
15:55:07.249 [main] ERROR testCases.Tc_loginDDT - Test case failed
15:55:07.252 [main] INFO  testCases.Tc_loginDDT - loginfunctionality_DDT test starting
15:55:07.252 [main] INFO  testCases.Tc_loginDDT - User Data Input start
15:55:07.252 [main] INFO  testCases.Tc_loginDDT - username input
15:55:07.258 [main] ERROR testCases.Tc_loginDDT - Test case failed
15:55:07.262 [main] INFO  testCases.Tc_loginDDT - loginfunctionality_DDT test starting
15:55:07.262 [main] INFO  testCases.Tc_loginDDT - User Data Input start
15:55:07.262 [main] INFO  testCases.Tc_loginDDT - username input
15:55:07.267 [main] ERROR testCases.Tc_loginDDT - Test case failed
15:55:07.271 [main] INFO  testCases.Tc_loginDDT - loginfunctionality_DDT test starting
15:55:07.272 [main] INFO  testCases.Tc_loginDDT - User Data Input start
15:55:07.272 [main] INFO  testCases.Tc_loginDDT - username input
15:55:07.278 [main] ERROR testCases.Tc_loginDDT - Test case failed
15:55:07.281 [main] INFO  testCases.Tc_loginDDT - loginfunctionality_DDT test starting
15:55:07.281 [main] INFO  testCases.Tc_loginDDT - User Data Input start
15:55:07.281 [main] INFO  testCases.Tc_loginDDT - username input
15:55:07.287 [main] ERROR testCases.Tc_loginDDT - Test case failed
15:55:07.290 [main] INFO  testCases.Tc_loginDDT - loginfunctionality_DDT test starting
15:55:07.291 [main] INFO  testCases.Tc_loginDDT - User Data Input start
15:55:07.291 [main] INFO  testCases.Tc_loginDDT - username input
15:55:07.297 [main] ERROR testCases.Tc_loginDDT - Test case failed
15:55:07.300 [main] INFO  testCases.Tc_loginDDT - loginfunctionality_DDT test starting
15:55:07.301 [main] INFO  testCases.Tc_loginDDT - User Data Input start
15:55:07.301 [main] INFO  testCases.Tc_loginDDT - username input
15:55:07.306 [main] ERROR testCases.Tc_loginDDT - Test case failed
15:55:07.311 [main] INFO  testCases.Tc_loginDDT - loginfunctionality_DDT test starting
15:55:07.311 [main] INFO  testCases.Tc_loginDDT - User Data Input start
15:55:07.311 [main] INFO  testCases.Tc_loginDDT - username input
15:55:07.317 [main] ERROR testCases.Tc_loginDDT - Test case failed
15:55:07.321 [main] INFO  testCases.Tc_loginDDT - loginfunctionality_DDT test starting
15:55:07.321 [main] INFO  testCases.Tc_loginDDT - User Data Input start
15:55:07.322 [main] INFO  testCases.Tc_loginDDT - username input
15:55:07.328 [main] ERROR testCases.Tc_loginDDT - Test case failed
15:55:07.331 [main] INFO  testCases.Tc_loginDDT - loginfunctionality_DDT test starting
15:55:07.332 [main] INFO  testCases.Tc_loginDDT - User Data Input start
15:55:07.332 [main] INFO  testCases.Tc_loginDDT - username input
15:55:07.337 [main] ERROR testCases.Tc_loginDDT - Test case failed
15:55:07.341 [main] INFO  testCases.Tc_loginDDT - loginfunctionality_DDT test starting
15:55:07.341 [main] INFO  testCases.Tc_loginDDT - User Data Input start
15:55:07.341 [main] INFO  testCases.Tc_loginDDT - username input
15:55:07.346 [main] ERROR testCases.Tc_loginDDT - Test case failed
15:55:07.350 [main] INFO  testCases.Tc_loginDDT - loginfunctionality_DDT test starting
15:55:07.350 [main] INFO  testCases.Tc_loginDDT - User Data Input start
15:55:07.350 [main] INFO  testCases.Tc_loginDDT - username input
15:55:07.356 [main] ERROR testCases.Tc_loginDDT - Test case failed
15:55:07.359 [main] INFO  testCases.Tc_loginDDT - loginfunctionality_DDT test starting
15:55:07.360 [main] INFO  testCases.Tc_loginDDT - User Data Input start
15:55:07.360 [main] INFO  testCases.Tc_loginDDT - username input
15:55:07.364 [main] ERROR testCases.Tc_loginDDT - Test case failed
15:55:07.371 [main] INFO  testCases.Tc_loginDDT - loginfunctionality_DDT test starting
15:55:07.372 [main] INFO  testCases.Tc_loginDDT - User Data Input start
15:55:07.372 [main] INFO  testCases.Tc_loginDDT - username input
15:55:07.375 [main] ERROR testCases.Tc_loginDDT - Test case failed
15:55:07.377 [main] INFO  testCases.Tc_loginDDT - loginfunctionality_DDT test starting
15:55:07.377 [main] INFO  testCases.Tc_loginDDT - User Data Input start
15:55:07.377 [main] INFO  testCases.Tc_loginDDT - username input
15:55:07.381 [main] ERROR testCases.Tc_loginDDT - Test case failed
15:55:07.384 [main] INFO  testCases.Tc_loginDDT - loginfunctionality_DDT test starting
15:55:07.384 [main] INFO  testCases.Tc_loginDDT - User Data Input start
15:55:07.384 [main] INFO  testCases.Tc_loginDDT - username input
15:55:07.387 [main] ERROR testCases.Tc_loginDDT - Test case failed
15:55:07.390 [main] INFO  testCases.Tc_loginDDT - loginfunctionality_DDT test starting
15:55:07.390 [main] INFO  testCases.Tc_loginDDT - User Data Input start
15:55:07.391 [main] INFO  testCases.Tc_loginDDT - username input
15:55:07.395 [main] ERROR testCases.Tc_loginDDT - Test case failed
15:55:07.397 [main] INFO  testCases.Tc_loginDDT - loginfunctionality_DDT test starting
15:55:07.398 [main] INFO  testCases.Tc_loginDDT - User Data Input start
15:55:07.398 [main] INFO  testCases.Tc_loginDDT - username input
15:55:07.401 [main] ERROR testCases.Tc_loginDDT - Test case failed
15:55:07.403 [main] INFO  testCases.Tc_loginDDT - loginfunctionality_DDT test starting
15:55:07.404 [main] INFO  testCases.Tc_loginDDT - User Data Input start
15:55:07.404 [main] INFO  testCases.Tc_loginDDT - username input
15:55:07.408 [main] ERROR testCases.Tc_loginDDT - Test case failed
15:55:07.413 [main] INFO  testCases.Tc_loginDDT - loginfunctionality_DDT test starting
15:55:07.413 [main] INFO  testCases.Tc_loginDDT - User Data Input start
15:55:07.413 [main] INFO  testCases.Tc_loginDDT - username input
15:55:07.417 [main] ERROR testCases.Tc_loginDDT - Test case failed
15:55:07.419 [main] INFO  testCases.Tc_loginDDT - loginfunctionality_DDT test starting
15:55:07.420 [main] INFO  testCases.Tc_loginDDT - User Data Input start
15:55:07.420 [main] INFO  testCases.Tc_loginDDT - username input
15:55:07.424 [main] ERROR testCases.Tc_loginDDT - Test case failed
15:55:07.428 [main] INFO  testCases.Tc_loginDDT - loginfunctionality_DDT test starting
15:55:07.428 [main] INFO  testCases.Tc_loginDDT - User Data Input start
15:55:07.428 [main] INFO  testCases.Tc_loginDDT - username input
15:55:07.431 [main] ERROR testCases.Tc_loginDDT - Test case failed
15:55:07.433 [main] INFO  testCases.Tc_loginDDT - loginfunctionality_DDT test starting
15:55:07.434 [main] INFO  testCases.Tc_loginDDT - User Data Input start
15:55:07.434 [main] INFO  testCases.Tc_loginDDT - username input
15:55:07.437 [main] ERROR testCases.Tc_loginDDT - Test case failed
15:55:07.439 [main] INFO  testCases.Tc_loginDDT - loginfunctionality_DDT test starting
15:55:07.439 [main] INFO  testCases.Tc_loginDDT - User Data Input start
15:55:07.439 [main] INFO  testCases.Tc_loginDDT - username input
15:55:07.444 [main] ERROR testCases.Tc_loginDDT - Test case failed
15:55:07.447 [main] INFO  testCases.Tc_loginDDT - loginfunctionality_DDT test starting
15:55:07.447 [main] INFO  testCases.Tc_loginDDT - User Data Input start
15:55:07.447 [main] INFO  testCases.Tc_loginDDT - username input
15:55:07.451 [main] ERROR testCases.Tc_loginDDT - Test case failed
15:55:07.453 [main] INFO  testCases.Tc_loginDDT - loginfunctionality_DDT test starting
15:55:07.454 [main] INFO  testCases.Tc_loginDDT - User Data Input start
15:55:07.454 [main] INFO  testCases.Tc_loginDDT - username input
15:55:07.461 [main] ERROR testCases.Tc_loginDDT - Test case failed
15:55:07.463 [main] INFO  testCases.Tc_loginDDT - loginfunctionality_DDT test starting
15:55:07.463 [main] INFO  testCases.Tc_loginDDT - User Data Input start
15:55:07.463 [main] INFO  testCases.Tc_loginDDT - username input
15:55:07.467 [main] ERROR testCases.Tc_loginDDT - Test case failed
15:55:07.469 [main] INFO  testCases.Tc_loginDDT - loginfunctionality_DDT test starting
15:55:07.470 [main] INFO  testCases.Tc_loginDDT - User Data Input start
15:55:07.470 [main] INFO  testCases.Tc_loginDDT - username input
15:55:07.473 [main] ERROR testCases.Tc_loginDDT - Test case failed
15:55:07.476 [main] INFO  testCases.Tc_loginDDT - loginfunctionality_DDT test starting
15:55:07.477 [main] INFO  testCases.Tc_loginDDT - User Data Input start
15:55:07.477 [main] INFO  testCases.Tc_loginDDT - username input
15:55:07.480 [main] ERROR testCases.Tc_loginDDT - Test case failed
15:55:07.482 [main] INFO  testCases.Tc_loginDDT - loginfunctionality_DDT test starting
15:55:07.482 [main] INFO  testCases.Tc_loginDDT - User Data Input start
15:55:07.483 [main] INFO  testCases.Tc_loginDDT - username input
15:55:07.486 [main] ERROR testCases.Tc_loginDDT - Test case failed
15:55:07.487 [main] INFO  testCases.Tc_loginDDT - loginfunctionality_DDT test starting
15:55:07.488 [main] INFO  testCases.Tc_loginDDT - User Data Input start
15:55:07.488 [main] INFO  testCases.Tc_loginDDT - username input
15:55:07.491 [main] ERROR testCases.Tc_loginDDT - Test case failed
15:55:07.493 [main] INFO  testCases.Tc_loginDDT - loginfunctionality_DDT test starting
15:55:07.494 [main] INFO  testCases.Tc_loginDDT - User Data Input start
15:55:07.494 [main] INFO  testCases.Tc_loginDDT - username input
15:55:07.497 [main] ERROR testCases.Tc_loginDDT - Test case failed
15:55:07.499 [main] INFO  testCases.Tc_loginDDT - loginfunctionality_DDT test starting
15:55:07.499 [main] INFO  testCases.Tc_loginDDT - User Data Input start
15:55:07.500 [main] INFO  testCases.Tc_loginDDT - username input
15:55:07.504 [main] ERROR testCases.Tc_loginDDT - Test case failed
15:55:07.506 [main] INFO  testCases.Tc_loginDDT - loginfunctionality_DDT test starting
15:55:07.506 [main] INFO  testCases.Tc_loginDDT - User Data Input start
15:55:07.506 [main] INFO  testCases.Tc_loginDDT - username input
15:55:07.510 [main] ERROR testCases.Tc_loginDDT - Test case failed
15:55:07.512 [main] INFO  testCases.Tc_loginDDT - loginfunctionality_DDT test starting
15:55:07.513 [main] INFO  testCases.Tc_loginDDT - User Data Input start
15:55:07.513 [main] INFO  testCases.Tc_loginDDT - username input
15:55:07.516 [main] ERROR testCases.Tc_loginDDT - Test case failed
15:55:07.518 [main] INFO  testCases.Tc_loginDDT - loginfunctionality_DDT test starting
15:55:07.518 [main] INFO  testCases.Tc_loginDDT - User Data Input start
15:55:07.518 [main] INFO  testCases.Tc_loginDDT - username input
15:55:07.521 [main] ERROR testCases.Tc_loginDDT - Test case failed
15:55:07.524 [main] INFO  testCases.Tc_loginDDT - loginfunctionality_DDT test starting
15:55:07.525 [main] INFO  testCases.Tc_loginDDT - User Data Input start
15:55:07.525 [main] INFO  testCases.Tc_loginDDT - username input
15:55:07.529 [main] ERROR testCases.Tc_loginDDT - Test case failed
15:55:07.532 [main] INFO  testCases.Tc_loginDDT - loginfunctionality_DDT test starting
15:55:07.532 [main] INFO  testCases.Tc_loginDDT - User Data Input start
15:55:07.532 [main] INFO  testCases.Tc_loginDDT - username input
15:55:07.536 [main] ERROR testCases.Tc_loginDDT - Test case failed
15:55:07.538 [main] INFO  testCases.Tc_loginDDT - loginfunctionality_DDT test starting
15:55:07.538 [main] INFO  testCases.Tc_loginDDT - User Data Input start
15:55:07.538 [main] INFO  testCases.Tc_loginDDT - username input
15:55:07.542 [main] ERROR testCases.Tc_loginDDT - Test case failed
15:55:07.545 [main] INFO  testCases.Tc_loginDDT - loginfunctionality_DDT test starting
15:55:07.545 [main] INFO  testCases.Tc_loginDDT - User Data Input start
15:55:07.545 [main] INFO  testCases.Tc_loginDDT - username input
15:55:07.549 [main] ERROR testCases.Tc_loginDDT - Test case failed
15:55:07.552 [main] INFO  testCases.Tc_loginDDT - loginfunctionality_DDT test starting
15:55:07.552 [main] INFO  testCases.Tc_loginDDT - User Data Input start
15:55:07.552 [main] INFO  testCases.Tc_loginDDT - username input
15:55:07.557 [main] ERROR testCases.Tc_loginDDT - Test case failed
15:55:07.560 [main] INFO  testCases.Tc_loginDDT - loginfunctionality_DDT test starting
15:55:07.560 [main] INFO  testCases.Tc_loginDDT - User Data Input start
15:55:07.561 [main] INFO  testCases.Tc_loginDDT - username input
15:55:07.564 [main] ERROR testCases.Tc_loginDDT - Test case failed
15:55:07.567 [main] INFO  testCases.Tc_loginDDT - loginfunctionality_DDT test starting
15:55:07.567 [main] INFO  testCases.Tc_loginDDT - User Data Input start
15:55:07.567 [main] INFO  testCases.Tc_loginDDT - username input
15:55:07.572 [main] ERROR testCases.Tc_loginDDT - Test case failed
15:55:07.574 [main] INFO  testCases.Tc_loginDDT - loginfunctionality_DDT test starting
15:55:07.577 [main] INFO  testCases.Tc_loginDDT - User Data Input start
15:55:07.578 [main] INFO  testCases.Tc_loginDDT - username input
15:55:07.582 [main] ERROR testCases.Tc_loginDDT - Test case failed
15:55:07.585 [main] INFO  testCases.Tc_loginDDT - loginfunctionality_DDT test starting
15:55:07.585 [main] INFO  testCases.Tc_loginDDT - User Data Input start
15:55:07.585 [main] INFO  testCases.Tc_loginDDT - username input
15:55:07.590 [main] ERROR testCases.Tc_loginDDT - Test case failed
15:55:07.594 [main] INFO  testCases.Tc_loginDDT - loginfunctionality_DDT test starting
15:55:07.595 [main] INFO  testCases.Tc_loginDDT - User Data Input start
15:55:07.595 [main] INFO  testCases.Tc_loginDDT - username input
15:55:07.599 [main] ERROR testCases.Tc_loginDDT - Test case failed
15:55:07.602 [main] INFO  testCases.Tc_loginDDT - loginfunctionality_DDT test starting
15:55:07.602 [main] INFO  testCases.Tc_loginDDT - User Data Input start
15:55:07.602 [main] INFO  testCases.Tc_loginDDT - username input
15:55:07.606 [main] ERROR testCases.Tc_loginDDT - Test case failed
15:55:07.610 [main] INFO  testCases.Tc_loginDDT - loginfunctionality_DDT test starting
15:55:07.610 [main] INFO  testCases.Tc_loginDDT - User Data Input start
15:55:07.610 [main] INFO  testCases.Tc_loginDDT - username input
15:55:07.615 [main] ERROR testCases.Tc_loginDDT - Test case failed
15:55:07.617 [main] INFO  testCases.Tc_loginDDT - loginfunctionality_DDT test starting
15:55:07.618 [main] INFO  testCases.Tc_loginDDT - User Data Input start
15:55:07.618 [main] INFO  testCases.Tc_loginDDT - username input
15:55:07.623 [main] ERROR testCases.Tc_loginDDT - Test case failed
15:55:07.626 [main] INFO  testCases.Tc_loginDDT - loginfunctionality_DDT test starting
15:55:07.627 [main] INFO  testCases.Tc_loginDDT - User Data Input start
15:55:07.627 [main] INFO  testCases.Tc_loginDDT - username input
15:55:07.633 [main] ERROR testCases.Tc_loginDDT - Test case failed
15:55:07.635 [main] INFO  testCases.Tc_loginDDT - loginfunctionality_DDT test starting
15:55:07.636 [main] INFO  testCases.Tc_loginDDT - User Data Input start
15:55:07.636 [main] INFO  testCases.Tc_loginDDT - username input
15:55:07.640 [main] ERROR testCases.Tc_loginDDT - Test case failed
15:55:07.643 [main] INFO  testCases.Tc_loginDDT - loginfunctionality_DDT test starting
15:55:07.644 [main] INFO  testCases.Tc_loginDDT - User Data Input start
15:55:07.644 [main] INFO  testCases.Tc_loginDDT - username input
15:55:07.649 [main] ERROR testCases.Tc_loginDDT - Test case failed
15:55:07.652 [main] INFO  testCases.Tc_loginDDT - loginfunctionality_DDT test starting
15:55:07.652 [main] INFO  testCases.Tc_loginDDT - User Data Input start
15:55:07.652 [main] INFO  testCases.Tc_loginDDT - username input
15:55:07.656 [main] ERROR testCases.Tc_loginDDT - Test case failed
15:55:07.658 [main] INFO  testCases.Tc_loginDDT - loginfunctionality_DDT test starting
15:55:07.658 [main] INFO  testCases.Tc_loginDDT - User Data Input start
15:55:07.658 [main] INFO  testCases.Tc_loginDDT - username input
15:55:07.662 [main] ERROR testCases.Tc_loginDDT - Test case failed
15:55:07.664 [main] INFO  testCases.Tc_loginDDT - loginfunctionality_DDT test starting
15:55:07.665 [main] INFO  testCases.Tc_loginDDT - User Data Input start
15:55:07.665 [main] INFO  testCases.Tc_loginDDT - username input
15:55:07.669 [main] ERROR testCases.Tc_loginDDT - Test case failed
15:55:07.671 [main] INFO  testCases.Tc_loginDDT - loginfunctionality_DDT test starting
15:55:07.671 [main] INFO  testCases.Tc_loginDDT - User Data Input start
15:55:07.672 [main] INFO  testCases.Tc_loginDDT - username input
15:55:07.675 [main] ERROR testCases.Tc_loginDDT - Test case failed
15:55:07.677 [main] INFO  testCases.Tc_loginDDT - loginfunctionality_DDT test starting
15:55:07.678 [main] INFO  testCases.Tc_loginDDT - User Data Input start
15:55:07.678 [main] INFO  testCases.Tc_loginDDT - username input
15:55:07.682 [main] ERROR testCases.Tc_loginDDT - Test case failed
15:55:07.685 [main] INFO  testCases.Tc_loginDDT - loginfunctionality_DDT test starting
15:55:07.685 [main] INFO  testCases.Tc_loginDDT - User Data Input start
15:55:07.685 [main] INFO  testCases.Tc_loginDDT - username input
15:55:07.689 [main] ERROR testCases.Tc_loginDDT - Test case failed
15:55:07.691 [main] INFO  testCases.Tc_loginDDT - loginfunctionality_DDT test starting
15:55:07.692 [main] INFO  testCases.Tc_loginDDT - User Data Input start
15:55:07.692 [main] INFO  testCases.Tc_loginDDT - username input
15:55:07.697 [main] ERROR testCases.Tc_loginDDT - Test case failed
15:55:07.698 [main] INFO  testCases.Tc_loginDDT - loginfunctionality_DDT test starting
15:55:07.699 [main] INFO  testCases.Tc_loginDDT - User Data Input start
15:55:07.699 [main] INFO  testCases.Tc_loginDDT - username input
15:55:07.702 [main] ERROR testCases.Tc_loginDDT - Test case failed
15:55:07.705 [main] INFO  testCases.Tc_loginDDT - loginfunctionality_DDT test starting
15:55:07.705 [main] INFO  testCases.Tc_loginDDT - User Data Input start
15:55:07.705 [main] INFO  testCases.Tc_loginDDT - username input
15:55:07.710 [main] ERROR testCases.Tc_loginDDT - Test case failed
15:55:07.713 [main] INFO  testCases.Tc_loginDDT - loginfunctionality_DDT test starting
15:55:07.713 [main] INFO  testCases.Tc_loginDDT - User Data Input start
15:55:07.713 [main] INFO  testCases.Tc_loginDDT - username input
15:55:07.717 [main] ERROR testCases.Tc_loginDDT - Test case failed
15:55:07.719 [main] INFO  testCases.Tc_loginDDT - loginfunctionality_DDT test starting
15:55:07.720 [main] INFO  testCases.Tc_loginDDT - User Data Input start
15:55:07.720 [main] INFO  testCases.Tc_loginDDT - username input
15:55:07.724 [main] ERROR testCases.Tc_loginDDT - Test case failed
15:55:07.728 [main] INFO  testCases.Tc_loginDDT - loginfunctionality_DDT test starting
15:55:07.729 [main] INFO  testCases.Tc_loginDDT - User Data Input start
15:55:07.729 [main] INFO  testCases.Tc_loginDDT - username input
15:55:07.733 [main] ERROR testCases.Tc_loginDDT - Test case failed
15:55:07.737 [main] INFO  testCases.Tc_loginDDT - loginfunctionality_DDT test starting
15:55:07.737 [main] INFO  testCases.Tc_loginDDT - User Data Input start
15:55:07.738 [main] INFO  testCases.Tc_loginDDT - username input
15:55:07.741 [main] ERROR testCases.Tc_loginDDT - Test case failed
15:55:07.746 [main] INFO  testCases.Tc_loginDDT - loginfunctionality_DDT test starting
15:55:07.746 [main] INFO  testCases.Tc_loginDDT - User Data Input start
15:55:07.746 [main] INFO  testCases.Tc_loginDDT - username input
15:55:07.749 [main] ERROR testCases.Tc_loginDDT - Test case failed
15:55:07.751 [main] INFO  testCases.Tc_loginDDT - loginfunctionality_DDT test starting
15:55:07.751 [main] INFO  testCases.Tc_loginDDT - User Data Input start
15:55:07.751 [main] INFO  testCases.Tc_loginDDT - username input
15:55:07.754 [main] ERROR testCases.Tc_loginDDT - Test case failed
15:55:07.756 [main] INFO  testCases.Tc_loginDDT - loginfunctionality_DDT test starting
15:55:07.756 [main] INFO  testCases.Tc_loginDDT - User Data Input start
15:55:07.756 [main] INFO  testCases.Tc_loginDDT - username input
15:55:07.761 [main] ERROR testCases.Tc_loginDDT - Test case failed
15:55:07.763 [main] INFO  testCases.Tc_loginDDT - loginfunctionality_DDT test starting
15:55:07.763 [main] INFO  testCases.Tc_loginDDT - User Data Input start
15:55:07.763 [main] INFO  testCases.Tc_loginDDT - username input
15:55:07.766 [main] ERROR testCases.Tc_loginDDT - Test case failed
15:55:07.768 [main] INFO  testCases.Tc_loginDDT - loginfunctionality_DDT test starting
15:55:07.768 [main] INFO  testCases.Tc_loginDDT - User Data Input start
15:55:07.769 [main] INFO  testCases.Tc_loginDDT - username input
15:55:07.773 [main] ERROR testCases.Tc_loginDDT - Test case failed
15:55:07.778 [main] INFO  testCases.Tc_loginDDT - loginfunctionality_DDT test starting
15:55:07.779 [main] INFO  testCases.Tc_loginDDT - User Data Input start
15:55:07.779 [main] INFO  testCases.Tc_loginDDT - username input
15:55:07.783 [main] ERROR testCases.Tc_loginDDT - Test case failed
15:55:07.785 [main] INFO  testCases.Tc_loginDDT - loginfunctionality_DDT test starting
15:55:07.786 [main] INFO  testCases.Tc_loginDDT - User Data Input start
15:55:07.786 [main] INFO  testCases.Tc_loginDDT - username input
15:55:07.789 [main] ERROR testCases.Tc_loginDDT - Test case failed
15:55:07.791 [main] INFO  testCases.Tc_loginDDT - loginfunctionality_DDT test starting
15:55:07.791 [main] INFO  testCases.Tc_loginDDT - User Data Input start
15:55:07.791 [main] INFO  testCases.Tc_loginDDT - username input
15:55:07.795 [main] ERROR testCases.Tc_loginDDT - Test case failed
15:55:07.797 [main] INFO  testCases.Tc_loginDDT - loginfunctionality_DDT test starting
15:55:07.798 [main] INFO  testCases.Tc_loginDDT - User Data Input start
15:55:07.798 [main] INFO  testCases.Tc_loginDDT - username input
15:55:07.801 [main] ERROR testCases.Tc_loginDDT - Test case failed
15:55:07.804 [main] INFO  testCases.Tc_loginDDT - loginfunctionality_DDT test starting
15:55:07.805 [main] INFO  testCases.Tc_loginDDT - User Data Input start
15:55:07.805 [main] INFO  testCases.Tc_loginDDT - username input
15:55:07.811 [main] ERROR testCases.Tc_loginDDT - Test case failed
15:55:07.813 [main] INFO  testCases.Tc_loginDDT - loginfunctionality_DDT test starting
15:55:07.813 [main] INFO  testCases.Tc_loginDDT - User Data Input start
15:55:07.814 [main] INFO  testCases.Tc_loginDDT - username input
15:55:07.817 [main] ERROR testCases.Tc_loginDDT - Test case failed
15:55:07.821 [main] INFO  testCases.Tc_loginDDT - loginfunctionality_DDT test starting
15:55:07.822 [main] INFO  testCases.Tc_loginDDT - User Data Input start
15:55:07.822 [main] INFO  testCases.Tc_loginDDT - username input
15:55:07.826 [main] ERROR testCases.Tc_loginDDT - Test case failed
15:55:07.829 [main] INFO  testCases.Tc_loginDDT - loginfunctionality_DDT test starting
15:55:07.829 [main] INFO  testCases.Tc_loginDDT - User Data Input start
15:55:07.829 [main] INFO  testCases.Tc_loginDDT - username input
15:55:07.832 [main] ERROR testCases.Tc_loginDDT - Test case failed
15:55:07.833 [main] INFO  testCases.Tc_loginDDT - loginfunctionality_DDT test starting
15:55:07.833 [main] INFO  testCases.Tc_loginDDT - User Data Input start
15:55:07.834 [main] INFO  testCases.Tc_loginDDT - username input
15:55:07.837 [main] ERROR testCases.Tc_loginDDT - Test case failed
15:55:07.838 [main] INFO  testCases.Tc_loginDDT - loginfunctionality_DDT test starting
15:55:07.838 [main] INFO  testCases.Tc_loginDDT - User Data Input start
15:55:07.838 [main] INFO  testCases.Tc_loginDDT - username input
15:55:07.842 [main] ERROR testCases.Tc_loginDDT - Test case failed
15:55:07.844 [main] INFO  testCases.Tc_loginDDT - loginfunctionality_DDT test starting
15:55:07.844 [main] INFO  testCases.Tc_loginDDT - User Data Input start
15:55:07.844 [main] INFO  testCases.Tc_loginDDT - username input
15:55:07.847 [main] ERROR testCases.Tc_loginDDT - Test case failed
15:55:07.849 [main] INFO  testCases.Tc_loginDDT - loginfunctionality_DDT test starting
15:55:07.849 [main] INFO  testCases.Tc_loginDDT - User Data Input start
15:55:07.849 [main] INFO  testCases.Tc_loginDDT - username input
15:55:07.852 [main] ERROR testCases.Tc_loginDDT - Test case failed
15:55:07.854 [main] INFO  testCases.Tc_loginDDT - loginfunctionality_DDT test starting
15:55:07.854 [main] INFO  testCases.Tc_loginDDT - User Data Input start
15:55:07.854 [main] INFO  testCases.Tc_loginDDT - username input
15:55:07.857 [main] ERROR testCases.Tc_loginDDT - Test case failed
15:55:07.859 [main] INFO  testCases.Tc_loginDDT - loginfunctionality_DDT test starting
15:55:07.860 [main] INFO  testCases.Tc_loginDDT - User Data Input start
15:55:07.860 [main] INFO  testCases.Tc_loginDDT - username input
15:55:07.863 [main] ERROR testCases.Tc_loginDDT - Test case failed
15:55:07.864 [main] INFO  testCases.Tc_loginDDT - loginfunctionality_DDT test starting
15:55:07.864 [main] INFO  testCases.Tc_loginDDT - User Data Input start
15:55:07.864 [main] INFO  testCases.Tc_loginDDT - username input
15:55:07.867 [main] ERROR testCases.Tc_loginDDT - Test case failed
15:55:07.869 [main] INFO  testCases.Tc_loginDDT - loginfunctionality_DDT test starting
15:55:07.869 [main] INFO  testCases.Tc_loginDDT - User Data Input start
15:55:07.870 [main] INFO  testCases.Tc_loginDDT - username input
15:55:07.874 [main] ERROR testCases.Tc_loginDDT - Test case failed
15:55:07.876 [main] INFO  testCases.Tc_loginDDT - loginfunctionality_DDT test starting
15:55:07.876 [main] INFO  testCases.Tc_loginDDT - User Data Input start
15:55:07.876 [main] INFO  testCases.Tc_loginDDT - username input
15:55:07.880 [main] ERROR testCases.Tc_loginDDT - Test case failed
15:55:07.881 [main] INFO  testCases.Tc_loginDDT - loginfunctionality_DDT test starting
15:55:07.882 [main] INFO  testCases.Tc_loginDDT - User Data Input start
15:55:07.882 [main] INFO  testCases.Tc_loginDDT - username input
15:55:07.884 [main] ERROR testCases.Tc_loginDDT - Test case failed
15:55:07.885 [main] INFO  testCases.Tc_loginDDT - loginfunctionality_DDT test starting
15:55:07.886 [main] INFO  testCases.Tc_loginDDT - User Data Input start
15:55:07.886 [main] INFO  testCases.Tc_loginDDT - username input
15:55:07.888 [main] ERROR testCases.Tc_loginDDT - Test case failed
15:55:07.890 [main] INFO  testCases.Tc_loginDDT - loginfunctionality_DDT test starting
15:55:07.890 [main] INFO  testCases.Tc_loginDDT - User Data Input start
15:55:07.890 [main] INFO  testCases.Tc_loginDDT - username input
15:55:07.893 [main] ERROR testCases.Tc_loginDDT - Test case failed
15:55:07.895 [main] INFO  testCases.Tc_loginDDT - loginfunctionality_DDT test starting
15:55:07.895 [main] INFO  testCases.Tc_loginDDT - User Data Input start
15:55:07.895 [main] INFO  testCases.Tc_loginDDT - username input
15:55:07.898 [main] ERROR testCases.Tc_loginDDT - Test case failed
15:55:07.901 [main] INFO  testCases.Tc_loginDDT - loginfunctionality_DDT test starting
15:55:07.901 [main] INFO  testCases.Tc_loginDDT - User Data Input start
15:55:07.901 [main] INFO  testCases.Tc_loginDDT - username input
15:55:07.903 [main] ERROR testCases.Tc_loginDDT - Test case failed
15:55:07.904 [main] INFO  testCases.Tc_loginDDT - loginfunctionality_DDT test starting
15:55:07.905 [main] INFO  testCases.Tc_loginDDT - User Data Input start
15:55:07.905 [main] INFO  testCases.Tc_loginDDT - username input
15:55:07.907 [main] ERROR testCases.Tc_loginDDT - Test case failed
15:55:07.908 [main] INFO  testCases.Tc_loginDDT - loginfunctionality_DDT test starting
15:55:07.908 [main] INFO  testCases.Tc_loginDDT - User Data Input start
15:55:07.908 [main] INFO  testCases.Tc_loginDDT - username input
15:55:07.910 [main] ERROR testCases.Tc_loginDDT - Test case failed
15:55:07.912 [main] INFO  testCases.Tc_loginDDT - loginfunctionality_DDT test starting
15:55:07.912 [main] INFO  testCases.Tc_loginDDT - User Data Input start
15:55:07.912 [main] INFO  testCases.Tc_loginDDT - username input
15:55:07.914 [main] ERROR testCases.Tc_loginDDT - Test case failed
15:55:07.915 [main] INFO  testCases.Tc_loginDDT - loginfunctionality_DDT test starting
15:55:07.915 [main] INFO  testCases.Tc_loginDDT - User Data Input start
15:55:07.915 [main] INFO  testCases.Tc_loginDDT - username input
15:55:07.917 [main] ERROR testCases.Tc_loginDDT - Test case failed
15:55:07.919 [main] INFO  testCases.Tc_loginDDT - loginfunctionality_DDT test starting
15:55:07.919 [main] INFO  testCases.Tc_loginDDT - User Data Input start
15:55:07.919 [main] INFO  testCases.Tc_loginDDT - username input
15:55:07.921 [main] ERROR testCases.Tc_loginDDT - Test case failed
15:55:07.923 [main] INFO  testCases.Tc_loginDDT - loginfunctionality_DDT test starting
15:55:07.923 [main] INFO  testCases.Tc_loginDDT - User Data Input start
15:55:07.923 [main] INFO  testCases.Tc_loginDDT - username input
15:55:07.927 [main] ERROR testCases.Tc_loginDDT - Test case failed
15:55:07.928 [main] INFO  testCases.Tc_loginDDT - loginfunctionality_DDT test starting
15:55:07.929 [main] INFO  testCases.Tc_loginDDT - User Data Input start
15:55:07.929 [main] INFO  testCases.Tc_loginDDT - username input
15:55:07.931 [main] ERROR testCases.Tc_loginDDT - Test case failed
15:55:07.933 [main] INFO  testCases.Tc_loginDDT - loginfunctionality_DDT test starting
15:55:07.933 [main] INFO  testCases.Tc_loginDDT - User Data Input start
15:55:07.933 [main] INFO  testCases.Tc_loginDDT - username input
15:55:07.936 [main] ERROR testCases.Tc_loginDDT - Test case failed
15:55:07.938 [main] INFO  testCases.Tc_loginDDT - loginfunctionality_DDT test starting
15:55:07.938 [main] INFO  testCases.Tc_loginDDT - User Data Input start
15:55:07.938 [main] INFO  testCases.Tc_loginDDT - username input
15:55:07.941 [main] ERROR testCases.Tc_loginDDT - Test case failed
15:55:07.943 [main] INFO  testCases.Tc_loginDDT - loginfunctionality_DDT test starting
15:55:07.943 [main] INFO  testCases.Tc_loginDDT - User Data Input start
15:55:07.943 [main] INFO  testCases.Tc_loginDDT - username input
15:55:07.946 [main] ERROR testCases.Tc_loginDDT - Test case failed
15:55:07.948 [main] INFO  testCases.Tc_loginDDT - loginfunctionality_DDT test starting
15:55:07.948 [main] INFO  testCases.Tc_loginDDT - User Data Input start
15:55:07.948 [main] INFO  testCases.Tc_loginDDT - username input
15:55:07.951 [main] ERROR testCases.Tc_loginDDT - Test case failed
15:55:07.953 [main] INFO  testCases.Tc_loginDDT - loginfunctionality_DDT test starting
15:55:07.953 [main] INFO  testCases.Tc_loginDDT - User Data Input start
15:55:07.953 [main] INFO  testCases.Tc_loginDDT - username input
15:55:07.957 [main] ERROR testCases.Tc_loginDDT - Test case failed
15:55:07.958 [main] INFO  testCases.Tc_loginDDT - loginfunctionality_DDT test starting
15:55:07.959 [main] INFO  testCases.Tc_loginDDT - User Data Input start
15:55:07.959 [main] INFO  testCases.Tc_loginDDT - username input
15:55:07.963 [main] ERROR testCases.Tc_loginDDT - Test case failed
15:55:07.965 [main] INFO  testCases.Tc_loginDDT - loginfunctionality_DDT test starting
15:55:07.965 [main] INFO  testCases.Tc_loginDDT - User Data Input start
15:55:07.965 [main] INFO  testCases.Tc_loginDDT - username input
15:55:07.969 [main] ERROR testCases.Tc_loginDDT - Test case failed
15:55:07.970 [main] INFO  testCases.Tc_loginDDT - loginfunctionality_DDT test starting
15:55:07.971 [main] INFO  testCases.Tc_loginDDT - User Data Input start
15:55:07.971 [main] INFO  testCases.Tc_loginDDT - username input
15:55:07.975 [main] ERROR testCases.Tc_loginDDT - Test case failed
15:55:07.977 [main] INFO  testCases.Tc_loginDDT - loginfunctionality_DDT test starting
15:55:07.977 [main] INFO  testCases.Tc_loginDDT - User Data Input start
15:55:07.977 [main] INFO  testCases.Tc_loginDDT - username input
15:55:07.980 [main] ERROR testCases.Tc_loginDDT - Test case failed
15:55:07.982 [main] INFO  testCases.Tc_loginDDT - loginfunctionality_DDT test starting
15:55:07.982 [main] INFO  testCases.Tc_loginDDT - User Data Input start
15:55:07.982 [main] INFO  testCases.Tc_loginDDT - username input
15:55:07.984 [main] ERROR testCases.Tc_loginDDT - Test case failed
15:55:07.986 [main] INFO  testCases.Tc_loginDDT - loginfunctionality_DDT test starting
15:55:07.986 [main] INFO  testCases.Tc_loginDDT - User Data Input start
15:55:07.986 [main] INFO  testCases.Tc_loginDDT - username input
15:55:07.988 [main] ERROR testCases.Tc_loginDDT - Test case failed
15:55:07.990 [main] INFO  testCases.Tc_loginDDT - loginfunctionality_DDT test starting
15:55:07.990 [main] INFO  testCases.Tc_loginDDT - User Data Input start
15:55:07.990 [main] INFO  testCases.Tc_loginDDT - username input
15:55:07.993 [main] ERROR testCases.Tc_loginDDT - Test case failed
15:55:07.994 [main] INFO  testCases.Tc_loginDDT - loginfunctionality_DDT test starting
15:55:07.994 [main] INFO  testCases.Tc_loginDDT - User Data Input start
15:55:07.994 [main] INFO  testCases.Tc_loginDDT - username input
15:55:07.997 [main] ERROR testCases.Tc_loginDDT - Test case failed
15:55:07.998 [main] INFO  testCases.Tc_loginDDT - loginfunctionality_DDT test starting
15:55:07.998 [main] INFO  testCases.Tc_loginDDT - User Data Input start
15:55:07.998 [main] INFO  testCases.Tc_loginDDT - username input
15:55:08.001 [main] ERROR testCases.Tc_loginDDT - Test case failed
15:55:08.002 [main] INFO  testCases.Tc_loginDDT - loginfunctionality_DDT test starting
15:55:08.002 [main] INFO  testCases.Tc_loginDDT - User Data Input start
15:55:08.002 [main] INFO  testCases.Tc_loginDDT - username input
15:55:08.004 [main] ERROR testCases.Tc_loginDDT - Test case failed
15:55:08.005 [main] INFO  testCases.Tc_loginDDT - loginfunctionality_DDT test starting
15:55:08.005 [main] INFO  testCases.Tc_loginDDT - User Data Input start
15:55:08.005 [main] INFO  testCases.Tc_loginDDT - username input
15:55:08.007 [main] ERROR testCases.Tc_loginDDT - Test case failed
15:55:08.009 [main] INFO  testCases.Tc_loginDDT - loginfunctionality_DDT test starting
15:55:08.009 [main] INFO  testCases.Tc_loginDDT - User Data Input start
15:55:08.009 [main] INFO  testCases.Tc_loginDDT - username input
15:55:08.013 [main] ERROR testCases.Tc_loginDDT - Test case failed
15:55:08.014 [main] INFO  testCases.Tc_loginDDT - loginfunctionality_DDT test starting
15:55:08.015 [main] INFO  testCases.Tc_loginDDT - User Data Input start
15:55:08.015 [main] INFO  testCases.Tc_loginDDT - username input
15:55:08.017 [main] ERROR testCases.Tc_loginDDT - Test case failed
15:55:08.018 [main] INFO  testCases.Tc_loginDDT - loginfunctionality_DDT test starting
15:55:08.018 [main] INFO  testCases.Tc_loginDDT - User Data Input start
15:55:08.018 [main] INFO  testCases.Tc_loginDDT - username input
15:55:08.020 [main] ERROR testCases.Tc_loginDDT - Test case failed
15:55:08.021 [main] INFO  testCases.Tc_loginDDT - loginfunctionality_DDT test starting
15:55:08.021 [main] INFO  testCases.Tc_loginDDT - User Data Input start
15:55:08.021 [main] INFO  testCases.Tc_loginDDT - username input
15:55:08.024 [main] ERROR testCases.Tc_loginDDT - Test case failed
15:55:08.025 [main] INFO  testCases.Tc_loginDDT - loginfunctionality_DDT test starting
15:55:08.026 [main] INFO  testCases.Tc_loginDDT - User Data Input start
15:55:08.026 [main] INFO  testCases.Tc_loginDDT - username input
15:55:08.028 [main] ERROR testCases.Tc_loginDDT - Test case failed
15:55:08.029 [main] INFO  testCases.Tc_loginDDT - loginfunctionality_DDT test starting
15:55:08.030 [main] INFO  testCases.Tc_loginDDT - User Data Input start
15:55:08.030 [main] INFO  testCases.Tc_loginDDT - username input
15:55:08.032 [main] ERROR testCases.Tc_loginDDT - Test case failed
15:55:08.033 [main] INFO  testCases.Tc_loginDDT - loginfunctionality_DDT test starting
15:55:08.033 [main] INFO  testCases.Tc_loginDDT - User Data Input start
15:55:08.033 [main] INFO  testCases.Tc_loginDDT - username input
15:55:08.035 [main] ERROR testCases.Tc_loginDDT - Test case failed
15:55:08.037 [main] INFO  testCases.Tc_loginDDT - loginfunctionality_DDT test starting
15:55:08.037 [main] INFO  testCases.Tc_loginDDT - User Data Input start
15:55:08.037 [main] INFO  testCases.Tc_loginDDT - username input
15:55:08.039 [main] ERROR testCases.Tc_loginDDT - Test case failed
15:55:08.040 [main] INFO  testCases.Tc_loginDDT - loginfunctionality_DDT test starting
15:55:08.040 [main] INFO  testCases.Tc_loginDDT - User Data Input start
15:55:08.040 [main] INFO  testCases.Tc_loginDDT - username input
15:55:08.044 [main] ERROR testCases.Tc_loginDDT - Test case failed
15:55:08.045 [main] INFO  testCases.Tc_loginDDT - loginfunctionality_DDT test starting
15:55:08.045 [main] INFO  testCases.Tc_loginDDT - User Data Input start
15:55:08.045 [main] INFO  testCases.Tc_loginDDT - username input
15:55:08.048 [main] ERROR testCases.Tc_loginDDT - Test case failed
15:55:08.050 [main] INFO  testCases.Tc_loginDDT - loginfunctionality_DDT test starting
15:55:08.050 [main] INFO  testCases.Tc_loginDDT - User Data Input start
15:55:08.050 [main] INFO  testCases.Tc_loginDDT - username input
15:55:08.053 [main] ERROR testCases.Tc_loginDDT - Test case failed
15:55:08.054 [main] INFO  testCases.Tc_loginDDT - loginfunctionality_DDT test starting
15:55:08.054 [main] INFO  testCases.Tc_loginDDT - User Data Input start
15:55:08.054 [main] INFO  testCases.Tc_loginDDT - username input
15:55:08.057 [main] ERROR testCases.Tc_loginDDT - Test case failed
15:55:08.058 [main] INFO  testCases.Tc_loginDDT - loginfunctionality_DDT test starting
15:55:08.058 [main] INFO  testCases.Tc_loginDDT - User Data Input start
15:55:08.058 [main] INFO  testCases.Tc_loginDDT - username input
15:55:08.061 [main] ERROR testCases.Tc_loginDDT - Test case failed
15:55:08.063 [main] INFO  testCases.Tc_loginDDT - loginfunctionality_DDT test starting
15:55:08.063 [main] INFO  testCases.Tc_loginDDT - User Data Input start
15:55:08.063 [main] INFO  testCases.Tc_loginDDT - username input
15:55:08.066 [main] ERROR testCases.Tc_loginDDT - Test case failed
15:55:08.067 [main] INFO  testCases.Tc_loginDDT - loginfunctionality_DDT test starting
15:55:08.068 [main] INFO  testCases.Tc_loginDDT - User Data Input start
15:55:08.068 [main] INFO  testCases.Tc_loginDDT - username input
15:55:08.070 [main] ERROR testCases.Tc_loginDDT - Test case failed
15:55:08.072 [main] INFO  testCases.Tc_loginDDT - loginfunctionality_DDT test starting
15:55:08.073 [main] INFO  testCases.Tc_loginDDT - User Data Input start
15:55:08.073 [main] INFO  testCases.Tc_loginDDT - username input
15:55:08.076 [main] ERROR testCases.Tc_loginDDT - Test case failed
15:55:08.079 [main] INFO  testCases.Tc_loginDDT - loginfunctionality_DDT test starting
15:55:08.079 [main] INFO  testCases.Tc_loginDDT - User Data Input start
15:55:08.079 [main] INFO  testCases.Tc_loginDDT - username input
15:55:08.083 [main] ERROR testCases.Tc_loginDDT - Test case failed
15:55:08.086 [main] INFO  testCases.Tc_loginDDT - loginfunctionality_DDT test starting
15:55:08.086 [main] INFO  testCases.Tc_loginDDT - User Data Input start
15:55:08.086 [main] INFO  testCases.Tc_loginDDT - username input
15:55:08.089 [main] ERROR testCases.Tc_loginDDT - Test case failed
15:55:08.091 [main] INFO  testCases.Tc_loginDDT - loginfunctionality_DDT test starting
15:55:08.091 [main] INFO  testCases.Tc_loginDDT - User Data Input start
15:55:08.091 [main] INFO  testCases.Tc_loginDDT - username input
15:55:08.096 [main] ERROR testCases.Tc_loginDDT - Test case failed
15:55:08.099 [main] INFO  testCases.Tc_loginDDT - loginfunctionality_DDT test starting
15:55:08.099 [main] INFO  testCases.Tc_loginDDT - User Data Input start
15:55:08.099 [main] INFO  testCases.Tc_loginDDT - username input
15:55:08.102 [main] ERROR testCases.Tc_loginDDT - Test case failed
15:55:08.103 [main] INFO  testCases.Tc_loginDDT - loginfunctionality_DDT test starting
15:55:08.103 [main] INFO  testCases.Tc_loginDDT - User Data Input start
15:55:08.103 [main] INFO  testCases.Tc_loginDDT - username input
15:55:08.106 [main] ERROR testCases.Tc_loginDDT - Test case failed
15:55:08.107 [main] INFO  testCases.Tc_loginDDT - loginfunctionality_DDT test starting
15:55:08.107 [main] INFO  testCases.Tc_loginDDT - User Data Input start
15:55:08.107 [main] INFO  testCases.Tc_loginDDT - username input
15:55:08.110 [main] ERROR testCases.Tc_loginDDT - Test case failed
15:55:08.114 [main] INFO  testCases.Tc_loginDDT - loginfunctionality_DDT test starting
15:55:08.114 [main] INFO  testCases.Tc_loginDDT - User Data Input start
15:55:08.114 [main] INFO  testCases.Tc_loginDDT - username input
15:55:08.117 [main] ERROR testCases.Tc_loginDDT - Test case failed
15:55:08.119 [main] INFO  testCases.Tc_loginDDT - loginfunctionality_DDT test starting
15:55:08.119 [main] INFO  testCases.Tc_loginDDT - User Data Input start
15:55:08.119 [main] INFO  testCases.Tc_loginDDT - username input
15:55:08.123 [main] ERROR testCases.Tc_loginDDT - Test case failed
15:55:08.126 [main] INFO  testCases.Tc_loginDDT - loginfunctionality_DDT test starting
15:55:08.127 [main] INFO  testCases.Tc_loginDDT - User Data Input start
15:55:08.127 [main] INFO  testCases.Tc_loginDDT - username input
15:55:08.133 [main] ERROR testCases.Tc_loginDDT - Test case failed
15:55:08.135 [main] INFO  testCases.Tc_loginDDT - loginfunctionality_DDT test starting
15:55:08.135 [main] INFO  testCases.Tc_loginDDT - User Data Input start
15:55:08.135 [main] INFO  testCases.Tc_loginDDT - username input
15:55:08.138 [main] ERROR testCases.Tc_loginDDT - Test case failed
15:55:08.139 [main] INFO  testCases.Tc_loginDDT - loginfunctionality_DDT test starting
15:55:08.140 [main] INFO  testCases.Tc_loginDDT - User Data Input start
15:55:08.140 [main] INFO  testCases.Tc_loginDDT - username input
15:55:08.143 [main] ERROR testCases.Tc_loginDDT - Test case failed
15:55:08.150 [main] INFO  testCases.Tc_loginDDT - loginfunctionality_DDT test starting
15:55:08.151 [main] INFO  testCases.Tc_loginDDT - User Data Input start
15:55:08.151 [main] INFO  testCases.Tc_loginDDT - username input
15:55:08.154 [main] ERROR testCases.Tc_loginDDT - Test case failed
15:55:08.157 [main] INFO  testCases.Tc_loginDDT - loginfunctionality_DDT test starting
15:55:08.157 [main] INFO  testCases.Tc_loginDDT - User Data Input start
15:55:08.157 [main] INFO  testCases.Tc_loginDDT - username input
15:55:08.167 [main] ERROR testCases.Tc_loginDDT - Test case failed
15:55:08.169 [main] INFO  testCases.Tc_loginDDT - loginfunctionality_DDT test starting
15:55:08.169 [main] INFO  testCases.Tc_loginDDT - User Data Input start
15:55:08.170 [main] INFO  testCases.Tc_loginDDT - username input
15:55:08.173 [main] ERROR testCases.Tc_loginDDT - Test case failed
15:55:08.176 [main] INFO  testCases.Tc_loginDDT - loginfunctionality_DDT test starting
15:55:08.177 [main] INFO  testCases.Tc_loginDDT - User Data Input start
15:55:08.177 [main] INFO  testCases.Tc_loginDDT - username input
15:55:08.184 [main] ERROR testCases.Tc_loginDDT - Test case failed
15:55:08.188 [main] INFO  testCases.Tc_loginDDT - loginfunctionality_DDT test starting
15:55:08.188 [main] INFO  testCases.Tc_loginDDT - User Data Input start
15:55:08.188 [main] INFO  testCases.Tc_loginDDT - username input
15:55:08.193 [main] ERROR testCases.Tc_loginDDT - Test case failed
15:55:08.199 [main] INFO  testCases.Tc_loginDDT - loginfunctionality_DDT test starting
15:55:08.199 [main] INFO  testCases.Tc_loginDDT - User Data Input start
15:55:08.199 [main] INFO  testCases.Tc_loginDDT - username input
15:55:08.204 [main] ERROR testCases.Tc_loginDDT - Test case failed
15:55:08.207 [main] INFO  testCases.Tc_loginDDT - loginfunctionality_DDT test starting
15:55:08.207 [main] INFO  testCases.Tc_loginDDT - User Data Input start
15:55:08.207 [main] INFO  testCases.Tc_loginDDT - username input
15:55:08.215 [main] ERROR testCases.Tc_loginDDT - Test case failed
15:55:08.217 [main] INFO  testCases.Tc_loginDDT - loginfunctionality_DDT test starting
15:55:08.218 [main] INFO  testCases.Tc_loginDDT - User Data Input start
15:55:08.218 [main] INFO  testCases.Tc_loginDDT - username input
15:55:08.221 [main] ERROR testCases.Tc_loginDDT - Test case failed
15:55:08.223 [main] INFO  testCases.Tc_loginDDT - loginfunctionality_DDT test starting
15:55:08.223 [main] INFO  testCases.Tc_loginDDT - User Data Input start
15:55:08.223 [main] INFO  testCases.Tc_loginDDT - username input
15:55:08.226 [main] ERROR testCases.Tc_loginDDT - Test case failed
15:55:08.231 [main] INFO  testCases.Tc_loginDDT - loginfunctionality_DDT test starting
15:55:08.232 [main] INFO  testCases.Tc_loginDDT - User Data Input start
15:55:08.232 [main] INFO  testCases.Tc_loginDDT - username input
15:55:08.235 [main] ERROR testCases.Tc_loginDDT - Test case failed
15:55:08.236 [main] INFO  testCases.Tc_loginDDT - loginfunctionality_DDT test starting
15:55:08.237 [main] INFO  testCases.Tc_loginDDT - User Data Input start
15:55:08.237 [main] INFO  testCases.Tc_loginDDT - username input
15:55:08.239 [main] ERROR testCases.Tc_loginDDT - Test case failed
15:55:08.241 [main] INFO  testCases.Tc_loginDDT - loginfunctionality_DDT test starting
15:55:08.241 [main] INFO  testCases.Tc_loginDDT - User Data Input start
15:55:08.241 [main] INFO  testCases.Tc_loginDDT - username input
15:55:08.247 [main] ERROR testCases.Tc_loginDDT - Test case failed
15:55:08.249 [main] INFO  testCases.Tc_loginDDT - loginfunctionality_DDT test starting
15:55:08.249 [main] INFO  testCases.Tc_loginDDT - User Data Input start
15:55:08.249 [main] INFO  testCases.Tc_loginDDT - username input
15:55:08.251 [main] ERROR testCases.Tc_loginDDT - Test case failed
15:55:08.253 [main] INFO  testCases.Tc_loginDDT - loginfunctionality_DDT test starting
15:55:08.253 [main] INFO  testCases.Tc_loginDDT - User Data Input start
15:55:08.253 [main] INFO  testCases.Tc_loginDDT - username input
15:55:08.255 [main] ERROR testCases.Tc_loginDDT - Test case failed
15:55:08.256 [main] INFO  testCases.Tc_loginDDT - loginfunctionality_DDT test starting
15:55:08.257 [main] INFO  testCases.Tc_loginDDT - User Data Input start
15:55:08.257 [main] INFO  testCases.Tc_loginDDT - username input
15:55:08.261 [main] ERROR testCases.Tc_loginDDT - Test case failed
15:55:08.266 [main] INFO  testCases.Tc_loginDDT - loginfunctionality_DDT test starting
15:55:08.266 [main] INFO  testCases.Tc_loginDDT - User Data Input start
15:55:08.266 [main] INFO  testCases.Tc_loginDDT - username input
15:55:08.269 [main] ERROR testCases.Tc_loginDDT - Test case failed
15:55:08.270 [main] INFO  testCases.Tc_loginDDT - loginfunctionality_DDT test starting
15:55:08.270 [main] INFO  testCases.Tc_loginDDT - User Data Input start
15:55:08.270 [main] INFO  testCases.Tc_loginDDT - username input
15:55:08.273 [main] ERROR testCases.Tc_loginDDT - Test case failed
15:55:08.276 [main] INFO  testCases.Tc_loginDDT - loginfunctionality_DDT test starting
15:55:08.276 [main] INFO  testCases.Tc_loginDDT - User Data Input start
15:55:08.276 [main] INFO  testCases.Tc_loginDDT - username input
15:55:08.284 [main] ERROR testCases.Tc_loginDDT - Test case failed
15:55:08.285 [main] INFO  testCases.Tc_loginDDT - loginfunctionality_DDT test starting
15:55:08.285 [main] INFO  testCases.Tc_loginDDT - User Data Input start
15:55:08.285 [main] INFO  testCases.Tc_loginDDT - username input
15:55:08.288 [main] ERROR testCases.Tc_loginDDT - Test case failed
15:55:08.290 [main] INFO  testCases.Tc_loginDDT - loginfunctionality_DDT test starting
15:55:08.290 [main] INFO  testCases.Tc_loginDDT - User Data Input start
15:55:08.290 [main] INFO  testCases.Tc_loginDDT - username input
15:55:08.293 [main] ERROR testCases.Tc_loginDDT - Test case failed
15:55:08.298 [main] INFO  testCases.Tc_loginDDT - loginfunctionality_DDT test starting
15:55:08.298 [main] INFO  testCases.Tc_loginDDT - User Data Input start
15:55:08.298 [main] INFO  testCases.Tc_loginDDT - username input
15:55:08.301 [main] ERROR testCases.Tc_loginDDT - Test case failed
15:55:08.302 [main] INFO  testCases.Tc_loginDDT - loginfunctionality_DDT test starting
15:55:08.302 [main] INFO  testCases.Tc_loginDDT - User Data Input start
15:55:08.302 [main] INFO  testCases.Tc_loginDDT - username input
15:55:08.305 [main] ERROR testCases.Tc_loginDDT - Test case failed
15:55:08.306 [main] INFO  testCases.Tc_loginDDT - loginfunctionality_DDT test starting
15:55:08.306 [main] INFO  testCases.Tc_loginDDT - User Data Input start
15:55:08.306 [main] INFO  testCases.Tc_loginDDT - username input
15:55:08.309 [main] ERROR testCases.Tc_loginDDT - Test case failed
15:55:08.312 [main] INFO  testCases.Tc_loginDDT - loginfunctionality_DDT test starting
15:55:08.312 [main] INFO  testCases.Tc_loginDDT - User Data Input start
15:55:08.312 [main] INFO  testCases.Tc_loginDDT - username input
15:55:08.315 [main] ERROR testCases.Tc_loginDDT - Test case failed
15:55:08.316 [main] INFO  testCases.Tc_loginDDT - loginfunctionality_DDT test starting
15:55:08.317 [main] INFO  testCases.Tc_loginDDT - User Data Input start
15:55:08.317 [main] INFO  testCases.Tc_loginDDT - username input
15:55:08.319 [main] ERROR testCases.Tc_loginDDT - Test case failed
15:55:08.320 [main] INFO  testCases.Tc_loginDDT - loginfunctionality_DDT test starting
15:55:08.321 [main] INFO  testCases.Tc_loginDDT - User Data Input start
15:55:08.321 [main] INFO  testCases.Tc_loginDDT - username input
15:55:08.324 [main] ERROR testCases.Tc_loginDDT - Test case failed
15:55:08.326 [main] INFO  testCases.Tc_loginDDT - loginfunctionality_DDT test starting
15:55:08.326 [main] INFO  testCases.Tc_loginDDT - User Data Input start
15:55:08.326 [main] INFO  testCases.Tc_loginDDT - username input
15:55:08.329 [main] ERROR testCases.Tc_loginDDT - Test case failed
15:55:08.330 [main] INFO  testCases.Tc_loginDDT - loginfunctionality_DDT test starting
15:55:08.330 [main] INFO  testCases.Tc_loginDDT - User Data Input start
15:55:08.330 [main] INFO  testCases.Tc_loginDDT - username input
15:55:08.332 [main] ERROR testCases.Tc_loginDDT - Test case failed
15:55:08.333 [main] INFO  testCases.Tc_loginDDT - loginfunctionality_DDT test starting
15:55:08.334 [main] INFO  testCases.Tc_loginDDT - User Data Input start
15:55:08.334 [main] INFO  testCases.Tc_loginDDT - username input
15:55:08.336 [main] ERROR testCases.Tc_loginDDT - Test case failed
15:55:08.337 [main] INFO  testCases.Tc_loginDDT - loginfunctionality_DDT test starting
15:55:08.337 [main] INFO  testCases.Tc_loginDDT - User Data Input start
15:55:08.337 [main] INFO  testCases.Tc_loginDDT - username input
15:55:08.339 [main] ERROR testCases.Tc_loginDDT - Test case failed
15:55:08.340 [main] INFO  testCases.Tc_loginDDT - loginfunctionality_DDT test starting
15:55:08.340 [main] INFO  testCases.Tc_loginDDT - User Data Input start
15:55:08.340 [main] INFO  testCases.Tc_loginDDT - username input
15:55:08.343 [main] ERROR testCases.Tc_loginDDT - Test case failed
15:55:08.344 [main] INFO  testCases.Tc_loginDDT - loginfunctionality_DDT test starting
15:55:08.345 [main] INFO  testCases.Tc_loginDDT - User Data Input start
15:55:08.345 [main] INFO  testCases.Tc_loginDDT - username input
15:55:08.348 [main] ERROR testCases.Tc_loginDDT - Test case failed
15:55:08.349 [main] INFO  testCases.Tc_loginDDT - loginfunctionality_DDT test starting
15:55:08.349 [main] INFO  testCases.Tc_loginDDT - User Data Input start
15:55:08.349 [main] INFO  testCases.Tc_loginDDT - username input
15:55:08.352 [main] ERROR testCases.Tc_loginDDT - Test case failed
15:55:08.354 [main] INFO  testCases.Tc_loginDDT - loginfunctionality_DDT test starting
15:55:08.354 [main] INFO  testCases.Tc_loginDDT - User Data Input start
15:55:08.354 [main] INFO  testCases.Tc_loginDDT - username input
15:55:08.357 [main] ERROR testCases.Tc_loginDDT - Test case failed
15:55:08.359 [main] INFO  testCases.Tc_loginDDT - loginfunctionality_DDT test starting
15:55:08.360 [main] INFO  testCases.Tc_loginDDT - User Data Input start
15:55:08.360 [main] INFO  testCases.Tc_loginDDT - username input
15:55:08.364 [main] ERROR testCases.Tc_loginDDT - Test case failed
15:55:08.365 [main] INFO  testCases.Tc_loginDDT - loginfunctionality_DDT test starting
15:55:08.365 [main] INFO  testCases.Tc_loginDDT - User Data Input start
15:55:08.365 [main] INFO  testCases.Tc_loginDDT - username input
15:55:08.368 [main] ERROR testCases.Tc_loginDDT - Test case failed
15:55:08.369 [main] INFO  testCases.Tc_loginDDT - loginfunctionality_DDT test starting
15:55:08.370 [main] INFO  testCases.Tc_loginDDT - User Data Input start
15:55:08.370 [main] INFO  testCases.Tc_loginDDT - username input
15:55:08.372 [main] ERROR testCases.Tc_loginDDT - Test case failed
15:55:08.374 [main] INFO  testCases.Tc_loginDDT - loginfunctionality_DDT test starting
15:55:08.374 [main] INFO  testCases.Tc_loginDDT - User Data Input start
15:55:08.374 [main] INFO  testCases.Tc_loginDDT - username input
15:55:08.379 [main] ERROR testCases.Tc_loginDDT - Test case failed
15:55:08.380 [main] INFO  testCases.Tc_loginDDT - loginfunctionality_DDT test starting
15:55:08.381 [main] INFO  testCases.Tc_loginDDT - User Data Input start
15:55:08.381 [main] INFO  testCases.Tc_loginDDT - username input
15:55:08.384 [main] ERROR testCases.Tc_loginDDT - Test case failed
15:55:08.386 [main] INFO  testCases.Tc_loginDDT - loginfunctionality_DDT test starting
15:55:08.386 [main] INFO  testCases.Tc_loginDDT - User Data Input start
15:55:08.386 [main] INFO  testCases.Tc_loginDDT - username input
15:55:08.389 [main] ERROR testCases.Tc_loginDDT - Test case failed
15:55:08.392 [main] INFO  testCases.Tc_loginDDT - loginfunctionality_DDT test starting
15:55:08.392 [main] INFO  testCases.Tc_loginDDT - User Data Input start
15:55:08.392 [main] INFO  testCases.Tc_loginDDT - username input
15:55:08.396 [main] ERROR testCases.Tc_loginDDT - Test case failed
15:55:08.397 [main] INFO  testCases.Tc_loginDDT - loginfunctionality_DDT test starting
15:55:08.398 [main] INFO  testCases.Tc_loginDDT - User Data Input start
15:55:08.398 [main] INFO  testCases.Tc_loginDDT - username input
15:55:08.401 [main] ERROR testCases.Tc_loginDDT - Test case failed
15:55:08.402 [main] INFO  testCases.Tc_loginDDT - loginfunctionality_DDT test starting
15:55:08.402 [main] INFO  testCases.Tc_loginDDT - User Data Input start
15:55:08.402 [main] INFO  testCases.Tc_loginDDT - username input
15:55:08.405 [main] ERROR testCases.Tc_loginDDT - Test case failed
15:55:08.407 [main] INFO  testCases.Tc_loginDDT - loginfunctionality_DDT test starting
15:55:08.407 [main] INFO  testCases.Tc_loginDDT - User Data Input start
15:55:08.407 [main] INFO  testCases.Tc_loginDDT - username input
15:55:08.411 [main] ERROR testCases.Tc_loginDDT - Test case failed
15:55:08.413 [main] INFO  testCases.Tc_loginDDT - loginfunctionality_DDT test starting
15:55:08.413 [main] INFO  testCases.Tc_loginDDT - User Data Input start
15:55:08.413 [main] INFO  testCases.Tc_loginDDT - username input
15:55:08.416 [main] ERROR testCases.Tc_loginDDT - Test case failed
15:55:08.417 [main] INFO  testCases.Tc_loginDDT - loginfunctionality_DDT test starting
15:55:08.417 [main] INFO  testCases.Tc_loginDDT - User Data Input start
15:55:08.417 [main] INFO  testCases.Tc_loginDDT - username input
15:55:08.420 [main] ERROR testCases.Tc_loginDDT - Test case failed
15:55:08.421 [main] INFO  testCases.Tc_loginDDT - loginfunctionality_DDT test starting
15:55:08.421 [main] INFO  testCases.Tc_loginDDT - User Data Input start
15:55:08.421 [main] INFO  testCases.Tc_loginDDT - username input
15:55:08.424 [main] ERROR testCases.Tc_loginDDT - Test case failed
15:55:08.425 [main] INFO  testCases.Tc_loginDDT - loginfunctionality_DDT test starting
15:55:08.426 [main] INFO  testCases.Tc_loginDDT - User Data Input start
15:55:08.426 [main] INFO  testCases.Tc_loginDDT - username input
15:55:08.429 [main] ERROR testCases.Tc_loginDDT - Test case failed
15:55:08.430 [main] INFO  testCases.Tc_loginDDT - loginfunctionality_DDT test starting
15:55:08.431 [main] INFO  testCases.Tc_loginDDT - User Data Input start
15:55:08.431 [main] INFO  testCases.Tc_loginDDT - username input
15:55:08.433 [main] ERROR testCases.Tc_loginDDT - Test case failed
15:55:08.434 [main] INFO  testCases.Tc_loginDDT - loginfunctionality_DDT test starting
15:55:08.434 [main] INFO  testCases.Tc_loginDDT - User Data Input start
15:55:08.434 [main] INFO  testCases.Tc_loginDDT - username input
15:55:08.437 [main] ERROR testCases.Tc_loginDDT - Test case failed
15:55:08.438 [main] INFO  testCases.Tc_loginDDT - loginfunctionality_DDT test starting
15:55:08.438 [main] INFO  testCases.Tc_loginDDT - User Data Input start
15:55:08.438 [main] INFO  testCases.Tc_loginDDT - username input
15:55:08.441 [main] ERROR testCases.Tc_loginDDT - Test case failed
15:55:08.443 [main] INFO  testCases.Tc_loginDDT - loginfunctionality_DDT test starting
15:55:08.443 [main] INFO  testCases.Tc_loginDDT - User Data Input start
15:55:08.443 [main] INFO  testCases.Tc_loginDDT - username input
15:55:08.446 [main] ERROR testCases.Tc_loginDDT - Test case failed
15:55:08.447 [main] INFO  testCases.Tc_loginDDT - loginfunctionality_DDT test starting
15:55:08.448 [main] INFO  testCases.Tc_loginDDT - User Data Input start
15:55:08.448 [main] INFO  testCases.Tc_loginDDT - username input
15:55:08.450 [main] ERROR testCases.Tc_loginDDT - Test case failed
15:55:08.452 [main] INFO  testCases.Tc_loginDDT - loginfunctionality_DDT test starting
15:55:08.452 [main] INFO  testCases.Tc_loginDDT - User Data Input start
15:55:08.452 [main] INFO  testCases.Tc_loginDDT - username input
15:55:08.455 [main] ERROR testCases.Tc_loginDDT - Test case failed
15:55:08.456 [main] INFO  testCases.Tc_loginDDT - loginfunctionality_DDT test starting
15:55:08.457 [main] INFO  testCases.Tc_loginDDT - User Data Input start
15:55:08.457 [main] INFO  testCases.Tc_loginDDT - username input
15:55:08.461 [main] ERROR testCases.Tc_loginDDT - Test case failed
15:55:08.462 [main] INFO  testCases.Tc_loginDDT - loginfunctionality_DDT test starting
15:55:08.462 [main] INFO  testCases.Tc_loginDDT - User Data Input start
15:55:08.462 [main] INFO  testCases.Tc_loginDDT - username input
15:55:08.464 [main] ERROR testCases.Tc_loginDDT - Test case failed
15:55:08.466 [main] INFO  testCases.Tc_loginDDT - loginfunctionality_DDT test starting
15:55:08.466 [main] INFO  testCases.Tc_loginDDT - User Data Input start
15:55:08.466 [main] INFO  testCases.Tc_loginDDT - username input
15:55:08.468 [main] ERROR testCases.Tc_loginDDT - Test case failed
15:55:08.469 [main] INFO  testCases.Tc_loginDDT - loginfunctionality_DDT test starting
15:55:08.469 [main] INFO  testCases.Tc_loginDDT - User Data Input start
15:55:08.469 [main] INFO  testCases.Tc_loginDDT - username input
15:55:08.471 [main] ERROR testCases.Tc_loginDDT - Test case failed
15:55:08.472 [main] INFO  testCases.Tc_loginDDT - loginfunctionality_DDT test starting
15:55:08.473 [main] INFO  testCases.Tc_loginDDT - User Data Input start
15:55:08.473 [main] INFO  testCases.Tc_loginDDT - username input
15:55:08.475 [main] ERROR testCases.Tc_loginDDT - Test case failed
15:55:08.477 [main] INFO  testCases.Tc_loginDDT - loginfunctionality_DDT test starting
15:55:08.477 [main] INFO  testCases.Tc_loginDDT - User Data Input start
15:55:08.477 [main] INFO  testCases.Tc_loginDDT - username input
15:55:08.479 [main] ERROR testCases.Tc_loginDDT - Test case failed
15:55:08.480 [main] INFO  testCases.Tc_loginDDT - loginfunctionality_DDT test starting
15:55:08.481 [main] INFO  testCases.Tc_loginDDT - User Data Input start
15:55:08.481 [main] INFO  testCases.Tc_loginDDT - username input
15:55:08.483 [main] ERROR testCases.Tc_loginDDT - Test case failed
15:55:08.485 [main] INFO  testCases.Tc_loginDDT - loginfunctionality_DDT test starting
15:55:08.485 [main] INFO  testCases.Tc_loginDDT - User Data Input start
15:55:08.485 [main] INFO  testCases.Tc_loginDDT - username input
15:55:08.488 [main] ERROR testCases.Tc_loginDDT - Test case failed
15:55:08.490 [main] INFO  testCases.Tc_loginDDT - loginfunctionality_DDT test starting
15:55:08.490 [main] INFO  testCases.Tc_loginDDT - User Data Input start
15:55:08.490 [main] INFO  testCases.Tc_loginDDT - username input
15:55:08.493 [main] ERROR testCases.Tc_loginDDT - Test case failed
15:55:08.495 [main] INFO  testCases.Tc_loginDDT - loginfunctionality_DDT test starting
15:55:08.495 [main] INFO  testCases.Tc_loginDDT - User Data Input start
15:55:08.495 [main] INFO  testCases.Tc_loginDDT - username input
15:55:08.497 [main] ERROR testCases.Tc_loginDDT - Test case failed
15:55:08.498 [main] INFO  testCases.Tc_loginDDT - loginfunctionality_DDT test starting
15:55:08.498 [main] INFO  testCases.Tc_loginDDT - User Data Input start
15:55:08.499 [main] INFO  testCases.Tc_loginDDT - username input
15:55:08.501 [main] ERROR testCases.Tc_loginDDT - Test case failed
15:55:08.501 [main] INFO  testCases.Tc_loginDDT - loginfunctionality_DDT test starting
15:55:08.502 [main] INFO  testCases.Tc_loginDDT - User Data Input start
15:55:08.502 [main] INFO  testCases.Tc_loginDDT - username input
15:55:08.504 [main] ERROR testCases.Tc_loginDDT - Test case failed
15:55:08.505 [main] INFO  testCases.Tc_loginDDT - loginfunctionality_DDT test starting
15:55:08.505 [main] INFO  testCases.Tc_loginDDT - User Data Input start
15:55:08.505 [main] INFO  testCases.Tc_loginDDT - username input
15:55:08.507 [main] ERROR testCases.Tc_loginDDT - Test case failed
15:55:08.508 [main] INFO  testCases.Tc_loginDDT - loginfunctionality_DDT test starting
15:55:08.509 [main] INFO  testCases.Tc_loginDDT - User Data Input start
15:55:08.509 [main] INFO  testCases.Tc_loginDDT - username input
15:55:08.510 [main] ERROR testCases.Tc_loginDDT - Test case failed
15:55:08.511 [main] INFO  testCases.Tc_loginDDT - loginfunctionality_DDT test starting
15:55:08.512 [main] INFO  testCases.Tc_loginDDT - User Data Input start
15:55:08.512 [main] INFO  testCases.Tc_loginDDT - username input
15:55:08.513 [main] ERROR testCases.Tc_loginDDT - Test case failed
15:55:08.514 [main] INFO  testCases.Tc_loginDDT - loginfunctionality_DDT test starting
15:55:08.514 [main] INFO  testCases.Tc_loginDDT - User Data Input start
15:55:08.514 [main] INFO  testCases.Tc_loginDDT - username input
15:55:08.516 [main] ERROR testCases.Tc_loginDDT - Test case failed
15:55:08.517 [main] INFO  testCases.Tc_loginDDT - loginfunctionality_DDT test starting
15:55:08.517 [main] INFO  testCases.Tc_loginDDT - User Data Input start
15:55:08.517 [main] INFO  testCases.Tc_loginDDT - username input
15:55:08.519 [main] ERROR testCases.Tc_loginDDT - Test case failed
15:55:08.520 [main] INFO  testCases.Tc_loginDDT - loginfunctionality_DDT test starting
15:55:08.520 [main] INFO  testCases.Tc_loginDDT - User Data Input start
15:55:08.520 [main] INFO  testCases.Tc_loginDDT - username input
15:55:08.523 [main] ERROR testCases.Tc_loginDDT - Test case failed
15:55:08.524 [main] INFO  testCases.Tc_loginDDT - loginfunctionality_DDT test starting
15:55:08.524 [main] INFO  testCases.Tc_loginDDT - User Data Input start
15:55:08.524 [main] INFO  testCases.Tc_loginDDT - username input
15:55:08.526 [main] ERROR testCases.Tc_loginDDT - Test case failed
15:55:08.527 [main] INFO  testCases.Tc_loginDDT - loginfunctionality_DDT test starting
15:55:08.527 [main] INFO  testCases.Tc_loginDDT - User Data Input start
15:55:08.527 [main] INFO  testCases.Tc_loginDDT - username input
15:55:08.529 [main] ERROR testCases.Tc_loginDDT - Test case failed
15:55:08.530 [main] INFO  testCases.Tc_loginDDT - loginfunctionality_DDT test starting
15:55:08.531 [main] INFO  testCases.Tc_loginDDT - User Data Input start
15:55:08.531 [main] INFO  testCases.Tc_loginDDT - username input
15:55:08.533 [main] ERROR testCases.Tc_loginDDT - Test case failed
15:55:08.534 [main] INFO  testCases.Tc_loginDDT - loginfunctionality_DDT test starting
15:55:08.534 [main] INFO  testCases.Tc_loginDDT - User Data Input start
15:55:08.534 [main] INFO  testCases.Tc_loginDDT - username input
15:55:08.537 [main] ERROR testCases.Tc_loginDDT - Test case failed
15:55:08.539 [main] INFO  testCases.Tc_loginDDT - loginfunctionality_DDT test starting
15:55:08.539 [main] INFO  testCases.Tc_loginDDT - User Data Input start
15:55:08.539 [main] INFO  testCases.Tc_loginDDT - username input
15:55:08.542 [main] ERROR testCases.Tc_loginDDT - Test case failed
15:55:08.543 [main] INFO  testCases.Tc_loginDDT - loginfunctionality_DDT test starting
15:55:08.543 [main] INFO  testCases.Tc_loginDDT - User Data Input start
15:55:08.543 [main] INFO  testCases.Tc_loginDDT - username input
15:55:08.545 [main] ERROR testCases.Tc_loginDDT - Test case failed
15:55:08.547 [main] INFO  testCases.Tc_loginDDT - loginfunctionality_DDT test starting
15:55:08.547 [main] INFO  testCases.Tc_loginDDT - User Data Input start
15:55:08.547 [main] INFO  testCases.Tc_loginDDT - username input
15:55:08.549 [main] ERROR testCases.Tc_loginDDT - Test case failed
15:55:08.551 [main] INFO  testCases.Tc_loginDDT - loginfunctionality_DDT test starting
15:55:08.551 [main] INFO  testCases.Tc_loginDDT - User Data Input start
15:55:08.551 [main] INFO  testCases.Tc_loginDDT - username input
15:55:08.554 [main] ERROR testCases.Tc_loginDDT - Test case failed
15:55:08.555 [main] INFO  testCases.Tc_loginDDT - loginfunctionality_DDT test starting
15:55:08.555 [main] INFO  testCases.Tc_loginDDT - User Data Input start
15:55:08.555 [main] INFO  testCases.Tc_loginDDT - username input
15:55:08.558 [main] ERROR testCases.Tc_loginDDT - Test case failed
15:55:08.559 [main] INFO  testCases.Tc_loginDDT - loginfunctionality_DDT test starting
15:55:08.560 [main] INFO  testCases.Tc_loginDDT - User Data Input start
15:55:08.560 [main] INFO  testCases.Tc_loginDDT - username input
15:55:08.562 [main] ERROR testCases.Tc_loginDDT - Test case failed
15:55:08.564 [main] INFO  testCases.Tc_loginDDT - loginfunctionality_DDT test starting
15:55:08.564 [main] INFO  testCases.Tc_loginDDT - User Data Input start
15:55:08.564 [main] INFO  testCases.Tc_loginDDT - username input
15:55:08.566 [main] ERROR testCases.Tc_loginDDT - Test case failed
15:55:08.568 [main] INFO  testCases.Tc_loginDDT - loginfunctionality_DDT test starting
15:55:08.568 [main] INFO  testCases.Tc_loginDDT - User Data Input start
15:55:08.568 [main] INFO  testCases.Tc_loginDDT - username input
15:55:08.570 [main] ERROR testCases.Tc_loginDDT - Test case failed
15:55:08.572 [main] INFO  testCases.Tc_loginDDT - loginfunctionality_DDT test starting
15:55:08.572 [main] INFO  testCases.Tc_loginDDT - User Data Input start
15:55:08.572 [main] INFO  testCases.Tc_loginDDT - username input
15:55:08.574 [main] ERROR testCases.Tc_loginDDT - Test case failed
15:55:08.576 [main] INFO  testCases.Tc_loginDDT - loginfunctionality_DDT test starting
15:55:08.576 [main] INFO  testCases.Tc_loginDDT - User Data Input start
15:55:08.576 [main] INFO  testCases.Tc_loginDDT - username input
15:55:08.579 [main] ERROR testCases.Tc_loginDDT - Test case failed
15:55:08.580 [main] INFO  testCases.Tc_loginDDT - loginfunctionality_DDT test starting
15:55:08.581 [main] INFO  testCases.Tc_loginDDT - User Data Input start
15:55:08.581 [main] INFO  testCases.Tc_loginDDT - username input
15:55:08.584 [main] ERROR testCases.Tc_loginDDT - Test case failed
15:55:08.585 [main] INFO  testCases.Tc_loginDDT - loginfunctionality_DDT test starting
15:55:08.585 [main] INFO  testCases.Tc_loginDDT - User Data Input start
15:55:08.585 [main] INFO  testCases.Tc_loginDDT - username input
15:55:08.588 [main] ERROR testCases.Tc_loginDDT - Test case failed
15:55:08.589 [main] INFO  testCases.Tc_loginDDT - loginfunctionality_DDT test starting
15:55:08.589 [main] INFO  testCases.Tc_loginDDT - User Data Input start
15:55:08.589 [main] INFO  testCases.Tc_loginDDT - username input
15:55:08.592 [main] ERROR testCases.Tc_loginDDT - Test case failed
15:55:08.594 [main] INFO  testCases.Tc_loginDDT - loginfunctionality_DDT test starting
15:55:08.594 [main] INFO  testCases.Tc_loginDDT - User Data Input start
15:55:08.594 [main] INFO  testCases.Tc_loginDDT - username input
15:55:08.597 [main] ERROR testCases.Tc_loginDDT - Test case failed
15:55:08.599 [main] INFO  testCases.Tc_loginDDT - loginfunctionality_DDT test starting
15:55:08.599 [main] INFO  testCases.Tc_loginDDT - User Data Input start
15:55:08.599 [main] INFO  testCases.Tc_loginDDT - username input
15:55:08.601 [main] ERROR testCases.Tc_loginDDT - Test case failed
15:55:08.602 [main] INFO  testCases.Tc_loginDDT - loginfunctionality_DDT test starting
15:55:08.603 [main] INFO  testCases.Tc_loginDDT - User Data Input start
15:55:08.603 [main] INFO  testCases.Tc_loginDDT - username input
15:55:08.606 [main] ERROR testCases.Tc_loginDDT - Test case failed
15:55:08.607 [main] INFO  testCases.Tc_loginDDT - loginfunctionality_DDT test starting
15:55:08.607 [main] INFO  testCases.Tc_loginDDT - User Data Input start
15:55:08.607 [main] INFO  testCases.Tc_loginDDT - username input
15:55:08.610 [main] ERROR testCases.Tc_loginDDT - Test case failed
15:55:08.611 [main] INFO  testCases.Tc_loginDDT - loginfunctionality_DDT test starting
15:55:08.611 [main] INFO  testCases.Tc_loginDDT - User Data Input start
15:55:08.611 [main] INFO  testCases.Tc_loginDDT - username input
15:55:08.613 [main] ERROR testCases.Tc_loginDDT - Test case failed
15:55:08.614 [main] INFO  testCases.Tc_loginDDT - loginfunctionality_DDT test starting
15:55:08.614 [main] INFO  testCases.Tc_loginDDT - User Data Input start
15:55:08.614 [main] INFO  testCases.Tc_loginDDT - username input
15:55:08.617 [main] ERROR testCases.Tc_loginDDT - Test case failed
15:55:08.618 [main] INFO  testCases.Tc_loginDDT - loginfunctionality_DDT test starting
15:55:08.618 [main] INFO  testCases.Tc_loginDDT - User Data Input start
15:55:08.618 [main] INFO  testCases.Tc_loginDDT - username input
15:55:08.620 [main] ERROR testCases.Tc_loginDDT - Test case failed
15:55:08.621 [main] INFO  testCases.Tc_loginDDT - loginfunctionality_DDT test starting
15:55:08.621 [main] INFO  testCases.Tc_loginDDT - User Data Input start
15:55:08.621 [main] INFO  testCases.Tc_loginDDT - username input
15:55:08.623 [main] ERROR testCases.Tc_loginDDT - Test case failed
15:55:08.624 [main] INFO  testCases.Tc_loginDDT - loginfunctionality_DDT test starting
15:55:08.624 [main] INFO  testCases.Tc_loginDDT - User Data Input start
15:55:08.624 [main] INFO  testCases.Tc_loginDDT - username input
15:55:08.627 [main] ERROR testCases.Tc_loginDDT - Test case failed
15:55:08.627 [main] INFO  testCases.Tc_loginDDT - loginfunctionality_DDT test starting
15:55:08.628 [main] INFO  testCases.Tc_loginDDT - User Data Input start
15:55:08.628 [main] INFO  testCases.Tc_loginDDT - username input
15:55:08.630 [main] ERROR testCases.Tc_loginDDT - Test case failed
15:55:08.630 [main] INFO  testCases.Tc_loginDDT - loginfunctionality_DDT test starting
15:55:08.631 [main] INFO  testCases.Tc_loginDDT - User Data Input start
15:55:08.631 [main] INFO  testCases.Tc_loginDDT - username input
15:55:08.632 [main] ERROR testCases.Tc_loginDDT - Test case failed
15:55:08.633 [main] INFO  testCases.Tc_loginDDT - loginfunctionality_DDT test starting
15:55:08.633 [main] INFO  testCases.Tc_loginDDT - User Data Input start
15:55:08.633 [main] INFO  testCases.Tc_loginDDT - username input
15:55:08.636 [main] ERROR testCases.Tc_loginDDT - Test case failed
15:55:08.636 [main] INFO  testCases.Tc_loginDDT - loginfunctionality_DDT test starting
15:55:08.637 [main] INFO  testCases.Tc_loginDDT - User Data Input start
15:55:08.637 [main] INFO  testCases.Tc_loginDDT - username input
15:55:08.638 [main] ERROR testCases.Tc_loginDDT - Test case failed
15:55:08.639 [main] INFO  testCases.Tc_loginDDT - loginfunctionality_DDT test starting
15:55:08.639 [main] INFO  testCases.Tc_loginDDT - User Data Input start
15:55:08.639 [main] INFO  testCases.Tc_loginDDT - username input
15:55:08.642 [main] ERROR testCases.Tc_loginDDT - Test case failed
15:55:08.643 [main] INFO  testCases.Tc_loginDDT - loginfunctionality_DDT test starting
15:55:08.643 [main] INFO  testCases.Tc_loginDDT - User Data Input start
15:55:08.643 [main] INFO  testCases.Tc_loginDDT - username input
15:55:08.645 [main] ERROR testCases.Tc_loginDDT - Test case failed
15:55:08.646 [main] INFO  testCases.Tc_loginDDT - loginfunctionality_DDT test starting
15:55:08.647 [main] INFO  testCases.Tc_loginDDT - User Data Input start
15:55:08.647 [main] INFO  testCases.Tc_loginDDT - username input
15:55:08.649 [main] ERROR testCases.Tc_loginDDT - Test case failed
15:55:08.650 [main] INFO  testCases.Tc_loginDDT - loginfunctionality_DDT test starting
15:55:08.650 [main] INFO  testCases.Tc_loginDDT - User Data Input start
15:55:08.650 [main] INFO  testCases.Tc_loginDDT - username input
15:55:08.652 [main] ERROR testCases.Tc_loginDDT - Test case failed
15:55:08.654 [main] INFO  testCases.Tc_loginDDT - loginfunctionality_DDT test starting
15:55:08.654 [main] INFO  testCases.Tc_loginDDT - User Data Input start
15:55:08.654 [main] INFO  testCases.Tc_loginDDT - username input
15:55:08.656 [main] ERROR testCases.Tc_loginDDT - Test case failed
15:55:08.657 [main] INFO  testCases.Tc_loginDDT - loginfunctionality_DDT test starting
15:55:08.657 [main] INFO  testCases.Tc_loginDDT - User Data Input start
15:55:08.658 [main] INFO  testCases.Tc_loginDDT - username input
15:55:08.660 [main] ERROR testCases.Tc_loginDDT - Test case failed
15:55:08.661 [main] INFO  testCases.Tc_loginDDT - loginfunctionality_DDT test starting
15:55:08.661 [main] INFO  testCases.Tc_loginDDT - User Data Input start
15:55:08.661 [main] INFO  testCases.Tc_loginDDT - username input
15:55:08.664 [main] ERROR testCases.Tc_loginDDT - Test case failed
15:55:08.665 [main] INFO  testCases.Tc_loginDDT - loginfunctionality_DDT test starting
15:55:08.665 [main] INFO  testCases.Tc_loginDDT - User Data Input start
15:55:08.665 [main] INFO  testCases.Tc_loginDDT - username input
15:55:08.667 [main] ERROR testCases.Tc_loginDDT - Test case failed
15:55:08.668 [main] INFO  testCases.Tc_loginDDT - loginfunctionality_DDT test starting
15:55:08.668 [main] INFO  testCases.Tc_loginDDT - User Data Input start
15:55:08.668 [main] INFO  testCases.Tc_loginDDT - username input
15:55:08.671 [main] ERROR testCases.Tc_loginDDT - Test case failed
15:55:08.672 [main] INFO  testCases.Tc_loginDDT - loginfunctionality_DDT test starting
15:55:08.672 [main] INFO  testCases.Tc_loginDDT - User Data Input start
15:55:08.672 [main] INFO  testCases.Tc_loginDDT - username input
15:55:08.675 [main] ERROR testCases.Tc_loginDDT - Test case failed
15:55:08.676 [main] INFO  testCases.Tc_loginDDT - loginfunctionality_DDT test starting
15:55:08.677 [main] INFO  testCases.Tc_loginDDT - User Data Input start
15:55:08.677 [main] INFO  testCases.Tc_loginDDT - username input
15:55:08.679 [main] ERROR testCases.Tc_loginDDT - Test case failed
15:55:08.680 [main] INFO  testCases.Tc_loginDDT - loginfunctionality_DDT test starting
15:55:08.680 [main] INFO  testCases.Tc_loginDDT - User Data Input start
15:55:08.680 [main] INFO  testCases.Tc_loginDDT - username input
15:55:08.683 [main] ERROR testCases.Tc_loginDDT - Test case failed
15:55:08.684 [main] INFO  testCases.Tc_loginDDT - loginfunctionality_DDT test starting
15:55:08.685 [main] INFO  testCases.Tc_loginDDT - User Data Input start
15:55:08.685 [main] INFO  testCases.Tc_loginDDT - username input
15:55:08.687 [main] ERROR testCases.Tc_loginDDT - Test case failed
15:55:08.688 [main] INFO  testCases.Tc_loginDDT - loginfunctionality_DDT test starting
15:55:08.688 [main] INFO  testCases.Tc_loginDDT - User Data Input start
15:55:08.688 [main] INFO  testCases.Tc_loginDDT - username input
15:55:08.690 [main] ERROR testCases.Tc_loginDDT - Test case failed
15:55:08.691 [main] INFO  testCases.Tc_loginDDT - loginfunctionality_DDT test starting
15:55:08.692 [main] INFO  testCases.Tc_loginDDT - User Data Input start
15:55:08.692 [main] INFO  testCases.Tc_loginDDT - username input
15:55:08.694 [main] ERROR testCases.Tc_loginDDT - Test case failed
15:55:08.695 [main] INFO  testCases.Tc_loginDDT - loginfunctionality_DDT test starting
15:55:08.696 [main] INFO  testCases.Tc_loginDDT - User Data Input start
15:55:08.696 [main] INFO  testCases.Tc_loginDDT - username input
15:55:08.698 [main] ERROR testCases.Tc_loginDDT - Test case failed
15:55:08.699 [main] INFO  testCases.Tc_loginDDT - loginfunctionality_DDT test starting
15:55:08.699 [main] INFO  testCases.Tc_loginDDT - User Data Input start
15:55:08.699 [main] INFO  testCases.Tc_loginDDT - username input
15:55:08.701 [main] ERROR testCases.Tc_loginDDT - Test case failed
15:55:08.702 [main] INFO  testCases.Tc_loginDDT - loginfunctionality_DDT test starting
15:55:08.702 [main] INFO  testCases.Tc_loginDDT - User Data Input start
15:55:08.702 [main] INFO  testCases.Tc_loginDDT - username input
15:55:08.704 [main] ERROR testCases.Tc_loginDDT - Test case failed
15:55:08.705 [main] INFO  testCases.Tc_loginDDT - loginfunctionality_DDT test starting
15:55:08.705 [main] INFO  testCases.Tc_loginDDT - User Data Input start
15:55:08.705 [main] INFO  testCases.Tc_loginDDT - username input
15:55:08.707 [main] ERROR testCases.Tc_loginDDT - Test case failed
15:55:08.708 [main] INFO  testCases.Tc_loginDDT - loginfunctionality_DDT test starting
15:55:08.708 [main] INFO  testCases.Tc_loginDDT - User Data Input start
15:55:08.708 [main] INFO  testCases.Tc_loginDDT - username input
15:55:08.711 [main] ERROR testCases.Tc_loginDDT - Test case failed
15:55:08.712 [main] INFO  testCases.Tc_loginDDT - loginfunctionality_DDT test starting
15:55:08.712 [main] INFO  testCases.Tc_loginDDT - User Data Input start
15:55:08.712 [main] INFO  testCases.Tc_loginDDT - username input
15:55:08.714 [main] ERROR testCases.Tc_loginDDT - Test case failed
15:55:08.714 [main] INFO  testCases.Tc_loginDDT - loginfunctionality_DDT test starting
15:55:08.715 [main] INFO  testCases.Tc_loginDDT - User Data Input start
15:55:08.715 [main] INFO  testCases.Tc_loginDDT - username input
15:55:08.717 [main] ERROR testCases.Tc_loginDDT - Test case failed
15:55:08.718 [main] INFO  testCases.Tc_loginDDT - loginfunctionality_DDT test starting
15:55:08.718 [main] INFO  testCases.Tc_loginDDT - User Data Input start
15:55:08.718 [main] INFO  testCases.Tc_loginDDT - username input
15:55:08.721 [main] ERROR testCases.Tc_loginDDT - Test case failed
15:55:08.722 [main] INFO  testCases.Tc_loginDDT - loginfunctionality_DDT test starting
15:55:08.722 [main] INFO  testCases.Tc_loginDDT - User Data Input start
15:55:08.722 [main] INFO  testCases.Tc_loginDDT - username input
15:55:08.724 [main] ERROR testCases.Tc_loginDDT - Test case failed
15:55:08.726 [main] INFO  testCases.Tc_loginDDT - loginfunctionality_DDT test starting
15:55:08.727 [main] INFO  testCases.Tc_loginDDT - User Data Input start
15:55:08.727 [main] INFO  testCases.Tc_loginDDT - username input
15:55:08.729 [main] ERROR testCases.Tc_loginDDT - Test case failed
15:55:08.731 [main] INFO  testCases.Tc_loginDDT - loginfunctionality_DDT test starting
15:55:08.731 [main] INFO  testCases.Tc_loginDDT - User Data Input start
15:55:08.731 [main] INFO  testCases.Tc_loginDDT - username input
15:55:08.733 [main] ERROR testCases.Tc_loginDDT - Test case failed
15:55:08.735 [main] INFO  testCases.Tc_loginDDT - loginfunctionality_DDT test starting
15:55:08.735 [main] INFO  testCases.Tc_loginDDT - User Data Input start
15:55:08.735 [main] INFO  testCases.Tc_loginDDT - username input
15:55:08.738 [main] ERROR testCases.Tc_loginDDT - Test case failed
15:55:08.739 [main] INFO  testCases.Tc_loginDDT - loginfunctionality_DDT test starting
15:55:08.740 [main] INFO  testCases.Tc_loginDDT - User Data Input start
15:55:08.740 [main] INFO  testCases.Tc_loginDDT - username input
15:55:08.743 [main] ERROR testCases.Tc_loginDDT - Test case failed
15:55:08.744 [main] INFO  testCases.Tc_loginDDT - loginfunctionality_DDT test starting
15:55:08.745 [main] INFO  testCases.Tc_loginDDT - User Data Input start
15:55:08.745 [main] INFO  testCases.Tc_loginDDT - username input
15:55:08.747 [main] ERROR testCases.Tc_loginDDT - Test case failed
15:55:08.748 [main] INFO  testCases.Tc_loginDDT - loginfunctionality_DDT test starting
15:55:08.749 [main] INFO  testCases.Tc_loginDDT - User Data Input start
15:55:08.749 [main] INFO  testCases.Tc_loginDDT - username input
15:55:08.752 [main] ERROR testCases.Tc_loginDDT - Test case failed
15:55:08.753 [main] INFO  testCases.Tc_loginDDT - loginfunctionality_DDT test starting
15:55:08.754 [main] INFO  testCases.Tc_loginDDT - User Data Input start
15:55:08.754 [main] INFO  testCases.Tc_loginDDT - username input
15:55:08.756 [main] ERROR testCases.Tc_loginDDT - Test case failed
15:55:08.758 [main] INFO  testCases.Tc_loginDDT - loginfunctionality_DDT test starting
15:55:08.758 [main] INFO  testCases.Tc_loginDDT - User Data Input start
15:55:08.758 [main] INFO  testCases.Tc_loginDDT - username input
15:55:08.761 [main] ERROR testCases.Tc_loginDDT - Test case failed
15:55:08.762 [main] INFO  testCases.Tc_loginDDT - loginfunctionality_DDT test starting
15:55:08.763 [main] INFO  testCases.Tc_loginDDT - User Data Input start
15:55:08.763 [main] INFO  testCases.Tc_loginDDT - username input
15:55:08.765 [main] ERROR testCases.Tc_loginDDT - Test case failed
15:55:08.766 [main] INFO  testCases.Tc_loginDDT - loginfunctionality_DDT test starting
15:55:08.767 [main] INFO  testCases.Tc_loginDDT - User Data Input start
15:55:08.767 [main] INFO  testCases.Tc_loginDDT - username input
15:55:08.769 [main] ERROR testCases.Tc_loginDDT - Test case failed
15:55:08.770 [main] INFO  testCases.Tc_loginDDT - loginfunctionality_DDT test starting
15:55:08.770 [main] INFO  testCases.Tc_loginDDT - User Data Input start
15:55:08.770 [main] INFO  testCases.Tc_loginDDT - username input
15:55:08.773 [main] ERROR testCases.Tc_loginDDT - Test case failed
15:55:08.773 [main] INFO  testCases.Tc_loginDDT - loginfunctionality_DDT test starting
15:55:08.774 [main] INFO  testCases.Tc_loginDDT - User Data Input start
15:55:08.774 [main] INFO  testCases.Tc_loginDDT - username input
15:55:08.777 [main] ERROR testCases.Tc_loginDDT - Test case failed
15:55:08.778 [main] INFO  testCases.Tc_loginDDT - loginfunctionality_DDT test starting
15:55:08.778 [main] INFO  testCases.Tc_loginDDT - User Data Input start
15:55:08.778 [main] INFO  testCases.Tc_loginDDT - username input
15:55:08.780 [main] ERROR testCases.Tc_loginDDT - Test case failed
15:55:08.782 [main] INFO  testCases.Tc_loginDDT - loginfunctionality_DDT test starting
15:55:08.782 [main] INFO  testCases.Tc_loginDDT - User Data Input start
15:55:08.782 [main] INFO  testCases.Tc_loginDDT - username input
15:55:08.784 [main] ERROR testCases.Tc_loginDDT - Test case failed
15:55:08.785 [main] INFO  testCases.Tc_loginDDT - loginfunctionality_DDT test starting
15:55:08.786 [main] INFO  testCases.Tc_loginDDT - User Data Input start
15:55:08.786 [main] INFO  testCases.Tc_loginDDT - username input
15:55:08.788 [main] ERROR testCases.Tc_loginDDT - Test case failed
15:55:08.790 [main] INFO  testCases.Tc_loginDDT - loginfunctionality_DDT test starting
15:55:08.790 [main] INFO  testCases.Tc_loginDDT - User Data Input start
15:55:08.790 [main] INFO  testCases.Tc_loginDDT - username input
15:55:08.793 [main] ERROR testCases.Tc_loginDDT - Test case failed
15:55:08.795 [main] INFO  testCases.Tc_loginDDT - loginfunctionality_DDT test starting
15:55:08.795 [main] INFO  testCases.Tc_loginDDT - User Data Input start
15:55:08.795 [main] INFO  testCases.Tc_loginDDT - username input
15:55:08.797 [main] ERROR testCases.Tc_loginDDT - Test case failed
15:55:08.799 [main] INFO  testCases.Tc_loginDDT - loginfunctionality_DDT test starting
15:55:08.799 [main] INFO  testCases.Tc_loginDDT - User Data Input start
15:55:08.799 [main] INFO  testCases.Tc_loginDDT - username input
15:55:08.801 [main] ERROR testCases.Tc_loginDDT - Test case failed
15:55:08.802 [main] INFO  testCases.Tc_loginDDT - loginfunctionality_DDT test starting
15:55:08.802 [main] INFO  testCases.Tc_loginDDT - User Data Input start
15:55:08.802 [main] INFO  testCases.Tc_loginDDT - username input
15:55:08.804 [main] ERROR testCases.Tc_loginDDT - Test case failed
15:55:08.805 [main] INFO  testCases.Tc_loginDDT - loginfunctionality_DDT test starting
15:55:08.805 [main] INFO  testCases.Tc_loginDDT - User Data Input start
15:55:08.805 [main] INFO  testCases.Tc_loginDDT - username input
15:55:08.807 [main] ERROR testCases.Tc_loginDDT - Test case failed
15:55:08.808 [main] INFO  testCases.Tc_loginDDT - loginfunctionality_DDT test starting
15:55:08.809 [main] INFO  testCases.Tc_loginDDT - User Data Input start
15:55:08.809 [main] INFO  testCases.Tc_loginDDT - username input
15:55:08.811 [main] ERROR testCases.Tc_loginDDT - Test case failed
15:55:08.812 [main] INFO  testCases.Tc_loginDDT - loginfunctionality_DDT test starting
15:55:08.812 [main] INFO  testCases.Tc_loginDDT - User Data Input start
15:55:08.812 [main] INFO  testCases.Tc_loginDDT - username input
15:55:08.814 [main] ERROR testCases.Tc_loginDDT - Test case failed
15:55:08.815 [main] INFO  testCases.Tc_loginDDT - loginfunctionality_DDT test starting
15:55:08.815 [main] INFO  testCases.Tc_loginDDT - User Data Input start
15:55:08.815 [main] INFO  testCases.Tc_loginDDT - username input
15:55:08.817 [main] ERROR testCases.Tc_loginDDT - Test case failed
15:55:08.818 [main] INFO  testCases.Tc_loginDDT - loginfunctionality_DDT test starting
15:55:08.818 [main] INFO  testCases.Tc_loginDDT - User Data Input start
15:55:08.818 [main] INFO  testCases.Tc_loginDDT - username input
15:55:08.820 [main] ERROR testCases.Tc_loginDDT - Test case failed
15:55:08.822 [main] INFO  testCases.Tc_loginDDT - loginfunctionality_DDT test starting
15:55:08.822 [main] INFO  testCases.Tc_loginDDT - User Data Input start
15:55:08.822 [main] INFO  testCases.Tc_loginDDT - username input
15:55:08.825 [main] ERROR testCases.Tc_loginDDT - Test case failed
15:55:08.826 [main] INFO  testCases.Tc_loginDDT - loginfunctionality_DDT test starting
15:55:08.826 [main] INFO  testCases.Tc_loginDDT - User Data Input start
15:55:08.826 [main] INFO  testCases.Tc_loginDDT - username input
15:55:08.828 [main] ERROR testCases.Tc_loginDDT - Test case failed
15:55:08.829 [main] INFO  testCases.Tc_loginDDT - loginfunctionality_DDT test starting
15:55:08.829 [main] INFO  testCases.Tc_loginDDT - User Data Input start
15:55:08.829 [main] INFO  testCases.Tc_loginDDT - username input
15:55:08.831 [main] ERROR testCases.Tc_loginDDT - Test case failed
15:55:08.832 [main] INFO  testCases.Tc_loginDDT - loginfunctionality_DDT test starting
15:55:08.832 [main] INFO  testCases.Tc_loginDDT - User Data Input start
15:55:08.832 [main] INFO  testCases.Tc_loginDDT - username input
15:55:08.834 [main] ERROR testCases.Tc_loginDDT - Test case failed
15:55:08.835 [main] INFO  testCases.Tc_loginDDT - loginfunctionality_DDT test starting
15:55:08.835 [main] INFO  testCases.Tc_loginDDT - User Data Input start
15:55:08.835 [main] INFO  testCases.Tc_loginDDT - username input
15:55:08.837 [main] ERROR testCases.Tc_loginDDT - Test case failed
15:55:08.839 [main] INFO  testCases.Tc_loginDDT - loginfunctionality_DDT test starting
15:55:08.839 [main] INFO  testCases.Tc_loginDDT - User Data Input start
15:55:08.839 [main] INFO  testCases.Tc_loginDDT - username input
15:55:08.841 [main] ERROR testCases.Tc_loginDDT - Test case failed
15:55:08.842 [main] INFO  testCases.Tc_loginDDT - loginfunctionality_DDT test starting
15:55:08.842 [main] INFO  testCases.Tc_loginDDT - User Data Input start
15:55:08.842 [main] INFO  testCases.Tc_loginDDT - username input
15:55:08.845 [main] ERROR testCases.Tc_loginDDT - Test case failed
15:55:08.846 [main] INFO  testCases.Tc_loginDDT - loginfunctionality_DDT test starting
15:55:08.846 [main] INFO  testCases.Tc_loginDDT - User Data Input start
15:55:08.846 [main] INFO  testCases.Tc_loginDDT - username input
15:55:08.848 [main] ERROR testCases.Tc_loginDDT - Test case failed
15:55:08.850 [main] INFO  testCases.Tc_loginDDT - loginfunctionality_DDT test starting
15:55:08.850 [main] INFO  testCases.Tc_loginDDT - User Data Input start
15:55:08.850 [main] INFO  testCases.Tc_loginDDT - username input
15:55:08.853 [main] ERROR testCases.Tc_loginDDT - Test case failed
15:55:08.854 [main] INFO  testCases.Tc_loginDDT - loginfunctionality_DDT test starting
15:55:08.854 [main] INFO  testCases.Tc_loginDDT - User Data Input start
15:55:08.854 [main] INFO  testCases.Tc_loginDDT - username input
15:55:08.856 [main] ERROR testCases.Tc_loginDDT - Test case failed
15:55:08.857 [main] INFO  testCases.Tc_loginDDT - loginfunctionality_DDT test starting
15:55:08.857 [main] INFO  testCases.Tc_loginDDT - User Data Input start
15:55:08.857 [main] INFO  testCases.Tc_loginDDT - username input
15:55:08.859 [main] ERROR testCases.Tc_loginDDT - Test case failed
15:55:08.860 [main] INFO  testCases.Tc_loginDDT - loginfunctionality_DDT test starting
15:55:08.860 [main] INFO  testCases.Tc_loginDDT - User Data Input start
15:55:08.860 [main] INFO  testCases.Tc_loginDDT - username input
15:55:08.862 [main] ERROR testCases.Tc_loginDDT - Test case failed
15:55:08.863 [main] INFO  testCases.Tc_loginDDT - loginfunctionality_DDT test starting
15:55:08.863 [main] INFO  testCases.Tc_loginDDT - User Data Input start
15:55:08.863 [main] INFO  testCases.Tc_loginDDT - username input
15:55:08.866 [main] ERROR testCases.Tc_loginDDT - Test case failed
15:55:08.867 [main] INFO  testCases.Tc_loginDDT - loginfunctionality_DDT test starting
15:55:08.867 [main] INFO  testCases.Tc_loginDDT - User Data Input start
15:55:08.867 [main] INFO  testCases.Tc_loginDDT - username input
15:55:08.869 [main] ERROR testCases.Tc_loginDDT - Test case failed
15:55:08.870 [main] INFO  testCases.Tc_loginDDT - loginfunctionality_DDT test starting
15:55:08.870 [main] INFO  testCases.Tc_loginDDT - User Data Input start
15:55:08.870 [main] INFO  testCases.Tc_loginDDT - username input
15:55:08.873 [main] ERROR testCases.Tc_loginDDT - Test case failed
15:55:08.874 [main] INFO  testCases.Tc_loginDDT - loginfunctionality_DDT test starting
15:55:08.875 [main] INFO  testCases.Tc_loginDDT - User Data Input start
15:55:08.875 [main] INFO  testCases.Tc_loginDDT - username input
15:55:08.877 [main] ERROR testCases.Tc_loginDDT - Test case failed
15:55:08.878 [main] INFO  testCases.Tc_loginDDT - loginfunctionality_DDT test starting
15:55:08.878 [main] INFO  testCases.Tc_loginDDT - User Data Input start
15:55:08.878 [main] INFO  testCases.Tc_loginDDT - username input
15:55:08.880 [main] ERROR testCases.Tc_loginDDT - Test case failed
15:55:08.881 [main] INFO  testCases.Tc_loginDDT - loginfunctionality_DDT test starting
15:55:08.881 [main] INFO  testCases.Tc_loginDDT - User Data Input start
15:55:08.881 [main] INFO  testCases.Tc_loginDDT - username input
15:55:08.883 [main] ERROR testCases.Tc_loginDDT - Test case failed
15:55:08.884 [main] INFO  testCases.Tc_loginDDT - loginfunctionality_DDT test starting
15:55:08.884 [main] INFO  testCases.Tc_loginDDT - User Data Input start
15:55:08.884 [main] INFO  testCases.Tc_loginDDT - username input
15:55:08.887 [main] ERROR testCases.Tc_loginDDT - Test case failed
15:55:08.888 [main] INFO  testCases.Tc_loginDDT - loginfunctionality_DDT test starting
15:55:08.888 [main] INFO  testCases.Tc_loginDDT - User Data Input start
15:55:08.888 [main] INFO  testCases.Tc_loginDDT - username input
15:55:08.890 [main] ERROR testCases.Tc_loginDDT - Test case failed
15:55:08.891 [main] INFO  testCases.Tc_loginDDT - loginfunctionality_DDT test starting
15:55:08.891 [main] INFO  testCases.Tc_loginDDT - User Data Input start
15:55:08.891 [main] INFO  testCases.Tc_loginDDT - username input
15:55:08.894 [main] ERROR testCases.Tc_loginDDT - Test case failed
15:55:08.895 [main] INFO  testCases.Tc_loginDDT - loginfunctionality_DDT test starting
15:55:08.895 [main] INFO  testCases.Tc_loginDDT - User Data Input start
15:55:08.895 [main] INFO  testCases.Tc_loginDDT - username input
15:55:08.897 [main] ERROR testCases.Tc_loginDDT - Test case failed
15:55:08.898 [main] INFO  testCases.Tc_loginDDT - loginfunctionality_DDT test starting
15:55:08.898 [main] INFO  testCases.Tc_loginDDT - User Data Input start
15:55:08.898 [main] INFO  testCases.Tc_loginDDT - username input
15:55:08.900 [main] ERROR testCases.Tc_loginDDT - Test case failed
15:55:08.901 [main] INFO  testCases.Tc_loginDDT - loginfunctionality_DDT test starting
15:55:08.902 [main] INFO  testCases.Tc_loginDDT - User Data Input start
15:55:08.902 [main] INFO  testCases.Tc_loginDDT - username input
15:55:08.904 [main] ERROR testCases.Tc_loginDDT - Test case failed
15:55:08.905 [main] INFO  testCases.Tc_loginDDT - loginfunctionality_DDT test starting
15:55:08.905 [main] INFO  testCases.Tc_loginDDT - User Data Input start
15:55:08.905 [main] INFO  testCases.Tc_loginDDT - username input
15:55:08.907 [main] ERROR testCases.Tc_loginDDT - Test case failed
15:55:08.908 [main] INFO  testCases.Tc_loginDDT - loginfunctionality_DDT test starting
15:55:08.908 [main] INFO  testCases.Tc_loginDDT - User Data Input start
15:55:08.908 [main] INFO  testCases.Tc_loginDDT - username input
15:55:08.911 [main] ERROR testCases.Tc_loginDDT - Test case failed
15:55:08.912 [main] INFO  testCases.Tc_loginDDT - loginfunctionality_DDT test starting
15:55:08.912 [main] INFO  testCases.Tc_loginDDT - User Data Input start
15:55:08.912 [main] INFO  testCases.Tc_loginDDT - username input
15:55:08.915 [main] ERROR testCases.Tc_loginDDT - Test case failed
15:55:08.916 [main] INFO  testCases.Tc_loginDDT - loginfunctionality_DDT test starting
15:55:08.916 [main] INFO  testCases.Tc_loginDDT - User Data Input start
15:55:08.916 [main] INFO  testCases.Tc_loginDDT - username input
15:55:08.919 [main] ERROR testCases.Tc_loginDDT - Test case failed
15:55:08.921 [main] INFO  testCases.Tc_loginDDT - loginfunctionality_DDT test starting
15:55:08.921 [main] INFO  testCases.Tc_loginDDT - User Data Input start
15:55:08.921 [main] INFO  testCases.Tc_loginDDT - username input
15:55:08.924 [main] ERROR testCases.Tc_loginDDT - Test case failed
15:55:08.926 [main] INFO  testCases.Tc_loginDDT - loginfunctionality_DDT test starting
15:55:08.926 [main] INFO  testCases.Tc_loginDDT - User Data Input start
15:55:08.926 [main] INFO  testCases.Tc_loginDDT - username input
15:55:08.929 [main] ERROR testCases.Tc_loginDDT - Test case failed
15:55:08.931 [main] INFO  testCases.Tc_loginDDT - loginfunctionality_DDT test starting
15:55:08.931 [main] INFO  testCases.Tc_loginDDT - User Data Input start
15:55:08.931 [main] INFO  testCases.Tc_loginDDT - username input
15:55:08.933 [main] ERROR testCases.Tc_loginDDT - Test case failed
15:55:08.934 [main] INFO  testCases.Tc_loginDDT - loginfunctionality_DDT test starting
15:55:08.935 [main] INFO  testCases.Tc_loginDDT - User Data Input start
15:55:08.935 [main] INFO  testCases.Tc_loginDDT - username input
15:55:08.937 [main] ERROR testCases.Tc_loginDDT - Test case failed
15:55:08.938 [main] INFO  testCases.Tc_loginDDT - loginfunctionality_DDT test starting
15:55:08.938 [main] INFO  testCases.Tc_loginDDT - User Data Input start
15:55:08.938 [main] INFO  testCases.Tc_loginDDT - username input
15:55:08.941 [main] ERROR testCases.Tc_loginDDT - Test case failed
15:55:08.942 [main] INFO  testCases.Tc_loginDDT - loginfunctionality_DDT test starting
15:55:08.942 [main] INFO  testCases.Tc_loginDDT - User Data Input start
15:55:08.942 [main] INFO  testCases.Tc_loginDDT - username input
15:55:08.944 [main] ERROR testCases.Tc_loginDDT - Test case failed
15:55:08.945 [main] INFO  testCases.Tc_loginDDT - loginfunctionality_DDT test starting
15:55:08.945 [main] INFO  testCases.Tc_loginDDT - User Data Input start
15:55:08.946 [main] INFO  testCases.Tc_loginDDT - username input
15:55:08.947 [main] ERROR testCases.Tc_loginDDT - Test case failed
15:55:08.948 [main] INFO  testCases.Tc_loginDDT - loginfunctionality_DDT test starting
15:55:08.949 [main] INFO  testCases.Tc_loginDDT - User Data Input start
15:55:08.949 [main] INFO  testCases.Tc_loginDDT - username input
15:55:08.951 [main] ERROR testCases.Tc_loginDDT - Test case failed
15:55:08.951 [main] INFO  testCases.Tc_loginDDT - loginfunctionality_DDT test starting
15:55:08.952 [main] INFO  testCases.Tc_loginDDT - User Data Input start
15:55:08.952 [main] INFO  testCases.Tc_loginDDT - username input
15:55:08.953 [main] ERROR testCases.Tc_loginDDT - Test case failed
15:55:08.954 [main] INFO  testCases.Tc_loginDDT - loginfunctionality_DDT test starting
15:55:08.955 [main] INFO  testCases.Tc_loginDDT - User Data Input start
15:55:08.955 [main] INFO  testCases.Tc_loginDDT - username input
15:55:08.956 [main] ERROR testCases.Tc_loginDDT - Test case failed
15:55:08.957 [main] INFO  testCases.Tc_loginDDT - loginfunctionality_DDT test starting
15:55:08.957 [main] INFO  testCases.Tc_loginDDT - User Data Input start
15:55:08.957 [main] INFO  testCases.Tc_loginDDT - username input
15:55:08.960 [main] ERROR testCases.Tc_loginDDT - Test case failed
15:55:08.961 [main] INFO  testCases.Tc_loginDDT - loginfunctionality_DDT test starting
15:55:08.961 [main] INFO  testCases.Tc_loginDDT - User Data Input start
15:55:08.961 [main] INFO  testCases.Tc_loginDDT - username input
15:55:08.963 [main] ERROR testCases.Tc_loginDDT - Test case failed
15:55:08.965 [main] INFO  testCases.Tc_loginDDT - loginfunctionality_DDT test starting
15:55:08.965 [main] INFO  testCases.Tc_loginDDT - User Data Input start
15:55:08.965 [main] INFO  testCases.Tc_loginDDT - username input
15:55:08.967 [main] ERROR testCases.Tc_loginDDT - Test case failed
15:55:08.968 [main] INFO  testCases.Tc_loginDDT - loginfunctionality_DDT test starting
15:55:08.968 [main] INFO  testCases.Tc_loginDDT - User Data Input start
15:55:08.968 [main] INFO  testCases.Tc_loginDDT - username input
15:55:08.970 [main] ERROR testCases.Tc_loginDDT - Test case failed
15:55:08.971 [main] INFO  testCases.Tc_loginDDT - loginfunctionality_DDT test starting
15:55:08.971 [main] INFO  testCases.Tc_loginDDT - User Data Input start
15:55:08.971 [main] INFO  testCases.Tc_loginDDT - username input
15:55:08.974 [main] ERROR testCases.Tc_loginDDT - Test case failed
15:55:08.975 [main] INFO  testCases.Tc_loginDDT - loginfunctionality_DDT test starting
15:55:08.975 [main] INFO  testCases.Tc_loginDDT - User Data Input start
15:55:08.975 [main] INFO  testCases.Tc_loginDDT - username input
15:55:08.977 [main] ERROR testCases.Tc_loginDDT - Test case failed
15:55:08.978 [main] INFO  testCases.Tc_loginDDT - loginfunctionality_DDT test starting
15:55:08.978 [main] INFO  testCases.Tc_loginDDT - User Data Input start
15:55:08.978 [main] INFO  testCases.Tc_loginDDT - username input
15:55:08.980 [main] ERROR testCases.Tc_loginDDT - Test case failed
15:55:08.980 [main] INFO  testCases.Tc_loginDDT - loginfunctionality_DDT test starting
15:55:08.981 [main] INFO  testCases.Tc_loginDDT - User Data Input start
15:55:08.981 [main] INFO  testCases.Tc_loginDDT - username input
15:55:08.982 [main] ERROR testCases.Tc_loginDDT - Test case failed
15:55:08.983 [main] INFO  testCases.Tc_loginDDT - loginfunctionality_DDT test starting
15:55:08.983 [main] INFO  testCases.Tc_loginDDT - User Data Input start
15:55:08.983 [main] INFO  testCases.Tc_loginDDT - username input
15:55:08.985 [main] ERROR testCases.Tc_loginDDT - Test case failed
15:55:08.986 [main] INFO  testCases.Tc_loginDDT - loginfunctionality_DDT test starting
15:55:08.986 [main] INFO  testCases.Tc_loginDDT - User Data Input start
15:55:08.986 [main] INFO  testCases.Tc_loginDDT - username input
15:55:08.988 [main] ERROR testCases.Tc_loginDDT - Test case failed
15:55:08.989 [main] INFO  testCases.Tc_loginDDT - loginfunctionality_DDT test starting
15:55:08.989 [main] INFO  testCases.Tc_loginDDT - User Data Input start
15:55:08.989 [main] INFO  testCases.Tc_loginDDT - username input
15:55:08.991 [main] ERROR testCases.Tc_loginDDT - Test case failed
15:55:08.992 [main] INFO  testCases.Tc_loginDDT - loginfunctionality_DDT test starting
15:55:08.992 [main] INFO  testCases.Tc_loginDDT - User Data Input start
15:55:08.992 [main] INFO  testCases.Tc_loginDDT - username input
15:55:08.994 [main] ERROR testCases.Tc_loginDDT - Test case failed
15:55:08.995 [main] INFO  testCases.Tc_loginDDT - loginfunctionality_DDT test starting
15:55:08.995 [main] INFO  testCases.Tc_loginDDT - User Data Input start
15:55:08.995 [main] INFO  testCases.Tc_loginDDT - username input
15:55:08.996 [main] ERROR testCases.Tc_loginDDT - Test case failed
15:55:08.997 [main] INFO  testCases.Tc_loginDDT - loginfunctionality_DDT test starting
15:55:08.997 [main] INFO  testCases.Tc_loginDDT - User Data Input start
15:55:08.997 [main] INFO  testCases.Tc_loginDDT - username input
15:55:08.999 [main] ERROR testCases.Tc_loginDDT - Test case failed
15:55:09.000 [main] INFO  testCases.Tc_loginDDT - loginfunctionality_DDT test starting
15:55:09.000 [main] INFO  testCases.Tc_loginDDT - User Data Input start
15:55:09.000 [main] INFO  testCases.Tc_loginDDT - username input
15:55:09.002 [main] ERROR testCases.Tc_loginDDT - Test case failed
15:55:09.002 [main] INFO  testCases.Tc_loginDDT - loginfunctionality_DDT test starting
15:55:09.003 [main] INFO  testCases.Tc_loginDDT - User Data Input start
15:55:09.003 [main] INFO  testCases.Tc_loginDDT - username input
15:55:09.005 [main] ERROR testCases.Tc_loginDDT - Test case failed
15:55:09.005 [main] INFO  testCases.Tc_loginDDT - loginfunctionality_DDT test starting
15:55:09.006 [main] INFO  testCases.Tc_loginDDT - User Data Input start
15:55:09.006 [main] INFO  testCases.Tc_loginDDT - username input
15:55:09.007 [main] ERROR testCases.Tc_loginDDT - Test case failed
15:55:09.008 [main] INFO  testCases.Tc_loginDDT - loginfunctionality_DDT test starting
15:55:09.009 [main] INFO  testCases.Tc_loginDDT - User Data Input start
15:55:09.009 [main] INFO  testCases.Tc_loginDDT - username input
15:55:09.011 [main] ERROR testCases.Tc_loginDDT - Test case failed
15:55:09.012 [main] INFO  testCases.Tc_loginDDT - loginfunctionality_DDT test starting
15:55:09.012 [main] INFO  testCases.Tc_loginDDT - User Data Input start
15:55:09.012 [main] INFO  testCases.Tc_loginDDT - username input
15:55:09.013 [main] ERROR testCases.Tc_loginDDT - Test case failed
15:55:09.014 [main] INFO  testCases.Tc_loginDDT - loginfunctionality_DDT test starting
15:55:09.014 [main] INFO  testCases.Tc_loginDDT - User Data Input start
15:55:09.014 [main] INFO  testCases.Tc_loginDDT - username input
15:55:09.016 [main] ERROR testCases.Tc_loginDDT - Test case failed
15:55:09.017 [main] INFO  testCases.Tc_loginDDT - loginfunctionality_DDT test starting
15:55:09.017 [main] INFO  testCases.Tc_loginDDT - User Data Input start
15:55:09.017 [main] INFO  testCases.Tc_loginDDT - username input
15:55:09.019 [main] ERROR testCases.Tc_loginDDT - Test case failed
15:55:09.020 [main] INFO  testCases.Tc_loginDDT - loginfunctionality_DDT test starting
15:55:09.020 [main] INFO  testCases.Tc_loginDDT - User Data Input start
15:55:09.021 [main] INFO  testCases.Tc_loginDDT - username input
15:55:09.022 [main] ERROR testCases.Tc_loginDDT - Test case failed
15:55:09.023 [main] INFO  testCases.Tc_loginDDT - loginfunctionality_DDT test starting
15:55:09.023 [main] INFO  testCases.Tc_loginDDT - User Data Input start
15:55:09.023 [main] INFO  testCases.Tc_loginDDT - username input
15:55:09.025 [main] ERROR testCases.Tc_loginDDT - Test case failed
15:55:09.027 [main] INFO  testCases.Tc_loginDDT - loginfunctionality_DDT test starting
15:55:09.027 [main] INFO  testCases.Tc_loginDDT - User Data Input start
15:55:09.027 [main] INFO  testCases.Tc_loginDDT - username input
15:55:09.029 [main] ERROR testCases.Tc_loginDDT - Test case failed
15:55:09.030 [main] INFO  testCases.Tc_loginDDT - loginfunctionality_DDT test starting
15:55:09.030 [main] INFO  testCases.Tc_loginDDT - User Data Input start
15:55:09.030 [main] INFO  testCases.Tc_loginDDT - username input
15:55:09.032 [main] ERROR testCases.Tc_loginDDT - Test case failed
15:55:09.033 [main] INFO  testCases.Tc_loginDDT - loginfunctionality_DDT test starting
15:55:09.033 [main] INFO  testCases.Tc_loginDDT - User Data Input start
15:55:09.033 [main] INFO  testCases.Tc_loginDDT - username input
15:55:09.035 [main] ERROR testCases.Tc_loginDDT - Test case failed
15:55:09.036 [main] INFO  testCases.Tc_loginDDT - loginfunctionality_DDT test starting
15:55:09.036 [main] INFO  testCases.Tc_loginDDT - User Data Input start
15:55:09.037 [main] INFO  testCases.Tc_loginDDT - username input
15:55:09.039 [main] ERROR testCases.Tc_loginDDT - Test case failed
15:55:09.040 [main] INFO  testCases.Tc_loginDDT - loginfunctionality_DDT test starting
15:55:09.040 [main] INFO  testCases.Tc_loginDDT - User Data Input start
15:55:09.040 [main] INFO  testCases.Tc_loginDDT - username input
15:55:09.042 [main] ERROR testCases.Tc_loginDDT - Test case failed
15:55:09.043 [main] INFO  testCases.Tc_loginDDT - loginfunctionality_DDT test starting
15:55:09.043 [main] INFO  testCases.Tc_loginDDT - User Data Input start
15:55:09.043 [main] INFO  testCases.Tc_loginDDT - username input
15:55:09.046 [main] ERROR testCases.Tc_loginDDT - Test case failed
15:55:09.047 [main] INFO  testCases.Tc_loginDDT - loginfunctionality_DDT test starting
15:55:09.047 [main] INFO  testCases.Tc_loginDDT - User Data Input start
15:55:09.047 [main] INFO  testCases.Tc_loginDDT - username input
15:55:09.049 [main] ERROR testCases.Tc_loginDDT - Test case failed
15:55:09.049 [main] INFO  testCases.Tc_loginDDT - loginfunctionality_DDT test starting
15:55:09.050 [main] INFO  testCases.Tc_loginDDT - User Data Input start
15:55:09.050 [main] INFO  testCases.Tc_loginDDT - username input
15:55:09.051 [main] ERROR testCases.Tc_loginDDT - Test case failed
15:55:09.055 [main] INFO  testCases.Tc_loginDDT - loginfunctionality_DDT test starting
15:55:09.055 [main] INFO  testCases.Tc_loginDDT - User Data Input start
15:55:09.056 [main] INFO  testCases.Tc_loginDDT - username input
15:55:09.058 [main] ERROR testCases.Tc_loginDDT - Test case failed
15:55:09.059 [main] INFO  testCases.Tc_loginDDT - loginfunctionality_DDT test starting
15:55:09.059 [main] INFO  testCases.Tc_loginDDT - User Data Input start
15:55:09.059 [main] INFO  testCases.Tc_loginDDT - username input
15:55:09.062 [main] ERROR testCases.Tc_loginDDT - Test case failed
15:55:09.063 [main] INFO  testCases.Tc_loginDDT - loginfunctionality_DDT test starting
15:55:09.063 [main] INFO  testCases.Tc_loginDDT - User Data Input start
15:55:09.063 [main] INFO  testCases.Tc_loginDDT - username input
15:55:09.065 [main] ERROR testCases.Tc_loginDDT - Test case failed
15:55:09.066 [main] INFO  testCases.Tc_loginDDT - loginfunctionality_DDT test starting
15:55:09.066 [main] INFO  testCases.Tc_loginDDT - User Data Input start
15:55:09.066 [main] INFO  testCases.Tc_loginDDT - username input
15:55:09.068 [main] ERROR testCases.Tc_loginDDT - Test case failed
15:55:09.069 [main] INFO  testCases.Tc_loginDDT - loginfunctionality_DDT test starting
15:55:09.069 [main] INFO  testCases.Tc_loginDDT - User Data Input start
15:55:09.069 [main] INFO  testCases.Tc_loginDDT - username input
15:55:09.070 [main] ERROR testCases.Tc_loginDDT - Test case failed
15:55:09.071 [main] INFO  testCases.Tc_loginDDT - loginfunctionality_DDT test starting
15:55:09.071 [main] INFO  testCases.Tc_loginDDT - User Data Input start
15:55:09.071 [main] INFO  testCases.Tc_loginDDT - username input
15:55:09.073 [main] ERROR testCases.Tc_loginDDT - Test case failed
15:55:09.074 [main] INFO  testCases.Tc_loginDDT - loginfunctionality_DDT test starting
15:55:09.074 [main] INFO  testCases.Tc_loginDDT - User Data Input start
15:55:09.074 [main] INFO  testCases.Tc_loginDDT - username input
15:55:09.077 [main] ERROR testCases.Tc_loginDDT - Test case failed
15:55:09.078 [main] INFO  testCases.Tc_loginDDT - loginfunctionality_DDT test starting
15:55:09.078 [main] INFO  testCases.Tc_loginDDT - User Data Input start
15:55:09.078 [main] INFO  testCases.Tc_loginDDT - username input
15:55:09.081 [main] ERROR testCases.Tc_loginDDT - Test case failed
15:55:09.082 [main] INFO  testCases.Tc_loginDDT - loginfunctionality_DDT test starting
15:55:09.082 [main] INFO  testCases.Tc_loginDDT - User Data Input start
15:55:09.082 [main] INFO  testCases.Tc_loginDDT - username input
15:55:09.084 [main] ERROR testCases.Tc_loginDDT - Test case failed
15:55:09.085 [main] INFO  testCases.Tc_loginDDT - loginfunctionality_DDT test starting
15:55:09.085 [main] INFO  testCases.Tc_loginDDT - User Data Input start
15:55:09.085 [main] INFO  testCases.Tc_loginDDT - username input
15:55:09.087 [main] ERROR testCases.Tc_loginDDT - Test case failed
15:55:09.088 [main] INFO  testCases.Tc_loginDDT - loginfunctionality_DDT test starting
15:55:09.088 [main] INFO  testCases.Tc_loginDDT - User Data Input start
15:55:09.088 [main] INFO  testCases.Tc_loginDDT - username input
15:55:09.091 [main] ERROR testCases.Tc_loginDDT - Test case failed
15:55:09.092 [main] INFO  testCases.Tc_loginDDT - loginfunctionality_DDT test starting
15:55:09.092 [main] INFO  testCases.Tc_loginDDT - User Data Input start
15:55:09.092 [main] INFO  testCases.Tc_loginDDT - username input
15:55:09.094 [main] ERROR testCases.Tc_loginDDT - Test case failed
15:55:09.095 [main] INFO  testCases.Tc_loginDDT - loginfunctionality_DDT test starting
15:55:09.095 [main] INFO  testCases.Tc_loginDDT - User Data Input start
15:55:09.095 [main] INFO  testCases.Tc_loginDDT - username input
15:55:09.098 [main] ERROR testCases.Tc_loginDDT - Test case failed
15:55:09.099 [main] INFO  testCases.Tc_loginDDT - loginfunctionality_DDT test starting
15:55:09.099 [main] INFO  testCases.Tc_loginDDT - User Data Input start
15:55:09.099 [main] INFO  testCases.Tc_loginDDT - username input
15:55:09.101 [main] ERROR testCases.Tc_loginDDT - Test case failed
15:55:09.102 [main] INFO  testCases.Tc_loginDDT - loginfunctionality_DDT test starting
15:55:09.102 [main] INFO  testCases.Tc_loginDDT - User Data Input start
15:55:09.102 [main] INFO  testCases.Tc_loginDDT - username input
15:55:09.105 [main] ERROR testCases.Tc_loginDDT - Test case failed
15:55:09.106 [main] INFO  testCases.Tc_loginDDT - loginfunctionality_DDT test starting
15:55:09.106 [main] INFO  testCases.Tc_loginDDT - User Data Input start
15:55:09.106 [main] INFO  testCases.Tc_loginDDT - username input
15:55:09.108 [main] ERROR testCases.Tc_loginDDT - Test case failed
15:55:09.110 [main] INFO  testCases.Tc_loginDDT - loginfunctionality_DDT test starting
15:55:09.110 [main] INFO  testCases.Tc_loginDDT - User Data Input start
15:55:09.110 [main] INFO  testCases.Tc_loginDDT - username input
15:55:09.112 [main] ERROR testCases.Tc_loginDDT - Test case failed
15:55:09.113 [main] INFO  testCases.Tc_loginDDT - loginfunctionality_DDT test starting
15:55:09.113 [main] INFO  testCases.Tc_loginDDT - User Data Input start
15:55:09.113 [main] INFO  testCases.Tc_loginDDT - username input
15:55:09.115 [main] ERROR testCases.Tc_loginDDT - Test case failed
15:55:09.116 [main] INFO  testCases.Tc_loginDDT - loginfunctionality_DDT test starting
15:55:09.116 [main] INFO  testCases.Tc_loginDDT - User Data Input start
15:55:09.116 [main] INFO  testCases.Tc_loginDDT - username input
15:55:09.118 [main] ERROR testCases.Tc_loginDDT - Test case failed
15:55:09.119 [main] INFO  testCases.Tc_loginDDT - loginfunctionality_DDT test starting
15:55:09.119 [main] INFO  testCases.Tc_loginDDT - User Data Input start
15:55:09.119 [main] INFO  testCases.Tc_loginDDT - username input
15:55:09.121 [main] ERROR testCases.Tc_loginDDT - Test case failed
15:55:09.122 [main] INFO  testCases.Tc_loginDDT - loginfunctionality_DDT test starting
15:55:09.122 [main] INFO  testCases.Tc_loginDDT - User Data Input start
15:55:09.122 [main] INFO  testCases.Tc_loginDDT - username input
15:55:09.124 [main] ERROR testCases.Tc_loginDDT - Test case failed
15:55:09.126 [main] INFO  testCases.Tc_loginDDT - loginfunctionality_DDT test starting
15:55:09.126 [main] INFO  testCases.Tc_loginDDT - User Data Input start
15:55:09.126 [main] INFO  testCases.Tc_loginDDT - username input
15:55:09.129 [main] ERROR testCases.Tc_loginDDT - Test case failed
15:55:09.130 [main] INFO  testCases.Tc_loginDDT - loginfunctionality_DDT test starting
15:55:09.130 [main] INFO  testCases.Tc_loginDDT - User Data Input start
15:55:09.130 [main] INFO  testCases.Tc_loginDDT - username input
15:55:09.133 [main] ERROR testCases.Tc_loginDDT - Test case failed
15:55:09.134 [main] INFO  testCases.Tc_loginDDT - loginfunctionality_DDT test starting
15:55:09.134 [main] INFO  testCases.Tc_loginDDT - User Data Input start
15:55:09.134 [main] INFO  testCases.Tc_loginDDT - username input
15:55:09.136 [main] ERROR testCases.Tc_loginDDT - Test case failed
15:55:09.137 [main] INFO  testCases.Tc_loginDDT - loginfunctionality_DDT test starting
15:55:09.137 [main] INFO  testCases.Tc_loginDDT - User Data Input start
15:55:09.137 [main] INFO  testCases.Tc_loginDDT - username input
15:55:09.140 [main] ERROR testCases.Tc_loginDDT - Test case failed
15:55:09.141 [main] INFO  testCases.Tc_loginDDT - loginfunctionality_DDT test starting
15:55:09.141 [main] INFO  testCases.Tc_loginDDT - User Data Input start
15:55:09.141 [main] INFO  testCases.Tc_loginDDT - username input
15:55:09.144 [main] ERROR testCases.Tc_loginDDT - Test case failed
15:55:09.146 [main] INFO  testCases.Tc_loginDDT - loginfunctionality_DDT test starting
15:55:09.146 [main] INFO  testCases.Tc_loginDDT - User Data Input start
15:55:09.146 [main] INFO  testCases.Tc_loginDDT - username input
15:55:09.149 [main] ERROR testCases.Tc_loginDDT - Test case failed
15:55:09.150 [main] INFO  testCases.Tc_loginDDT - loginfunctionality_DDT test starting
15:55:09.151 [main] INFO  testCases.Tc_loginDDT - User Data Input start
15:55:09.151 [main] INFO  testCases.Tc_loginDDT - username input
15:55:09.153 [main] ERROR testCases.Tc_loginDDT - Test case failed
15:55:09.153 [main] INFO  testCases.Tc_loginDDT - loginfunctionality_DDT test starting
15:55:09.153 [main] INFO  testCases.Tc_loginDDT - User Data Input start
15:55:09.153 [main] INFO  testCases.Tc_loginDDT - username input
15:55:09.155 [main] ERROR testCases.Tc_loginDDT - Test case failed
15:55:09.156 [main] INFO  testCases.Tc_loginDDT - loginfunctionality_DDT test starting
15:55:09.156 [main] INFO  testCases.Tc_loginDDT - User Data Input start
15:55:09.156 [main] INFO  testCases.Tc_loginDDT - username input
15:55:09.159 [main] ERROR testCases.Tc_loginDDT - Test case failed
15:55:09.160 [main] INFO  testCases.Tc_loginDDT - loginfunctionality_DDT test starting
15:55:09.160 [main] INFO  testCases.Tc_loginDDT - User Data Input start
15:55:09.160 [main] INFO  testCases.Tc_loginDDT - username input
15:55:09.162 [main] ERROR testCases.Tc_loginDDT - Test case failed
15:55:09.163 [main] INFO  testCases.Tc_loginDDT - loginfunctionality_DDT test starting
15:55:09.163 [main] INFO  testCases.Tc_loginDDT - User Data Input start
15:55:09.163 [main] INFO  testCases.Tc_loginDDT - username input
15:55:09.165 [main] ERROR testCases.Tc_loginDDT - Test case failed
15:55:09.166 [main] INFO  testCases.Tc_loginDDT - loginfunctionality_DDT test starting
15:55:09.166 [main] INFO  testCases.Tc_loginDDT - User Data Input start
15:55:09.166 [main] INFO  testCases.Tc_loginDDT - username input
15:55:09.169 [main] ERROR testCases.Tc_loginDDT - Test case failed
15:55:09.170 [main] INFO  testCases.Tc_loginDDT - loginfunctionality_DDT test starting
15:55:09.170 [main] INFO  testCases.Tc_loginDDT - User Data Input start
15:55:09.170 [main] INFO  testCases.Tc_loginDDT - username input
15:55:09.173 [main] ERROR testCases.Tc_loginDDT - Test case failed
15:55:09.174 [main] INFO  testCases.Tc_loginDDT - loginfunctionality_DDT test starting
15:55:09.174 [main] INFO  testCases.Tc_loginDDT - User Data Input start
15:55:09.174 [main] INFO  testCases.Tc_loginDDT - username input
15:55:09.177 [main] ERROR testCases.Tc_loginDDT - Test case failed
15:55:09.178 [main] INFO  testCases.Tc_loginDDT - loginfunctionality_DDT test starting
15:55:09.178 [main] INFO  testCases.Tc_loginDDT - User Data Input start
15:55:09.178 [main] INFO  testCases.Tc_loginDDT - username input
15:55:09.180 [main] ERROR testCases.Tc_loginDDT - Test case failed
15:55:09.182 [main] INFO  testCases.Tc_loginDDT - loginfunctionality_DDT test starting
15:55:09.182 [main] INFO  testCases.Tc_loginDDT - User Data Input start
15:55:09.182 [main] INFO  testCases.Tc_loginDDT - username input
15:55:09.185 [main] ERROR testCases.Tc_loginDDT - Test case failed
15:55:09.186 [main] INFO  testCases.Tc_loginDDT - loginfunctionality_DDT test starting
15:55:09.186 [main] INFO  testCases.Tc_loginDDT - User Data Input start
15:55:09.186 [main] INFO  testCases.Tc_loginDDT - username input
15:55:09.189 [main] ERROR testCases.Tc_loginDDT - Test case failed
15:55:09.190 [main] INFO  testCases.Tc_loginDDT - loginfunctionality_DDT test starting
15:55:09.190 [main] INFO  testCases.Tc_loginDDT - User Data Input start
15:55:09.190 [main] INFO  testCases.Tc_loginDDT - username input
15:55:09.193 [main] ERROR testCases.Tc_loginDDT - Test case failed
15:55:09.194 [main] INFO  testCases.Tc_loginDDT - loginfunctionality_DDT test starting
15:55:09.195 [main] INFO  testCases.Tc_loginDDT - User Data Input start
15:55:09.195 [main] INFO  testCases.Tc_loginDDT - username input
15:55:09.198 [main] ERROR testCases.Tc_loginDDT - Test case failed
15:55:09.199 [main] INFO  testCases.Tc_loginDDT - loginfunctionality_DDT test starting
15:55:09.199 [main] INFO  testCases.Tc_loginDDT - User Data Input start
15:55:09.199 [main] INFO  testCases.Tc_loginDDT - username input
15:55:09.201 [main] ERROR testCases.Tc_loginDDT - Test case failed
15:55:09.203 [main] INFO  testCases.Tc_loginDDT - loginfunctionality_DDT test starting
15:55:09.203 [main] INFO  testCases.Tc_loginDDT - User Data Input start
15:55:09.203 [main] INFO  testCases.Tc_loginDDT - username input
15:55:09.205 [main] ERROR testCases.Tc_loginDDT - Test case failed
15:55:09.207 [main] INFO  testCases.Tc_loginDDT - loginfunctionality_DDT test starting
15:55:09.207 [main] INFO  testCases.Tc_loginDDT - User Data Input start
15:55:09.207 [main] INFO  testCases.Tc_loginDDT - username input
15:55:09.210 [main] ERROR testCases.Tc_loginDDT - Test case failed
15:55:09.211 [main] INFO  testCases.Tc_loginDDT - loginfunctionality_DDT test starting
15:55:09.211 [main] INFO  testCases.Tc_loginDDT - User Data Input start
15:55:09.211 [main] INFO  testCases.Tc_loginDDT - username input
15:55:09.214 [main] ERROR testCases.Tc_loginDDT - Test case failed
15:55:09.215 [main] INFO  testCases.Tc_loginDDT - loginfunctionality_DDT test starting
15:55:09.215 [main] INFO  testCases.Tc_loginDDT - User Data Input start
15:55:09.215 [main] INFO  testCases.Tc_loginDDT - username input
15:55:09.218 [main] ERROR testCases.Tc_loginDDT - Test case failed
15:55:09.219 [main] INFO  testCases.Tc_loginDDT - loginfunctionality_DDT test starting
15:55:09.219 [main] INFO  testCases.Tc_loginDDT - User Data Input start
15:55:09.219 [main] INFO  testCases.Tc_loginDDT - username input
15:55:09.222 [main] ERROR testCases.Tc_loginDDT - Test case failed
15:55:09.223 [main] INFO  testCases.Tc_loginDDT - loginfunctionality_DDT test starting
15:55:09.223 [main] INFO  testCases.Tc_loginDDT - User Data Input start
15:55:09.223 [main] INFO  testCases.Tc_loginDDT - username input
15:55:09.225 [main] ERROR testCases.Tc_loginDDT - Test case failed
15:55:09.227 [main] INFO  testCases.Tc_loginDDT - loginfunctionality_DDT test starting
15:55:09.227 [main] INFO  testCases.Tc_loginDDT - User Data Input start
15:55:09.227 [main] INFO  testCases.Tc_loginDDT - username input
15:55:09.229 [main] ERROR testCases.Tc_loginDDT - Test case failed
15:55:09.230 [main] INFO  testCases.Tc_loginDDT - loginfunctionality_DDT test starting
15:55:09.230 [main] INFO  testCases.Tc_loginDDT - User Data Input start
15:55:09.230 [main] INFO  testCases.Tc_loginDDT - username input
15:55:09.232 [main] ERROR testCases.Tc_loginDDT - Test case failed
15:55:09.233 [main] INFO  testCases.Tc_loginDDT - loginfunctionality_DDT test starting
15:55:09.233 [main] INFO  testCases.Tc_loginDDT - User Data Input start
15:55:09.233 [main] INFO  testCases.Tc_loginDDT - username input
15:55:09.236 [main] ERROR testCases.Tc_loginDDT - Test case failed
15:55:09.237 [main] INFO  testCases.Tc_loginDDT - loginfunctionality_DDT test starting
15:55:09.237 [main] INFO  testCases.Tc_loginDDT - User Data Input start
15:55:09.237 [main] INFO  testCases.Tc_loginDDT - username input
15:55:09.240 [main] ERROR testCases.Tc_loginDDT - Test case failed
15:55:09.242 [main] INFO  testCases.Tc_loginDDT - loginfunctionality_DDT test starting
15:55:09.242 [main] INFO  testCases.Tc_loginDDT - User Data Input start
15:55:09.242 [main] INFO  testCases.Tc_loginDDT - username input
15:55:09.245 [main] ERROR testCases.Tc_loginDDT - Test case failed
15:55:09.246 [main] INFO  testCases.Tc_loginDDT - loginfunctionality_DDT test starting
15:55:09.246 [main] INFO  testCases.Tc_loginDDT - User Data Input start
15:55:09.246 [main] INFO  testCases.Tc_loginDDT - username input
15:55:09.249 [main] ERROR testCases.Tc_loginDDT - Test case failed
15:55:09.251 [main] INFO  testCases.Tc_loginDDT - loginfunctionality_DDT test starting
15:55:09.251 [main] INFO  testCases.Tc_loginDDT - User Data Input start
15:55:09.251 [main] INFO  testCases.Tc_loginDDT - username input
15:55:09.255 [main] ERROR testCases.Tc_loginDDT - Test case failed
15:55:09.257 [main] INFO  testCases.Tc_loginDDT - loginfunctionality_DDT test starting
15:55:09.257 [main] INFO  testCases.Tc_loginDDT - User Data Input start
15:55:09.257 [main] INFO  testCases.Tc_loginDDT - username input
15:55:09.260 [main] ERROR testCases.Tc_loginDDT - Test case failed
15:55:09.261 [main] INFO  testCases.Tc_loginDDT - loginfunctionality_DDT test starting
15:55:09.261 [main] INFO  testCases.Tc_loginDDT - User Data Input start
15:55:09.261 [main] INFO  testCases.Tc_loginDDT - username input
15:55:09.264 [main] ERROR testCases.Tc_loginDDT - Test case failed
15:55:09.265 [main] INFO  testCases.Tc_loginDDT - loginfunctionality_DDT test starting
15:55:09.265 [main] INFO  testCases.Tc_loginDDT - User Data Input start
15:55:09.265 [main] INFO  testCases.Tc_loginDDT - username input
15:55:09.268 [main] ERROR testCases.Tc_loginDDT - Test case failed
15:55:09.270 [main] INFO  testCases.Tc_loginDDT - loginfunctionality_DDT test starting
15:55:09.270 [main] INFO  testCases.Tc_loginDDT - User Data Input start
15:55:09.270 [main] INFO  testCases.Tc_loginDDT - username input
15:55:09.273 [main] ERROR testCases.Tc_loginDDT - Test case failed
15:55:09.275 [main] INFO  testCases.Tc_loginDDT - loginfunctionality_DDT test starting
15:55:09.275 [main] INFO  testCases.Tc_loginDDT - User Data Input start
15:55:09.275 [main] INFO  testCases.Tc_loginDDT - username input
15:55:09.278 [main] ERROR testCases.Tc_loginDDT - Test case failed
15:55:09.279 [main] INFO  testCases.Tc_loginDDT - loginfunctionality_DDT test starting
15:55:09.279 [main] INFO  testCases.Tc_loginDDT - User Data Input start
15:55:09.279 [main] INFO  testCases.Tc_loginDDT - username input
15:55:09.281 [main] ERROR testCases.Tc_loginDDT - Test case failed
15:55:09.283 [main] INFO  testCases.Tc_loginDDT - loginfunctionality_DDT test starting
15:55:09.283 [main] INFO  testCases.Tc_loginDDT - User Data Input start
15:55:09.283 [main] INFO  testCases.Tc_loginDDT - username input
15:55:09.285 [main] ERROR testCases.Tc_loginDDT - Test case failed
15:55:09.287 [main] INFO  testCases.Tc_loginDDT - loginfunctionality_DDT test starting
15:55:09.287 [main] INFO  testCases.Tc_loginDDT - User Data Input start
15:55:09.287 [main] INFO  testCases.Tc_loginDDT - username input
15:55:09.290 [main] ERROR testCases.Tc_loginDDT - Test case failed
15:55:09.292 [main] INFO  testCases.Tc_loginDDT - loginfunctionality_DDT test starting
15:55:09.292 [main] INFO  testCases.Tc_loginDDT - User Data Input start
15:55:09.292 [main] INFO  testCases.Tc_loginDDT - username input
15:55:09.295 [main] ERROR testCases.Tc_loginDDT - Test case failed
15:55:09.296 [main] INFO  testCases.Tc_loginDDT - loginfunctionality_DDT test starting
15:55:09.297 [main] INFO  testCases.Tc_loginDDT - User Data Input start
15:55:09.297 [main] INFO  testCases.Tc_loginDDT - username input
15:55:09.299 [main] ERROR testCases.Tc_loginDDT - Test case failed
15:55:09.301 [main] INFO  testCases.Tc_loginDDT - loginfunctionality_DDT test starting
15:55:09.301 [main] INFO  testCases.Tc_loginDDT - User Data Input start
15:55:09.301 [main] INFO  testCases.Tc_loginDDT - username input
15:55:09.304 [main] ERROR testCases.Tc_loginDDT - Test case failed
15:55:09.306 [main] INFO  testCases.Tc_loginDDT - loginfunctionality_DDT test starting
15:55:09.306 [main] INFO  testCases.Tc_loginDDT - User Data Input start
15:55:09.306 [main] INFO  testCases.Tc_loginDDT - username input
15:55:09.309 [main] ERROR testCases.Tc_loginDDT - Test case failed
15:55:09.311 [main] INFO  testCases.Tc_loginDDT - loginfunctionality_DDT test starting
15:55:09.311 [main] INFO  testCases.Tc_loginDDT - User Data Input start
15:55:09.311 [main] INFO  testCases.Tc_loginDDT - username input
15:55:09.314 [main] ERROR testCases.Tc_loginDDT - Test case failed
15:55:09.315 [main] INFO  testCases.Tc_loginDDT - loginfunctionality_DDT test starting
15:55:09.316 [main] INFO  testCases.Tc_loginDDT - User Data Input start
15:55:09.316 [main] INFO  testCases.Tc_loginDDT - username input
15:55:09.318 [main] ERROR testCases.Tc_loginDDT - Test case failed
15:55:09.320 [main] INFO  testCases.Tc_loginDDT - loginfunctionality_DDT test starting
15:55:09.320 [main] INFO  testCases.Tc_loginDDT - User Data Input start
15:55:09.320 [main] INFO  testCases.Tc_loginDDT - username input
15:55:09.322 [main] ERROR testCases.Tc_loginDDT - Test case failed
15:55:09.324 [main] INFO  testCases.Tc_loginDDT - loginfunctionality_DDT test starting
15:55:09.324 [main] INFO  testCases.Tc_loginDDT - User Data Input start
15:55:09.324 [main] INFO  testCases.Tc_loginDDT - username input
15:55:09.327 [main] ERROR testCases.Tc_loginDDT - Test case failed
15:55:09.329 [main] INFO  testCases.Tc_loginDDT - loginfunctionality_DDT test starting
15:55:09.329 [main] INFO  testCases.Tc_loginDDT - User Data Input start
15:55:09.329 [main] INFO  testCases.Tc_loginDDT - username input
15:55:09.332 [main] ERROR testCases.Tc_loginDDT - Test case failed
15:55:09.333 [main] INFO  testCases.Tc_loginDDT - loginfunctionality_DDT test starting
15:55:09.333 [main] INFO  testCases.Tc_loginDDT - User Data Input start
15:55:09.334 [main] INFO  testCases.Tc_loginDDT - username input
15:55:09.336 [main] ERROR testCases.Tc_loginDDT - Test case failed
15:55:09.338 [main] INFO  testCases.Tc_loginDDT - loginfunctionality_DDT test starting
15:55:09.338 [main] INFO  testCases.Tc_loginDDT - User Data Input start
15:55:09.338 [main] INFO  testCases.Tc_loginDDT - username input
15:55:09.341 [main] ERROR testCases.Tc_loginDDT - Test case failed
15:55:09.343 [main] INFO  testCases.Tc_loginDDT - loginfunctionality_DDT test starting
15:55:09.344 [main] INFO  testCases.Tc_loginDDT - User Data Input start
15:55:09.344 [main] INFO  testCases.Tc_loginDDT - username input
15:55:09.346 [main] ERROR testCases.Tc_loginDDT - Test case failed
15:55:09.348 [main] INFO  testCases.Tc_loginDDT - loginfunctionality_DDT test starting
15:55:09.348 [main] INFO  testCases.Tc_loginDDT - User Data Input start
15:55:09.348 [main] INFO  testCases.Tc_loginDDT - username input
15:55:09.350 [main] ERROR testCases.Tc_loginDDT - Test case failed
15:55:09.352 [main] INFO  testCases.Tc_loginDDT - loginfunctionality_DDT test starting
15:55:09.352 [main] INFO  testCases.Tc_loginDDT - User Data Input start
15:55:09.352 [main] INFO  testCases.Tc_loginDDT - username input
15:55:09.355 [main] ERROR testCases.Tc_loginDDT - Test case failed
15:55:09.356 [main] INFO  testCases.Tc_loginDDT - loginfunctionality_DDT test starting
15:55:09.357 [main] INFO  testCases.Tc_loginDDT - User Data Input start
15:55:09.357 [main] INFO  testCases.Tc_loginDDT - username input
15:55:09.359 [main] ERROR testCases.Tc_loginDDT - Test case failed
15:55:09.360 [main] INFO  testCases.Tc_loginDDT - loginfunctionality_DDT test starting
15:55:09.361 [main] INFO  testCases.Tc_loginDDT - User Data Input start
15:55:09.361 [main] INFO  testCases.Tc_loginDDT - username input
15:55:09.364 [main] ERROR testCases.Tc_loginDDT - Test case failed
15:55:09.364 [main] INFO  testCases.Tc_loginDDT - loginfunctionality_DDT test starting
15:55:09.365 [main] INFO  testCases.Tc_loginDDT - User Data Input start
15:55:09.365 [main] INFO  testCases.Tc_loginDDT - username input
15:55:09.367 [main] ERROR testCases.Tc_loginDDT - Test case failed
15:55:09.368 [main] INFO  testCases.Tc_loginDDT - loginfunctionality_DDT test starting
15:55:09.369 [main] INFO  testCases.Tc_loginDDT - User Data Input start
15:55:09.369 [main] INFO  testCases.Tc_loginDDT - username input
15:55:09.371 [main] ERROR testCases.Tc_loginDDT - Test case failed
15:55:09.373 [main] INFO  testCases.Tc_loginDDT - loginfunctionality_DDT test starting
15:55:09.373 [main] INFO  testCases.Tc_loginDDT - User Data Input start
15:55:09.373 [main] INFO  testCases.Tc_loginDDT - username input
15:55:09.376 [main] ERROR testCases.Tc_loginDDT - Test case failed
15:55:09.377 [main] INFO  testCases.Tc_loginDDT - loginfunctionality_DDT test starting
15:55:09.378 [main] INFO  testCases.Tc_loginDDT - User Data Input start
15:55:09.378 [main] INFO  testCases.Tc_loginDDT - username input
15:55:09.381 [main] ERROR testCases.Tc_loginDDT - Test case failed
15:55:09.382 [main] INFO  testCases.Tc_loginDDT - loginfunctionality_DDT test starting
15:55:09.382 [main] INFO  testCases.Tc_loginDDT - User Data Input start
15:55:09.382 [main] INFO  testCases.Tc_loginDDT - username input
15:55:09.385 [main] ERROR testCases.Tc_loginDDT - Test case failed
15:55:09.385 [main] INFO  testCases.Tc_loginDDT - loginfunctionality_DDT test starting
15:55:09.386 [main] INFO  testCases.Tc_loginDDT - User Data Input start
15:55:09.386 [main] INFO  testCases.Tc_loginDDT - username input
15:55:09.390 [main] ERROR testCases.Tc_loginDDT - Test case failed
15:55:09.392 [main] INFO  testCases.Tc_loginDDT - loginfunctionality_DDT test starting
15:55:09.392 [main] INFO  testCases.Tc_loginDDT - User Data Input start
15:55:09.393 [main] INFO  testCases.Tc_loginDDT - username input
15:55:09.397 [main] ERROR testCases.Tc_loginDDT - Test case failed
15:55:09.398 [main] INFO  testCases.Tc_loginDDT - loginfunctionality_DDT test starting
15:55:09.398 [main] INFO  testCases.Tc_loginDDT - User Data Input start
15:55:09.398 [main] INFO  testCases.Tc_loginDDT - username input
15:55:09.401 [main] ERROR testCases.Tc_loginDDT - Test case failed
15:55:09.402 [main] INFO  testCases.Tc_loginDDT - loginfunctionality_DDT test starting
15:55:09.403 [main] INFO  testCases.Tc_loginDDT - User Data Input start
15:55:09.403 [main] INFO  testCases.Tc_loginDDT - username input
15:55:09.405 [main] ERROR testCases.Tc_loginDDT - Test case failed
15:55:09.407 [main] INFO  testCases.Tc_loginDDT - loginfunctionality_DDT test starting
15:55:09.407 [main] INFO  testCases.Tc_loginDDT - User Data Input start
15:55:09.407 [main] INFO  testCases.Tc_loginDDT - username input
15:55:09.412 [main] ERROR testCases.Tc_loginDDT - Test case failed
15:55:09.413 [main] INFO  testCases.Tc_loginDDT - loginfunctionality_DDT test starting
15:55:09.413 [main] INFO  testCases.Tc_loginDDT - User Data Input start
15:55:09.413 [main] INFO  testCases.Tc_loginDDT - username input
15:55:09.416 [main] ERROR testCases.Tc_loginDDT - Test case failed
15:55:09.417 [main] INFO  testCases.Tc_loginDDT - loginfunctionality_DDT test starting
15:55:09.417 [main] INFO  testCases.Tc_loginDDT - User Data Input start
15:55:09.417 [main] INFO  testCases.Tc_loginDDT - username input
15:55:09.420 [main] ERROR testCases.Tc_loginDDT - Test case failed
15:55:09.421 [main] INFO  testCases.Tc_loginDDT - loginfunctionality_DDT test starting
15:55:09.421 [main] INFO  testCases.Tc_loginDDT - User Data Input start
15:55:09.421 [main] INFO  testCases.Tc_loginDDT - username input
15:55:09.423 [main] ERROR testCases.Tc_loginDDT - Test case failed
15:55:09.424 [main] INFO  testCases.Tc_loginDDT - loginfunctionality_DDT test starting
15:55:09.424 [main] INFO  testCases.Tc_loginDDT - User Data Input start
15:55:09.424 [main] INFO  testCases.Tc_loginDDT - username input
15:55:09.428 [main] ERROR testCases.Tc_loginDDT - Test case failed
15:55:09.429 [main] INFO  testCases.Tc_loginDDT - loginfunctionality_DDT test starting
15:55:09.429 [main] INFO  testCases.Tc_loginDDT - User Data Input start
15:55:09.429 [main] INFO  testCases.Tc_loginDDT - username input
15:55:09.431 [main] ERROR testCases.Tc_loginDDT - Test case failed
15:55:09.432 [main] INFO  testCases.Tc_loginDDT - loginfunctionality_DDT test starting
15:55:09.433 [main] INFO  testCases.Tc_loginDDT - User Data Input start
15:55:09.433 [main] INFO  testCases.Tc_loginDDT - username input
15:55:09.435 [main] ERROR testCases.Tc_loginDDT - Test case failed
15:55:09.436 [main] INFO  testCases.Tc_loginDDT - loginfunctionality_DDT test starting
15:55:09.437 [main] INFO  testCases.Tc_loginDDT - User Data Input start
15:55:09.437 [main] INFO  testCases.Tc_loginDDT - username input
15:55:09.439 [main] ERROR testCases.Tc_loginDDT - Test case failed
15:55:09.441 [main] INFO  testCases.Tc_loginDDT - loginfunctionality_DDT test starting
15:55:09.441 [main] INFO  testCases.Tc_loginDDT - User Data Input start
15:55:09.441 [main] INFO  testCases.Tc_loginDDT - username input
15:55:09.445 [main] ERROR testCases.Tc_loginDDT - Test case failed
15:55:09.447 [main] INFO  testCases.Tc_loginDDT - loginfunctionality_DDT test starting
15:55:09.447 [main] INFO  testCases.Tc_loginDDT - User Data Input start
15:55:09.447 [main] INFO  testCases.Tc_loginDDT - username input
15:55:09.449 [main] ERROR testCases.Tc_loginDDT - Test case failed
15:55:09.450 [main] INFO  testCases.Tc_loginDDT - loginfunctionality_DDT test starting
15:55:09.451 [main] INFO  testCases.Tc_loginDDT - User Data Input start
15:55:09.451 [main] INFO  testCases.Tc_loginDDT - username input
15:55:09.453 [main] ERROR testCases.Tc_loginDDT - Test case failed
15:55:09.455 [main] INFO  testCases.Tc_loginDDT - loginfunctionality_DDT test starting
15:55:09.456 [main] INFO  testCases.Tc_loginDDT - User Data Input start
15:55:09.456 [main] INFO  testCases.Tc_loginDDT - username input
15:55:09.459 [main] ERROR testCases.Tc_loginDDT - Test case failed
15:55:09.461 [main] INFO  testCases.Tc_loginDDT - loginfunctionality_DDT test starting
15:55:09.461 [main] INFO  testCases.Tc_loginDDT - User Data Input start
15:55:09.461 [main] INFO  testCases.Tc_loginDDT - username input
15:55:09.463 [main] ERROR testCases.Tc_loginDDT - Test case failed
15:55:09.465 [main] INFO  testCases.Tc_loginDDT - loginfunctionality_DDT test starting
15:55:09.466 [main] INFO  testCases.Tc_loginDDT - User Data Input start
15:55:09.466 [main] INFO  testCases.Tc_loginDDT - username input
15:55:09.469 [main] ERROR testCases.Tc_loginDDT - Test case failed
15:55:09.470 [main] INFO  testCases.Tc_loginDDT - loginfunctionality_DDT test starting
15:55:09.471 [main] INFO  testCases.Tc_loginDDT - User Data Input start
15:55:09.471 [main] INFO  testCases.Tc_loginDDT - username input
15:55:09.474 [main] ERROR testCases.Tc_loginDDT - Test case failed
15:55:09.477 [main] INFO  testCases.Tc_loginDDT - loginfunctionality_DDT test starting
15:55:09.477 [main] INFO  testCases.Tc_loginDDT - User Data Input start
15:55:09.477 [main] INFO  testCases.Tc_loginDDT - username input
15:55:09.480 [main] ERROR testCases.Tc_loginDDT - Test case failed
15:55:09.482 [main] INFO  testCases.Tc_loginDDT - loginfunctionality_DDT test starting
15:55:09.482 [main] INFO  testCases.Tc_loginDDT - User Data Input start
15:55:09.482 [main] INFO  testCases.Tc_loginDDT - username input
15:55:09.485 [main] ERROR testCases.Tc_loginDDT - Test case failed
15:55:09.486 [main] INFO  testCases.Tc_loginDDT - loginfunctionality_DDT test starting
15:55:09.486 [main] INFO  testCases.Tc_loginDDT - User Data Input start
15:55:09.486 [main] INFO  testCases.Tc_loginDDT - username input
15:55:09.489 [main] ERROR testCases.Tc_loginDDT - Test case failed
15:55:09.490 [main] INFO  testCases.Tc_loginDDT - loginfunctionality_DDT test starting
15:55:09.491 [main] INFO  testCases.Tc_loginDDT - User Data Input start
15:55:09.491 [main] INFO  testCases.Tc_loginDDT - username input
15:55:09.494 [main] ERROR testCases.Tc_loginDDT - Test case failed
15:55:09.495 [main] INFO  testCases.Tc_loginDDT - loginfunctionality_DDT test starting
15:55:09.495 [main] INFO  testCases.Tc_loginDDT - User Data Input start
15:55:09.495 [main] INFO  testCases.Tc_loginDDT - username input
15:55:09.498 [main] ERROR testCases.Tc_loginDDT - Test case failed
15:55:09.499 [main] INFO  testCases.Tc_loginDDT - loginfunctionality_DDT test starting
15:55:09.499 [main] INFO  testCases.Tc_loginDDT - User Data Input start
15:55:09.499 [main] INFO  testCases.Tc_loginDDT - username input
15:55:09.501 [main] ERROR testCases.Tc_loginDDT - Test case failed
15:55:09.502 [main] INFO  testCases.Tc_loginDDT - loginfunctionality_DDT test starting
15:55:09.502 [main] INFO  testCases.Tc_loginDDT - User Data Input start
15:55:09.502 [main] INFO  testCases.Tc_loginDDT - username input
15:55:09.505 [main] ERROR testCases.Tc_loginDDT - Test case failed
15:55:09.506 [main] INFO  testCases.Tc_loginDDT - loginfunctionality_DDT test starting
15:55:09.506 [main] INFO  testCases.Tc_loginDDT - User Data Input start
15:55:09.506 [main] INFO  testCases.Tc_loginDDT - username input
15:55:09.509 [main] ERROR testCases.Tc_loginDDT - Test case failed
15:55:09.510 [main] INFO  testCases.Tc_loginDDT - loginfunctionality_DDT test starting
15:55:09.510 [main] INFO  testCases.Tc_loginDDT - User Data Input start
15:55:09.510 [main] INFO  testCases.Tc_loginDDT - username input
15:55:09.512 [main] ERROR testCases.Tc_loginDDT - Test case failed
15:55:09.513 [main] INFO  testCases.Tc_loginDDT - loginfunctionality_DDT test starting
15:55:09.513 [main] INFO  testCases.Tc_loginDDT - User Data Input start
15:55:09.513 [main] INFO  testCases.Tc_loginDDT - username input
15:55:09.516 [main] ERROR testCases.Tc_loginDDT - Test case failed
15:55:09.517 [main] INFO  testCases.Tc_loginDDT - loginfunctionality_DDT test starting
15:55:09.518 [main] INFO  testCases.Tc_loginDDT - User Data Input start
15:55:09.518 [main] INFO  testCases.Tc_loginDDT - username input
15:55:09.520 [main] ERROR testCases.Tc_loginDDT - Test case failed
15:55:09.523 [main] INFO  testCases.Tc_loginDDT - loginfunctionality_DDT test starting
15:55:09.523 [main] INFO  testCases.Tc_loginDDT - User Data Input start
15:55:09.523 [main] INFO  testCases.Tc_loginDDT - username input
15:55:09.526 [main] ERROR testCases.Tc_loginDDT - Test case failed
15:55:09.527 [main] INFO  testCases.Tc_loginDDT - loginfunctionality_DDT test starting
15:55:09.527 [main] INFO  testCases.Tc_loginDDT - User Data Input start
15:55:09.527 [main] INFO  testCases.Tc_loginDDT - username input
15:55:09.529 [main] ERROR testCases.Tc_loginDDT - Test case failed
15:55:09.530 [main] INFO  testCases.Tc_loginDDT - loginfunctionality_DDT test starting
15:55:09.530 [main] INFO  testCases.Tc_loginDDT - User Data Input start
15:55:09.530 [main] INFO  testCases.Tc_loginDDT - username input
15:55:09.532 [main] ERROR testCases.Tc_loginDDT - Test case failed
15:55:09.533 [main] INFO  testCases.Tc_loginDDT - loginfunctionality_DDT test starting
15:55:09.533 [main] INFO  testCases.Tc_loginDDT - User Data Input start
15:55:09.533 [main] INFO  testCases.Tc_loginDDT - username input
15:55:09.535 [main] ERROR testCases.Tc_loginDDT - Test case failed
15:55:09.536 [main] INFO  testCases.Tc_loginDDT - loginfunctionality_DDT test starting
15:55:09.536 [main] INFO  testCases.Tc_loginDDT - User Data Input start
15:55:09.536 [main] INFO  testCases.Tc_loginDDT - username input
15:55:09.539 [main] ERROR testCases.Tc_loginDDT - Test case failed
15:55:09.540 [main] INFO  testCases.Tc_loginDDT - loginfunctionality_DDT test starting
15:55:09.541 [main] INFO  testCases.Tc_loginDDT - User Data Input start
15:55:09.541 [main] INFO  testCases.Tc_loginDDT - username input
15:55:09.543 [main] ERROR testCases.Tc_loginDDT - Test case failed
15:55:09.544 [main] INFO  testCases.Tc_loginDDT - loginfunctionality_DDT test starting
15:55:09.545 [main] INFO  testCases.Tc_loginDDT - User Data Input start
15:55:09.545 [main] INFO  testCases.Tc_loginDDT - username input
15:55:09.547 [main] ERROR testCases.Tc_loginDDT - Test case failed
15:55:09.548 [main] INFO  testCases.Tc_loginDDT - loginfunctionality_DDT test starting
15:55:09.548 [main] INFO  testCases.Tc_loginDDT - User Data Input start
15:55:09.548 [main] INFO  testCases.Tc_loginDDT - username input
15:55:09.550 [main] ERROR testCases.Tc_loginDDT - Test case failed
15:55:09.552 [main] INFO  testCases.Tc_loginDDT - loginfunctionality_DDT test starting
15:55:09.552 [main] INFO  testCases.Tc_loginDDT - User Data Input start
15:55:09.552 [main] INFO  testCases.Tc_loginDDT - username input
15:55:09.554 [main] ERROR testCases.Tc_loginDDT - Test case failed
15:55:09.555 [main] INFO  testCases.Tc_loginDDT - loginfunctionality_DDT test starting
15:55:09.555 [main] INFO  testCases.Tc_loginDDT - User Data Input start
15:55:09.555 [main] INFO  testCases.Tc_loginDDT - username input
15:55:09.557 [main] ERROR testCases.Tc_loginDDT - Test case failed
15:55:09.558 [main] INFO  testCases.Tc_loginDDT - loginfunctionality_DDT test starting
15:55:09.558 [main] INFO  testCases.Tc_loginDDT - User Data Input start
15:55:09.558 [main] INFO  testCases.Tc_loginDDT - username input
15:55:09.560 [main] ERROR testCases.Tc_loginDDT - Test case failed
15:55:09.561 [main] INFO  testCases.Tc_loginDDT - loginfunctionality_DDT test starting
15:55:09.561 [main] INFO  testCases.Tc_loginDDT - User Data Input start
15:55:09.561 [main] INFO  testCases.Tc_loginDDT - username input
15:55:09.563 [main] ERROR testCases.Tc_loginDDT - Test case failed
15:55:09.564 [main] INFO  testCases.Tc_loginDDT - loginfunctionality_DDT test starting
15:55:09.565 [main] INFO  testCases.Tc_loginDDT - User Data Input start
15:55:09.565 [main] INFO  testCases.Tc_loginDDT - username input
15:55:09.567 [main] ERROR testCases.Tc_loginDDT - Test case failed
15:55:09.568 [main] INFO  testCases.Tc_loginDDT - loginfunctionality_DDT test starting
15:55:09.568 [main] INFO  testCases.Tc_loginDDT - User Data Input start
15:55:09.568 [main] INFO  testCases.Tc_loginDDT - username input
15:55:09.571 [main] ERROR testCases.Tc_loginDDT - Test case failed
15:55:09.571 [main] INFO  testCases.Tc_loginDDT - loginfunctionality_DDT test starting
15:55:09.572 [main] INFO  testCases.Tc_loginDDT - User Data Input start
15:55:09.572 [main] INFO  testCases.Tc_loginDDT - username input
15:55:09.574 [main] ERROR testCases.Tc_loginDDT - Test case failed
15:55:09.575 [main] INFO  testCases.Tc_loginDDT - loginfunctionality_DDT test starting
15:55:09.576 [main] INFO  testCases.Tc_loginDDT - User Data Input start
15:55:09.576 [main] INFO  testCases.Tc_loginDDT - username input
15:55:09.578 [main] ERROR testCases.Tc_loginDDT - Test case failed
15:55:09.579 [main] INFO  testCases.Tc_loginDDT - loginfunctionality_DDT test starting
15:55:09.579 [main] INFO  testCases.Tc_loginDDT - User Data Input start
15:55:09.579 [main] INFO  testCases.Tc_loginDDT - username input
15:55:09.581 [main] ERROR testCases.Tc_loginDDT - Test case failed
15:55:09.582 [main] INFO  testCases.Tc_loginDDT - loginfunctionality_DDT test starting
15:55:09.582 [main] INFO  testCases.Tc_loginDDT - User Data Input start
15:55:09.582 [main] INFO  testCases.Tc_loginDDT - username input
15:55:09.584 [main] ERROR testCases.Tc_loginDDT - Test case failed
15:55:09.585 [main] INFO  testCases.Tc_loginDDT - loginfunctionality_DDT test starting
15:55:09.585 [main] INFO  testCases.Tc_loginDDT - User Data Input start
15:55:09.585 [main] INFO  testCases.Tc_loginDDT - username input
15:55:09.587 [main] ERROR testCases.Tc_loginDDT - Test case failed
15:55:09.588 [main] INFO  testCases.Tc_loginDDT - loginfunctionality_DDT test starting
15:55:09.589 [main] INFO  testCases.Tc_loginDDT - User Data Input start
15:55:09.589 [main] INFO  testCases.Tc_loginDDT - username input
15:55:09.591 [main] ERROR testCases.Tc_loginDDT - Test case failed
15:55:09.592 [main] INFO  testCases.Tc_loginDDT - loginfunctionality_DDT test starting
15:55:09.593 [main] INFO  testCases.Tc_loginDDT - User Data Input start
15:55:09.593 [main] INFO  testCases.Tc_loginDDT - username input
15:55:09.595 [main] ERROR testCases.Tc_loginDDT - Test case failed
15:55:09.595 [main] INFO  testCases.Tc_loginDDT - loginfunctionality_DDT test starting
15:55:09.595 [main] INFO  testCases.Tc_loginDDT - User Data Input start
15:55:09.595 [main] INFO  testCases.Tc_loginDDT - username input
15:55:09.597 [main] ERROR testCases.Tc_loginDDT - Test case failed
15:55:09.598 [main] INFO  testCases.Tc_loginDDT - loginfunctionality_DDT test starting
15:55:09.598 [main] INFO  testCases.Tc_loginDDT - User Data Input start
15:55:09.598 [main] INFO  testCases.Tc_loginDDT - username input
15:55:09.600 [main] ERROR testCases.Tc_loginDDT - Test case failed
15:55:09.601 [main] INFO  testCases.Tc_loginDDT - loginfunctionality_DDT test starting
15:55:09.601 [main] INFO  testCases.Tc_loginDDT - User Data Input start
15:55:09.601 [main] INFO  testCases.Tc_loginDDT - username input
15:55:09.603 [main] ERROR testCases.Tc_loginDDT - Test case failed
15:55:09.604 [main] INFO  testCases.Tc_loginDDT - loginfunctionality_DDT test starting
15:55:09.604 [main] INFO  testCases.Tc_loginDDT - User Data Input start
15:55:09.604 [main] INFO  testCases.Tc_loginDDT - username input
15:55:09.606 [main] ERROR testCases.Tc_loginDDT - Test case failed
15:55:09.606 [main] INFO  testCases.Tc_loginDDT - loginfunctionality_DDT test starting
15:55:09.607 [main] INFO  testCases.Tc_loginDDT - User Data Input start
15:55:09.607 [main] INFO  testCases.Tc_loginDDT - username input
15:55:09.608 [main] ERROR testCases.Tc_loginDDT - Test case failed
15:55:09.609 [main] INFO  testCases.Tc_loginDDT - loginfunctionality_DDT test starting
15:55:09.609 [main] INFO  testCases.Tc_loginDDT - User Data Input start
15:55:09.609 [main] INFO  testCases.Tc_loginDDT - username input
15:55:09.611 [main] ERROR testCases.Tc_loginDDT - Test case failed
15:55:09.612 [main] INFO  testCases.Tc_loginDDT - loginfunctionality_DDT test starting
15:55:09.612 [main] INFO  testCases.Tc_loginDDT - User Data Input start
15:55:09.612 [main] INFO  testCases.Tc_loginDDT - username input
15:55:09.613 [main] ERROR testCases.Tc_loginDDT - Test case failed
15:55:09.614 [main] INFO  testCases.Tc_loginDDT - loginfunctionality_DDT test starting
15:55:09.614 [main] INFO  testCases.Tc_loginDDT - User Data Input start
15:55:09.614 [main] INFO  testCases.Tc_loginDDT - username input
15:55:09.616 [main] ERROR testCases.Tc_loginDDT - Test case failed
15:55:09.617 [main] INFO  testCases.Tc_loginDDT - loginfunctionality_DDT test starting
15:55:09.617 [main] INFO  testCases.Tc_loginDDT - User Data Input start
15:55:09.617 [main] INFO  testCases.Tc_loginDDT - username input
15:55:09.619 [main] ERROR testCases.Tc_loginDDT - Test case failed
15:55:09.619 [main] INFO  testCases.Tc_loginDDT - loginfunctionality_DDT test starting
15:55:09.620 [main] INFO  testCases.Tc_loginDDT - User Data Input start
15:55:09.620 [main] INFO  testCases.Tc_loginDDT - username input
15:55:09.621 [main] ERROR testCases.Tc_loginDDT - Test case failed
15:55:09.622 [main] INFO  testCases.Tc_loginDDT - loginfunctionality_DDT test starting
15:55:09.622 [main] INFO  testCases.Tc_loginDDT - User Data Input start
15:55:09.622 [main] INFO  testCases.Tc_loginDDT - username input
15:55:09.624 [main] ERROR testCases.Tc_loginDDT - Test case failed
15:55:09.625 [main] INFO  testCases.Tc_loginDDT - loginfunctionality_DDT test starting
15:55:09.625 [main] INFO  testCases.Tc_loginDDT - User Data Input start
15:55:09.625 [main] INFO  testCases.Tc_loginDDT - username input
15:55:09.627 [main] ERROR testCases.Tc_loginDDT - Test case failed
15:55:09.628 [main] INFO  testCases.Tc_loginDDT - loginfunctionality_DDT test starting
15:55:09.628 [main] INFO  testCases.Tc_loginDDT - User Data Input start
15:55:09.628 [main] INFO  testCases.Tc_loginDDT - username input
15:55:09.630 [main] ERROR testCases.Tc_loginDDT - Test case failed
15:55:09.631 [main] INFO  testCases.Tc_loginDDT - loginfunctionality_DDT test starting
15:55:09.631 [main] INFO  testCases.Tc_loginDDT - User Data Input start
15:55:09.631 [main] INFO  testCases.Tc_loginDDT - username input
15:55:09.633 [main] ERROR testCases.Tc_loginDDT - Test case failed
15:55:09.634 [main] INFO  testCases.Tc_loginDDT - loginfunctionality_DDT test starting
15:55:09.634 [main] INFO  testCases.Tc_loginDDT - User Data Input start
15:55:09.634 [main] INFO  testCases.Tc_loginDDT - username input
15:55:09.637 [main] ERROR testCases.Tc_loginDDT - Test case failed
15:55:09.637 [main] INFO  testCases.Tc_loginDDT - loginfunctionality_DDT test starting
15:55:09.638 [main] INFO  testCases.Tc_loginDDT - User Data Input start
15:55:09.638 [main] INFO  testCases.Tc_loginDDT - username input
15:55:09.640 [main] ERROR testCases.Tc_loginDDT - Test case failed
15:55:09.641 [main] INFO  testCases.Tc_loginDDT - loginfunctionality_DDT test starting
15:55:09.641 [main] INFO  testCases.Tc_loginDDT - User Data Input start
15:55:09.641 [main] INFO  testCases.Tc_loginDDT - username input
15:55:09.644 [main] ERROR testCases.Tc_loginDDT - Test case failed
15:55:09.645 [main] INFO  testCases.Tc_loginDDT - loginfunctionality_DDT test starting
15:55:09.646 [main] INFO  testCases.Tc_loginDDT - User Data Input start
15:55:09.646 [main] INFO  testCases.Tc_loginDDT - username input
15:55:09.648 [main] ERROR testCases.Tc_loginDDT - Test case failed
15:55:09.648 [main] INFO  testCases.Tc_loginDDT - loginfunctionality_DDT test starting
15:55:09.648 [main] INFO  testCases.Tc_loginDDT - User Data Input start
15:55:09.648 [main] INFO  testCases.Tc_loginDDT - username input
15:55:09.650 [main] ERROR testCases.Tc_loginDDT - Test case failed
15:55:09.651 [main] INFO  testCases.Tc_loginDDT - loginfunctionality_DDT test starting
15:55:09.662 [main] INFO  testCases.Tc_loginDDT - User Data Input start
15:55:09.662 [main] INFO  testCases.Tc_loginDDT - username input
15:55:09.668 [main] ERROR testCases.Tc_loginDDT - Test case failed
15:55:09.669 [main] INFO  testCases.Tc_loginDDT - loginfunctionality_DDT test starting
15:55:09.669 [main] INFO  testCases.Tc_loginDDT - User Data Input start
15:55:09.669 [main] INFO  testCases.Tc_loginDDT - username input
15:55:09.672 [main] ERROR testCases.Tc_loginDDT - Test case failed
15:55:09.673 [main] INFO  testCases.Tc_loginDDT - loginfunctionality_DDT test starting
15:55:09.673 [main] INFO  testCases.Tc_loginDDT - User Data Input start
15:55:09.673 [main] INFO  testCases.Tc_loginDDT - username input
15:55:09.676 [main] ERROR testCases.Tc_loginDDT - Test case failed
15:55:09.677 [main] INFO  testCases.Tc_loginDDT - loginfunctionality_DDT test starting
15:55:09.678 [main] INFO  testCases.Tc_loginDDT - User Data Input start
15:55:09.678 [main] INFO  testCases.Tc_loginDDT - username input
15:55:09.680 [main] ERROR testCases.Tc_loginDDT - Test case failed
15:55:09.681 [main] INFO  testCases.Tc_loginDDT - loginfunctionality_DDT test starting
15:55:09.681 [main] INFO  testCases.Tc_loginDDT - User Data Input start
15:55:09.681 [main] INFO  testCases.Tc_loginDDT - username input
15:55:09.684 [main] ERROR testCases.Tc_loginDDT - Test case failed
15:55:09.685 [main] INFO  testCases.Tc_loginDDT - loginfunctionality_DDT test starting
15:55:09.685 [main] INFO  testCases.Tc_loginDDT - User Data Input start
15:55:09.685 [main] INFO  testCases.Tc_loginDDT - username input
15:55:09.687 [main] ERROR testCases.Tc_loginDDT - Test case failed
15:55:09.688 [main] INFO  testCases.Tc_loginDDT - loginfunctionality_DDT test starting
15:55:09.688 [main] INFO  testCases.Tc_loginDDT - User Data Input start
15:55:09.688 [main] INFO  testCases.Tc_loginDDT - username input
15:55:09.691 [main] ERROR testCases.Tc_loginDDT - Test case failed
15:55:09.693 [main] INFO  testCases.Tc_loginDDT - loginfunctionality_DDT test starting
15:55:09.693 [main] INFO  testCases.Tc_loginDDT - User Data Input start
15:55:09.693 [main] INFO  testCases.Tc_loginDDT - username input
15:55:09.696 [main] ERROR testCases.Tc_loginDDT - Test case failed
15:55:09.698 [main] INFO  testCases.Tc_loginDDT - loginfunctionality_DDT test starting
15:55:09.698 [main] INFO  testCases.Tc_loginDDT - User Data Input start
15:55:09.698 [main] INFO  testCases.Tc_loginDDT - username input
15:55:09.701 [main] ERROR testCases.Tc_loginDDT - Test case failed
15:55:09.702 [main] INFO  testCases.Tc_loginDDT - loginfunctionality_DDT test starting
15:55:09.702 [main] INFO  testCases.Tc_loginDDT - User Data Input start
15:55:09.702 [main] INFO  testCases.Tc_loginDDT - username input
15:55:09.704 [main] ERROR testCases.Tc_loginDDT - Test case failed
15:55:09.705 [main] INFO  testCases.Tc_loginDDT - loginfunctionality_DDT test starting
15:55:09.706 [main] INFO  testCases.Tc_loginDDT - User Data Input start
15:55:09.706 [main] INFO  testCases.Tc_loginDDT - username input
15:55:09.708 [main] ERROR testCases.Tc_loginDDT - Test case failed
15:55:09.709 [main] INFO  testCases.Tc_loginDDT - loginfunctionality_DDT test starting
15:55:09.709 [main] INFO  testCases.Tc_loginDDT - User Data Input start
15:55:09.709 [main] INFO  testCases.Tc_loginDDT - username input
15:55:09.712 [main] ERROR testCases.Tc_loginDDT - Test case failed
15:55:09.712 [main] INFO  testCases.Tc_loginDDT - loginfunctionality_DDT test starting
15:55:09.713 [main] INFO  testCases.Tc_loginDDT - User Data Input start
15:55:09.713 [main] INFO  testCases.Tc_loginDDT - username input
15:55:09.715 [main] ERROR testCases.Tc_loginDDT - Test case failed
15:55:09.716 [main] INFO  testCases.Tc_loginDDT - loginfunctionality_DDT test starting
15:55:09.716 [main] INFO  testCases.Tc_loginDDT - User Data Input start
15:55:09.716 [main] INFO  testCases.Tc_loginDDT - username input
15:55:09.718 [main] ERROR testCases.Tc_loginDDT - Test case failed
15:55:09.719 [main] INFO  testCases.Tc_loginDDT - loginfunctionality_DDT test starting
15:55:09.720 [main] INFO  testCases.Tc_loginDDT - User Data Input start
15:55:09.720 [main] INFO  testCases.Tc_loginDDT - username input
15:55:09.722 [main] ERROR testCases.Tc_loginDDT - Test case failed
15:55:09.723 [main] INFO  testCases.Tc_loginDDT - loginfunctionality_DDT test starting
15:55:09.724 [main] INFO  testCases.Tc_loginDDT - User Data Input start
15:55:09.724 [main] INFO  testCases.Tc_loginDDT - username input
15:55:09.727 [main] ERROR testCases.Tc_loginDDT - Test case failed
15:55:09.728 [main] INFO  testCases.Tc_loginDDT - loginfunctionality_DDT test starting
15:55:09.728 [main] INFO  testCases.Tc_loginDDT - User Data Input start
15:55:09.728 [main] INFO  testCases.Tc_loginDDT - username input
15:55:09.731 [main] ERROR testCases.Tc_loginDDT - Test case failed
15:55:09.732 [main] INFO  testCases.Tc_loginDDT - loginfunctionality_DDT test starting
15:55:09.732 [main] INFO  testCases.Tc_loginDDT - User Data Input start
15:55:09.732 [main] INFO  testCases.Tc_loginDDT - username input
15:55:09.734 [main] ERROR testCases.Tc_loginDDT - Test case failed
15:55:09.735 [main] INFO  testCases.Tc_loginDDT - loginfunctionality_DDT test starting
15:55:09.736 [main] INFO  testCases.Tc_loginDDT - User Data Input start
15:55:09.736 [main] INFO  testCases.Tc_loginDDT - username input
15:55:09.737 [main] ERROR testCases.Tc_loginDDT - Test case failed
15:55:09.738 [main] INFO  testCases.Tc_loginDDT - loginfunctionality_DDT test starting
15:55:09.738 [main] INFO  testCases.Tc_loginDDT - User Data Input start
15:55:09.738 [main] INFO  testCases.Tc_loginDDT - username input
15:55:09.740 [main] ERROR testCases.Tc_loginDDT - Test case failed
15:55:09.741 [main] INFO  testCases.Tc_loginDDT - loginfunctionality_DDT test starting
15:55:09.742 [main] INFO  testCases.Tc_loginDDT - User Data Input start
15:55:09.742 [main] INFO  testCases.Tc_loginDDT - username input
15:55:09.744 [main] ERROR testCases.Tc_loginDDT - Test case failed
15:55:09.745 [main] INFO  testCases.Tc_loginDDT - loginfunctionality_DDT test starting
15:55:09.745 [main] INFO  testCases.Tc_loginDDT - User Data Input start
15:55:09.746 [main] INFO  testCases.Tc_loginDDT - username input
15:55:09.748 [main] ERROR testCases.Tc_loginDDT - Test case failed
15:55:09.749 [main] INFO  testCases.Tc_loginDDT - loginfunctionality_DDT test starting
15:55:09.749 [main] INFO  testCases.Tc_loginDDT - User Data Input start
15:55:09.749 [main] INFO  testCases.Tc_loginDDT - username input
15:55:09.751 [main] ERROR testCases.Tc_loginDDT - Test case failed
15:55:09.752 [main] INFO  testCases.Tc_loginDDT - loginfunctionality_DDT test starting
15:55:09.753 [main] INFO  testCases.Tc_loginDDT - User Data Input start
15:55:09.753 [main] INFO  testCases.Tc_loginDDT - username input
15:55:09.755 [main] ERROR testCases.Tc_loginDDT - Test case failed
15:55:09.756 [main] INFO  testCases.Tc_loginDDT - loginfunctionality_DDT test starting
15:55:09.757 [main] INFO  testCases.Tc_loginDDT - User Data Input start
15:55:09.757 [main] INFO  testCases.Tc_loginDDT - username input
15:55:09.759 [main] ERROR testCases.Tc_loginDDT - Test case failed
15:55:09.761 [main] INFO  testCases.Tc_loginDDT - loginfunctionality_DDT test starting
15:55:09.761 [main] INFO  testCases.Tc_loginDDT - User Data Input start
15:55:09.761 [main] INFO  testCases.Tc_loginDDT - username input
15:55:09.763 [main] ERROR testCases.Tc_loginDDT - Test case failed
15:55:09.765 [main] INFO  testCases.Tc_loginDDT - loginfunctionality_DDT test starting
15:55:09.765 [main] INFO  testCases.Tc_loginDDT - User Data Input start
15:55:09.765 [main] INFO  testCases.Tc_loginDDT - username input
15:55:09.768 [main] ERROR testCases.Tc_loginDDT - Test case failed
15:55:09.769 [main] INFO  testCases.Tc_loginDDT - loginfunctionality_DDT test starting
15:55:09.769 [main] INFO  testCases.Tc_loginDDT - User Data Input start
15:55:09.769 [main] INFO  testCases.Tc_loginDDT - username input
15:55:09.771 [main] ERROR testCases.Tc_loginDDT - Test case failed
15:55:09.772 [main] INFO  testCases.Tc_loginDDT - loginfunctionality_DDT test starting
15:55:09.772 [main] INFO  testCases.Tc_loginDDT - User Data Input start
15:55:09.772 [main] INFO  testCases.Tc_loginDDT - username input
15:55:09.775 [main] ERROR testCases.Tc_loginDDT - Test case failed
15:55:09.777 [main] INFO  testCases.Tc_loginDDT - loginfunctionality_DDT test starting
15:55:09.777 [main] INFO  testCases.Tc_loginDDT - User Data Input start
15:55:09.777 [main] INFO  testCases.Tc_loginDDT - username input
15:55:09.779 [main] ERROR testCases.Tc_loginDDT - Test case failed
15:55:09.781 [main] INFO  testCases.Tc_loginDDT - loginfunctionality_DDT test starting
15:55:09.781 [main] INFO  testCases.Tc_loginDDT - User Data Input start
15:55:09.781 [main] INFO  testCases.Tc_loginDDT - username input
15:55:09.784 [main] ERROR testCases.Tc_loginDDT - Test case failed
15:55:09.785 [main] INFO  testCases.Tc_loginDDT - loginfunctionality_DDT test starting
15:55:09.785 [main] INFO  testCases.Tc_loginDDT - User Data Input start
15:55:09.785 [main] INFO  testCases.Tc_loginDDT - username input
15:55:09.788 [main] ERROR testCases.Tc_loginDDT - Test case failed
15:55:09.789 [main] INFO  testCases.Tc_loginDDT - loginfunctionality_DDT test starting
15:55:09.789 [main] INFO  testCases.Tc_loginDDT - User Data Input start
15:55:09.790 [main] INFO  testCases.Tc_loginDDT - username input
15:55:09.793 [main] ERROR testCases.Tc_loginDDT - Test case failed
15:55:09.794 [main] INFO  testCases.Tc_loginDDT - loginfunctionality_DDT test starting
15:55:09.794 [main] INFO  testCases.Tc_loginDDT - User Data Input start
15:55:09.794 [main] INFO  testCases.Tc_loginDDT - username input
15:55:09.797 [main] ERROR testCases.Tc_loginDDT - Test case failed
15:55:09.798 [main] INFO  testCases.Tc_loginDDT - loginfunctionality_DDT test starting
15:55:09.798 [main] INFO  testCases.Tc_loginDDT - User Data Input start
15:55:09.798 [main] INFO  testCases.Tc_loginDDT - username input
15:55:09.801 [main] ERROR testCases.Tc_loginDDT - Test case failed
15:55:09.802 [main] INFO  testCases.Tc_loginDDT - loginfunctionality_DDT test starting
15:55:09.802 [main] INFO  testCases.Tc_loginDDT - User Data Input start
15:55:09.802 [main] INFO  testCases.Tc_loginDDT - username input
15:55:09.805 [main] ERROR testCases.Tc_loginDDT - Test case failed
15:55:09.805 [main] INFO  testCases.Tc_loginDDT - loginfunctionality_DDT test starting
15:55:09.806 [main] INFO  testCases.Tc_loginDDT - User Data Input start
15:55:09.806 [main] INFO  testCases.Tc_loginDDT - username input
15:55:09.808 [main] ERROR testCases.Tc_loginDDT - Test case failed
15:55:09.809 [main] INFO  testCases.Tc_loginDDT - loginfunctionality_DDT test starting
15:55:09.809 [main] INFO  testCases.Tc_loginDDT - User Data Input start
15:55:09.809 [main] INFO  testCases.Tc_loginDDT - username input
15:55:09.811 [main] ERROR testCases.Tc_loginDDT - Test case failed
15:55:09.812 [main] INFO  testCases.Tc_loginDDT - loginfunctionality_DDT test starting
15:55:09.813 [main] INFO  testCases.Tc_loginDDT - User Data Input start
15:55:09.813 [main] INFO  testCases.Tc_loginDDT - username input
15:55:09.815 [main] ERROR testCases.Tc_loginDDT - Test case failed
15:55:09.816 [main] INFO  testCases.Tc_loginDDT - loginfunctionality_DDT test starting
15:55:09.816 [main] INFO  testCases.Tc_loginDDT - User Data Input start
15:55:09.816 [main] INFO  testCases.Tc_loginDDT - username input
15:55:09.818 [main] ERROR testCases.Tc_loginDDT - Test case failed
15:55:09.819 [main] INFO  testCases.Tc_loginDDT - loginfunctionality_DDT test starting
15:55:09.819 [main] INFO  testCases.Tc_loginDDT - User Data Input start
15:55:09.819 [main] INFO  testCases.Tc_loginDDT - username input
15:55:09.822 [main] ERROR testCases.Tc_loginDDT - Test case failed
15:55:09.823 [main] INFO  testCases.Tc_loginDDT - loginfunctionality_DDT test starting
15:55:09.823 [main] INFO  testCases.Tc_loginDDT - User Data Input start
15:55:09.823 [main] INFO  testCases.Tc_loginDDT - username input
15:55:09.826 [main] ERROR testCases.Tc_loginDDT - Test case failed
15:55:09.827 [main] INFO  testCases.Tc_loginDDT - loginfunctionality_DDT test starting
15:55:09.827 [main] INFO  testCases.Tc_loginDDT - User Data Input start
15:55:09.827 [main] INFO  testCases.Tc_loginDDT - username input
15:55:09.829 [main] ERROR testCases.Tc_loginDDT - Test case failed
15:55:09.830 [main] INFO  testCases.Tc_loginDDT - loginfunctionality_DDT test starting
15:55:09.830 [main] INFO  testCases.Tc_loginDDT - User Data Input start
15:55:09.830 [main] INFO  testCases.Tc_loginDDT - username input
15:55:09.832 [main] ERROR testCases.Tc_loginDDT - Test case failed
15:55:09.833 [main] INFO  testCases.Tc_loginDDT - loginfunctionality_DDT test starting
15:55:09.833 [main] INFO  testCases.Tc_loginDDT - User Data Input start
15:55:09.833 [main] INFO  testCases.Tc_loginDDT - username input
15:55:09.835 [main] ERROR testCases.Tc_loginDDT - Test case failed
15:55:09.836 [main] INFO  testCases.Tc_loginDDT - loginfunctionality_DDT test starting
15:55:09.836 [main] INFO  testCases.Tc_loginDDT - User Data Input start
15:55:09.836 [main] INFO  testCases.Tc_loginDDT - username input
15:55:09.839 [main] ERROR testCases.Tc_loginDDT - Test case failed
15:55:09.840 [main] INFO  testCases.Tc_loginDDT - loginfunctionality_DDT test starting
15:55:09.840 [main] INFO  testCases.Tc_loginDDT - User Data Input start
15:55:09.840 [main] INFO  testCases.Tc_loginDDT - username input
15:55:09.849 [main] ERROR testCases.Tc_loginDDT - Test case failed
15:55:09.850 [main] INFO  testCases.Tc_loginDDT - loginfunctionality_DDT test starting
15:55:09.850 [main] INFO  testCases.Tc_loginDDT - User Data Input start
15:55:09.850 [main] INFO  testCases.Tc_loginDDT - username input
15:55:09.852 [main] ERROR testCases.Tc_loginDDT - Test case failed
15:55:09.853 [main] INFO  testCases.Tc_loginDDT - loginfunctionality_DDT test starting
15:55:09.853 [main] INFO  testCases.Tc_loginDDT - User Data Input start
15:55:09.854 [main] INFO  testCases.Tc_loginDDT - username input
15:55:09.857 [main] ERROR testCases.Tc_loginDDT - Test case failed
15:55:09.858 [main] INFO  testCases.Tc_loginDDT - loginfunctionality_DDT test starting
15:55:09.859 [main] INFO  testCases.Tc_loginDDT - User Data Input start
15:55:09.859 [main] INFO  testCases.Tc_loginDDT - username input
15:55:09.861 [main] ERROR testCases.Tc_loginDDT - Test case failed
15:55:09.863 [main] INFO  testCases.Tc_loginDDT - loginfunctionality_DDT test starting
15:55:09.863 [main] INFO  testCases.Tc_loginDDT - User Data Input start
15:55:09.863 [main] INFO  testCases.Tc_loginDDT - username input
15:55:09.865 [main] ERROR testCases.Tc_loginDDT - Test case failed
15:55:09.866 [main] INFO  testCases.Tc_loginDDT - loginfunctionality_DDT test starting
15:55:09.866 [main] INFO  testCases.Tc_loginDDT - User Data Input start
15:55:09.866 [main] INFO  testCases.Tc_loginDDT - username input
15:55:09.869 [main] ERROR testCases.Tc_loginDDT - Test case failed
15:55:09.871 [main] INFO  testCases.Tc_loginDDT - loginfunctionality_DDT test starting
15:55:09.871 [main] INFO  testCases.Tc_loginDDT - User Data Input start
15:55:09.871 [main] INFO  testCases.Tc_loginDDT - username input
15:55:09.874 [main] ERROR testCases.Tc_loginDDT - Test case failed
15:55:09.876 [main] INFO  testCases.Tc_loginDDT - loginfunctionality_DDT test starting
15:55:09.877 [main] INFO  testCases.Tc_loginDDT - User Data Input start
15:55:09.877 [main] INFO  testCases.Tc_loginDDT - username input
15:55:09.881 [main] ERROR testCases.Tc_loginDDT - Test case failed
15:55:09.883 [main] INFO  testCases.Tc_loginDDT - loginfunctionality_DDT test starting
15:55:09.883 [main] INFO  testCases.Tc_loginDDT - User Data Input start
15:55:09.883 [main] INFO  testCases.Tc_loginDDT - username input
15:55:09.887 [main] ERROR testCases.Tc_loginDDT - Test case failed
15:55:09.889 [main] INFO  testCases.Tc_loginDDT - loginfunctionality_DDT test starting
15:55:09.890 [main] INFO  testCases.Tc_loginDDT - User Data Input start
15:55:09.890 [main] INFO  testCases.Tc_loginDDT - username input
15:55:09.894 [main] ERROR testCases.Tc_loginDDT - Test case failed
15:55:09.896 [main] INFO  testCases.Tc_loginDDT - loginfunctionality_DDT test starting
15:55:09.896 [main] INFO  testCases.Tc_loginDDT - User Data Input start
15:55:09.896 [main] INFO  testCases.Tc_loginDDT - username input
15:55:09.900 [main] ERROR testCases.Tc_loginDDT - Test case failed
15:55:09.902 [main] INFO  testCases.Tc_loginDDT - loginfunctionality_DDT test starting
15:55:09.902 [main] INFO  testCases.Tc_loginDDT - User Data Input start
15:55:09.902 [main] INFO  testCases.Tc_loginDDT - username input
15:55:09.905 [main] ERROR testCases.Tc_loginDDT - Test case failed
15:55:09.906 [main] INFO  testCases.Tc_loginDDT - loginfunctionality_DDT test starting
15:55:09.906 [main] INFO  testCases.Tc_loginDDT - User Data Input start
15:55:09.906 [main] INFO  testCases.Tc_loginDDT - username input
15:55:09.921 [main] ERROR testCases.Tc_loginDDT - Test case failed
15:55:09.923 [main] INFO  testCases.Tc_loginDDT - loginfunctionality_DDT test starting
15:55:09.923 [main] INFO  testCases.Tc_loginDDT - User Data Input start
15:55:09.923 [main] INFO  testCases.Tc_loginDDT - username input
15:55:09.926 [main] ERROR testCases.Tc_loginDDT - Test case failed
15:55:09.928 [main] INFO  testCases.Tc_loginDDT - loginfunctionality_DDT test starting
15:55:09.928 [main] INFO  testCases.Tc_loginDDT - User Data Input start
15:55:09.928 [main] INFO  testCases.Tc_loginDDT - username input
15:55:09.931 [main] ERROR testCases.Tc_loginDDT - Test case failed
15:55:09.933 [main] INFO  testCases.Tc_loginDDT - loginfunctionality_DDT test starting
15:55:09.933 [main] INFO  testCases.Tc_loginDDT - User Data Input start
15:55:09.933 [main] INFO  testCases.Tc_loginDDT - username input
15:55:09.937 [main] ERROR testCases.Tc_loginDDT - Test case failed
15:55:09.938 [main] INFO  testCases.Tc_loginDDT - loginfunctionality_DDT test starting
15:55:09.939 [main] INFO  testCases.Tc_loginDDT - User Data Input start
15:55:09.939 [main] INFO  testCases.Tc_loginDDT - username input
15:55:09.949 [main] ERROR testCases.Tc_loginDDT - Test case failed
15:55:09.952 [main] INFO  testCases.Tc_loginDDT - loginfunctionality_DDT test starting
15:55:09.952 [main] INFO  testCases.Tc_loginDDT - User Data Input start
15:55:09.952 [main] INFO  testCases.Tc_loginDDT - username input
15:55:09.958 [main] ERROR testCases.Tc_loginDDT - Test case failed
15:55:09.960 [main] INFO  testCases.Tc_loginDDT - loginfunctionality_DDT test starting
15:55:09.960 [main] INFO  testCases.Tc_loginDDT - User Data Input start
15:55:09.960 [main] INFO  testCases.Tc_loginDDT - username input
15:55:09.963 [main] ERROR testCases.Tc_loginDDT - Test case failed
15:55:09.964 [main] INFO  testCases.Tc_loginDDT - loginfunctionality_DDT test starting
15:55:09.964 [main] INFO  testCases.Tc_loginDDT - User Data Input start
15:55:09.964 [main] INFO  testCases.Tc_loginDDT - username input
15:55:09.967 [main] ERROR testCases.Tc_loginDDT - Test case failed
15:55:09.967 [main] INFO  testCases.Tc_loginDDT - loginfunctionality_DDT test starting
15:55:09.968 [main] INFO  testCases.Tc_loginDDT - User Data Input start
15:55:09.968 [main] INFO  testCases.Tc_loginDDT - username input
15:55:09.970 [main] ERROR testCases.Tc_loginDDT - Test case failed
15:55:09.972 [main] INFO  testCases.Tc_loginDDT - loginfunctionality_DDT test starting
15:55:09.972 [main] INFO  testCases.Tc_loginDDT - User Data Input start
15:55:09.972 [main] INFO  testCases.Tc_loginDDT - username input
15:55:09.975 [main] ERROR testCases.Tc_loginDDT - Test case failed
15:55:09.977 [main] INFO  testCases.Tc_loginDDT - loginfunctionality_DDT test starting
15:55:09.977 [main] INFO  testCases.Tc_loginDDT - User Data Input start
15:55:09.977 [main] INFO  testCases.Tc_loginDDT - username input
15:55:09.979 [main] ERROR testCases.Tc_loginDDT - Test case failed
15:55:09.980 [main] INFO  testCases.Tc_loginDDT - loginfunctionality_DDT test starting
15:55:09.980 [main] INFO  testCases.Tc_loginDDT - User Data Input start
15:55:09.980 [main] INFO  testCases.Tc_loginDDT - username input
15:55:09.983 [main] ERROR testCases.Tc_loginDDT - Test case failed
15:55:09.984 [main] INFO  testCases.Tc_loginDDT - loginfunctionality_DDT test starting
15:55:09.984 [main] INFO  testCases.Tc_loginDDT - User Data Input start
15:55:09.984 [main] INFO  testCases.Tc_loginDDT - username input
15:55:09.987 [main] ERROR testCases.Tc_loginDDT - Test case failed
15:55:09.989 [main] INFO  testCases.Tc_loginDDT - loginfunctionality_DDT test starting
15:55:09.989 [main] INFO  testCases.Tc_loginDDT - User Data Input start
15:55:09.989 [main] INFO  testCases.Tc_loginDDT - username input
15:55:09.992 [main] ERROR testCases.Tc_loginDDT - Test case failed
15:55:09.993 [main] INFO  testCases.Tc_loginDDT - loginfunctionality_DDT test starting
15:55:09.994 [main] INFO  testCases.Tc_loginDDT - User Data Input start
15:55:09.994 [main] INFO  testCases.Tc_loginDDT - username input
15:55:09.996 [main] ERROR testCases.Tc_loginDDT - Test case failed
15:55:09.998 [main] INFO  testCases.Tc_loginDDT - loginfunctionality_DDT test starting
15:55:09.998 [main] INFO  testCases.Tc_loginDDT - User Data Input start
15:55:09.998 [main] INFO  testCases.Tc_loginDDT - username input
15:55:10.002 [main] ERROR testCases.Tc_loginDDT - Test case failed
15:55:10.003 [main] INFO  testCases.Tc_loginDDT - loginfunctionality_DDT test starting
15:55:10.004 [main] INFO  testCases.Tc_loginDDT - User Data Input start
15:55:10.004 [main] INFO  testCases.Tc_loginDDT - username input
15:55:10.008 [main] ERROR testCases.Tc_loginDDT - Test case failed
15:55:10.010 [main] INFO  testCases.Tc_loginDDT - loginfunctionality_DDT test starting
15:55:10.010 [main] INFO  testCases.Tc_loginDDT - User Data Input start
15:55:10.010 [main] INFO  testCases.Tc_loginDDT - username input
15:55:10.013 [main] ERROR testCases.Tc_loginDDT - Test case failed
15:55:10.015 [main] INFO  testCases.Tc_loginDDT - loginfunctionality_DDT test starting
15:55:10.015 [main] INFO  testCases.Tc_loginDDT - User Data Input start
15:55:10.015 [main] INFO  testCases.Tc_loginDDT - username input
15:55:10.018 [main] ERROR testCases.Tc_loginDDT - Test case failed
15:55:10.019 [main] INFO  testCases.Tc_loginDDT - loginfunctionality_DDT test starting
15:55:10.019 [main] INFO  testCases.Tc_loginDDT - User Data Input start
15:55:10.019 [main] INFO  testCases.Tc_loginDDT - username input
15:55:10.023 [main] ERROR testCases.Tc_loginDDT - Test case failed
15:55:10.024 [main] INFO  testCases.Tc_loginDDT - loginfunctionality_DDT test starting
15:55:10.025 [main] INFO  testCases.Tc_loginDDT - User Data Input start
15:55:10.025 [main] INFO  testCases.Tc_loginDDT - username input
15:55:10.028 [main] ERROR testCases.Tc_loginDDT - Test case failed
15:55:10.030 [main] INFO  testCases.Tc_loginDDT - loginfunctionality_DDT test starting
15:55:10.030 [main] INFO  testCases.Tc_loginDDT - User Data Input start
15:55:10.030 [main] INFO  testCases.Tc_loginDDT - username input
15:55:10.033 [main] ERROR testCases.Tc_loginDDT - Test case failed
15:55:10.033 [main] INFO  testCases.Tc_loginDDT - loginfunctionality_DDT test starting
15:55:10.034 [main] INFO  testCases.Tc_loginDDT - User Data Input start
15:55:10.034 [main] INFO  testCases.Tc_loginDDT - username input
15:55:10.036 [main] ERROR testCases.Tc_loginDDT - Test case failed
15:55:10.037 [main] INFO  testCases.Tc_loginDDT - loginfunctionality_DDT test starting
15:55:10.038 [main] INFO  testCases.Tc_loginDDT - User Data Input start
15:55:10.038 [main] INFO  testCases.Tc_loginDDT - username input
15:55:10.040 [main] ERROR testCases.Tc_loginDDT - Test case failed
15:55:10.041 [main] INFO  testCases.Tc_loginDDT - loginfunctionality_DDT test starting
15:55:10.041 [main] INFO  testCases.Tc_loginDDT - User Data Input start
15:55:10.041 [main] INFO  testCases.Tc_loginDDT - username input
15:55:10.044 [main] ERROR testCases.Tc_loginDDT - Test case failed
15:55:10.045 [main] INFO  testCases.Tc_loginDDT - loginfunctionality_DDT test starting
15:55:10.045 [main] INFO  testCases.Tc_loginDDT - User Data Input start
15:55:10.045 [main] INFO  testCases.Tc_loginDDT - username input
15:55:10.048 [main] ERROR testCases.Tc_loginDDT - Test case failed
15:55:10.049 [main] INFO  testCases.Tc_loginDDT - loginfunctionality_DDT test starting
15:55:10.049 [main] INFO  testCases.Tc_loginDDT - User Data Input start
15:55:10.049 [main] INFO  testCases.Tc_loginDDT - username input
15:55:10.051 [main] ERROR testCases.Tc_loginDDT - Test case failed
15:55:10.053 [main] INFO  testCases.Tc_loginDDT - loginfunctionality_DDT test starting
15:55:10.053 [main] INFO  testCases.Tc_loginDDT - User Data Input start
15:55:10.053 [main] INFO  testCases.Tc_loginDDT - username input
15:55:10.056 [main] ERROR testCases.Tc_loginDDT - Test case failed
15:55:10.057 [main] INFO  testCases.Tc_loginDDT - loginfunctionality_DDT test starting
15:55:10.058 [main] INFO  testCases.Tc_loginDDT - User Data Input start
15:55:10.058 [main] INFO  testCases.Tc_loginDDT - username input
15:55:10.060 [main] ERROR testCases.Tc_loginDDT - Test case failed
15:55:10.062 [main] INFO  testCases.Tc_loginDDT - loginfunctionality_DDT test starting
15:55:10.062 [main] INFO  testCases.Tc_loginDDT - User Data Input start
15:55:10.062 [main] INFO  testCases.Tc_loginDDT - username input
15:55:10.065 [main] ERROR testCases.Tc_loginDDT - Test case failed
15:55:10.066 [main] INFO  testCases.Tc_loginDDT - loginfunctionality_DDT test starting
15:55:10.066 [main] INFO  testCases.Tc_loginDDT - User Data Input start
15:55:10.066 [main] INFO  testCases.Tc_loginDDT - username input
15:55:10.069 [main] ERROR testCases.Tc_loginDDT - Test case failed
15:55:10.070 [main] INFO  testCases.Tc_loginDDT - loginfunctionality_DDT test starting
15:55:10.070 [main] INFO  testCases.Tc_loginDDT - User Data Input start
15:55:10.070 [main] INFO  testCases.Tc_loginDDT - username input
15:55:10.073 [main] ERROR testCases.Tc_loginDDT - Test case failed
15:55:10.074 [main] INFO  testCases.Tc_loginDDT - loginfunctionality_DDT test starting
15:55:10.074 [main] INFO  testCases.Tc_loginDDT - User Data Input start
15:55:10.074 [main] INFO  testCases.Tc_loginDDT - username input
15:55:10.077 [main] ERROR testCases.Tc_loginDDT - Test case failed
15:55:10.079 [main] INFO  testCases.Tc_loginDDT - loginfunctionality_DDT test starting
15:55:10.079 [main] INFO  testCases.Tc_loginDDT - User Data Input start
15:55:10.079 [main] INFO  testCases.Tc_loginDDT - username input
15:55:10.082 [main] ERROR testCases.Tc_loginDDT - Test case failed
15:55:10.083 [main] INFO  testCases.Tc_loginDDT - loginfunctionality_DDT test starting
15:55:10.084 [main] INFO  testCases.Tc_loginDDT - User Data Input start
15:55:10.084 [main] INFO  testCases.Tc_loginDDT - username input
15:55:10.087 [main] ERROR testCases.Tc_loginDDT - Test case failed
15:55:10.088 [main] INFO  testCases.Tc_loginDDT - loginfunctionality_DDT test starting
15:55:10.088 [main] INFO  testCases.Tc_loginDDT - User Data Input start
15:55:10.088 [main] INFO  testCases.Tc_loginDDT - username input
15:55:10.091 [main] ERROR testCases.Tc_loginDDT - Test case failed
15:55:10.093 [main] INFO  testCases.Tc_loginDDT - loginfunctionality_DDT test starting
15:55:10.093 [main] INFO  testCases.Tc_loginDDT - User Data Input start
15:55:10.093 [main] INFO  testCases.Tc_loginDDT - username input
15:55:10.096 [main] ERROR testCases.Tc_loginDDT - Test case failed
15:55:10.098 [main] INFO  testCases.Tc_loginDDT - loginfunctionality_DDT test starting
15:55:10.098 [main] INFO  testCases.Tc_loginDDT - User Data Input start
15:55:10.098 [main] INFO  testCases.Tc_loginDDT - username input
15:55:10.101 [main] ERROR testCases.Tc_loginDDT - Test case failed
15:55:10.103 [main] INFO  testCases.Tc_loginDDT - loginfunctionality_DDT test starting
15:55:10.103 [main] INFO  testCases.Tc_loginDDT - User Data Input start
15:55:10.103 [main] INFO  testCases.Tc_loginDDT - username input
15:55:10.106 [main] ERROR testCases.Tc_loginDDT - Test case failed
15:55:10.108 [main] INFO  testCases.Tc_loginDDT - loginfunctionality_DDT test starting
15:55:10.108 [main] INFO  testCases.Tc_loginDDT - User Data Input start
15:55:10.108 [main] INFO  testCases.Tc_loginDDT - username input
15:55:10.111 [main] ERROR testCases.Tc_loginDDT - Test case failed
15:55:10.112 [main] INFO  testCases.Tc_loginDDT - loginfunctionality_DDT test starting
15:55:10.112 [main] INFO  testCases.Tc_loginDDT - User Data Input start
15:55:10.112 [main] INFO  testCases.Tc_loginDDT - username input
15:55:10.115 [main] ERROR testCases.Tc_loginDDT - Test case failed
15:55:10.116 [main] INFO  testCases.Tc_loginDDT - loginfunctionality_DDT test starting
15:55:10.116 [main] INFO  testCases.Tc_loginDDT - User Data Input start
15:55:10.116 [main] INFO  testCases.Tc_loginDDT - username input
15:55:10.118 [main] ERROR testCases.Tc_loginDDT - Test case failed
15:55:10.119 [main] INFO  testCases.Tc_loginDDT - loginfunctionality_DDT test starting
15:55:10.119 [main] INFO  testCases.Tc_loginDDT - User Data Input start
15:55:10.119 [main] INFO  testCases.Tc_loginDDT - username input
15:55:10.121 [main] ERROR testCases.Tc_loginDDT - Test case failed
15:55:10.122 [main] INFO  testCases.Tc_loginDDT - loginfunctionality_DDT test starting
15:55:10.123 [main] INFO  testCases.Tc_loginDDT - User Data Input start
15:55:10.123 [main] INFO  testCases.Tc_loginDDT - username input
15:55:10.125 [main] ERROR testCases.Tc_loginDDT - Test case failed
15:55:10.125 [main] INFO  testCases.Tc_loginDDT - loginfunctionality_DDT test starting
15:55:10.126 [main] INFO  testCases.Tc_loginDDT - User Data Input start
15:55:10.126 [main] INFO  testCases.Tc_loginDDT - username input
15:55:10.128 [main] ERROR testCases.Tc_loginDDT - Test case failed
15:55:10.128 [main] INFO  testCases.Tc_loginDDT - loginfunctionality_DDT test starting
15:55:10.129 [main] INFO  testCases.Tc_loginDDT - User Data Input start
15:55:10.129 [main] INFO  testCases.Tc_loginDDT - username input
15:55:10.130 [main] ERROR testCases.Tc_loginDDT - Test case failed
15:55:10.131 [main] INFO  testCases.Tc_loginDDT - loginfunctionality_DDT test starting
15:55:10.131 [main] INFO  testCases.Tc_loginDDT - User Data Input start
15:55:10.131 [main] INFO  testCases.Tc_loginDDT - username input
15:55:10.133 [main] ERROR testCases.Tc_loginDDT - Test case failed
15:55:10.134 [main] INFO  testCases.Tc_loginDDT - loginfunctionality_DDT test starting
15:55:10.134 [main] INFO  testCases.Tc_loginDDT - User Data Input start
15:55:10.134 [main] INFO  testCases.Tc_loginDDT - username input
15:55:10.136 [main] ERROR testCases.Tc_loginDDT - Test case failed
15:55:10.137 [main] INFO  testCases.Tc_loginDDT - loginfunctionality_DDT test starting
15:55:10.137 [main] INFO  testCases.Tc_loginDDT - User Data Input start
15:55:10.137 [main] INFO  testCases.Tc_loginDDT - username input
15:55:10.139 [main] ERROR testCases.Tc_loginDDT - Test case failed
15:55:10.140 [main] INFO  testCases.Tc_loginDDT - loginfunctionality_DDT test starting
15:55:10.140 [main] INFO  testCases.Tc_loginDDT - User Data Input start
15:55:10.140 [main] INFO  testCases.Tc_loginDDT - username input
15:55:10.142 [main] ERROR testCases.Tc_loginDDT - Test case failed
15:55:10.143 [main] INFO  testCases.Tc_loginDDT - loginfunctionality_DDT test starting
15:55:10.143 [main] INFO  testCases.Tc_loginDDT - User Data Input start
15:55:10.143 [main] INFO  testCases.Tc_loginDDT - username input
15:55:10.146 [main] ERROR testCases.Tc_loginDDT - Test case failed
15:55:10.147 [main] INFO  testCases.Tc_loginDDT - loginfunctionality_DDT test starting
15:55:10.148 [main] INFO  testCases.Tc_loginDDT - User Data Input start
15:55:10.148 [main] INFO  testCases.Tc_loginDDT - username input
15:55:10.151 [main] ERROR testCases.Tc_loginDDT - Test case failed
15:55:10.152 [main] INFO  testCases.Tc_loginDDT - loginfunctionality_DDT test starting
15:55:10.153 [main] INFO  testCases.Tc_loginDDT - User Data Input start
15:55:10.153 [main] INFO  testCases.Tc_loginDDT - username input
15:55:10.155 [main] ERROR testCases.Tc_loginDDT - Test case failed
15:55:10.157 [main] INFO  testCases.Tc_loginDDT - loginfunctionality_DDT test starting
15:55:10.157 [main] INFO  testCases.Tc_loginDDT - User Data Input start
15:55:10.157 [main] INFO  testCases.Tc_loginDDT - username input
15:55:10.160 [main] ERROR testCases.Tc_loginDDT - Test case failed
15:55:10.161 [main] INFO  testCases.Tc_loginDDT - loginfunctionality_DDT test starting
15:55:10.161 [main] INFO  testCases.Tc_loginDDT - User Data Input start
15:55:10.161 [main] INFO  testCases.Tc_loginDDT - username input
15:55:10.164 [main] ERROR testCases.Tc_loginDDT - Test case failed
15:55:10.164 [main] INFO  testCases.Tc_loginDDT - loginfunctionality_DDT test starting
15:55:10.165 [main] INFO  testCases.Tc_loginDDT - User Data Input start
15:55:10.165 [main] INFO  testCases.Tc_loginDDT - username input
15:55:10.167 [main] ERROR testCases.Tc_loginDDT - Test case failed
15:55:10.168 [main] INFO  testCases.Tc_loginDDT - loginfunctionality_DDT test starting
15:55:10.168 [main] INFO  testCases.Tc_loginDDT - User Data Input start
15:55:10.168 [main] INFO  testCases.Tc_loginDDT - username input
15:55:10.171 [main] ERROR testCases.Tc_loginDDT - Test case failed
15:55:10.172 [main] INFO  testCases.Tc_loginDDT - loginfunctionality_DDT test starting
15:55:10.172 [main] INFO  testCases.Tc_loginDDT - User Data Input start
15:55:10.172 [main] INFO  testCases.Tc_loginDDT - username input
15:55:10.175 [main] ERROR testCases.Tc_loginDDT - Test case failed
15:55:10.176 [main] INFO  testCases.Tc_loginDDT - loginfunctionality_DDT test starting
15:55:10.177 [main] INFO  testCases.Tc_loginDDT - User Data Input start
15:55:10.177 [main] INFO  testCases.Tc_loginDDT - username input
15:55:10.179 [main] ERROR testCases.Tc_loginDDT - Test case failed
15:55:10.180 [main] INFO  testCases.Tc_loginDDT - loginfunctionality_DDT test starting
15:55:10.181 [main] INFO  testCases.Tc_loginDDT - User Data Input start
15:55:10.181 [main] INFO  testCases.Tc_loginDDT - username input
15:55:10.183 [main] ERROR testCases.Tc_loginDDT - Test case failed
15:55:10.189 [main] INFO  testCases.Tc_loginDDT - loginfunctionality_DDT test starting
15:55:10.189 [main] INFO  testCases.Tc_loginDDT - User Data Input start
15:55:10.189 [main] INFO  testCases.Tc_loginDDT - username input
15:55:10.191 [main] ERROR testCases.Tc_loginDDT - Test case failed
15:55:10.192 [main] INFO  testCases.Tc_loginDDT - loginfunctionality_DDT test starting
15:55:10.193 [main] INFO  testCases.Tc_loginDDT - User Data Input start
15:55:10.193 [main] INFO  testCases.Tc_loginDDT - username input
15:55:10.195 [main] ERROR testCases.Tc_loginDDT - Test case failed
15:55:10.196 [main] INFO  testCases.Tc_loginDDT - loginfunctionality_DDT test starting
15:55:10.196 [main] INFO  testCases.Tc_loginDDT - User Data Input start
15:55:10.196 [main] INFO  testCases.Tc_loginDDT - username input
15:55:10.198 [main] ERROR testCases.Tc_loginDDT - Test case failed
15:55:10.200 [main] INFO  testCases.Tc_loginDDT - loginfunctionality_DDT test starting
15:55:10.200 [main] INFO  testCases.Tc_loginDDT - User Data Input start
15:55:10.200 [main] INFO  testCases.Tc_loginDDT - username input
15:55:10.202 [main] ERROR testCases.Tc_loginDDT - Test case failed
15:55:10.203 [main] INFO  testCases.Tc_loginDDT - loginfunctionality_DDT test starting
15:55:10.203 [main] INFO  testCases.Tc_loginDDT - User Data Input start
15:55:10.203 [main] INFO  testCases.Tc_loginDDT - username input
15:55:10.205 [main] ERROR testCases.Tc_loginDDT - Test case failed
15:55:10.206 [main] INFO  testCases.Tc_loginDDT - loginfunctionality_DDT test starting
15:55:10.207 [main] INFO  testCases.Tc_loginDDT - User Data Input start
15:55:10.207 [main] INFO  testCases.Tc_loginDDT - username input
15:55:10.209 [main] ERROR testCases.Tc_loginDDT - Test case failed
15:55:10.210 [main] INFO  testCases.Tc_loginDDT - loginfunctionality_DDT test starting
15:55:10.210 [main] INFO  testCases.Tc_loginDDT - User Data Input start
15:55:10.210 [main] INFO  testCases.Tc_loginDDT - username input
15:55:10.213 [main] ERROR testCases.Tc_loginDDT - Test case failed
15:55:10.214 [main] INFO  testCases.Tc_loginDDT - loginfunctionality_DDT test starting
15:55:10.214 [main] INFO  testCases.Tc_loginDDT - User Data Input start
15:55:10.214 [main] INFO  testCases.Tc_loginDDT - username input
15:55:10.216 [main] ERROR testCases.Tc_loginDDT - Test case failed
15:55:10.217 [main] INFO  testCases.Tc_loginDDT - loginfunctionality_DDT test starting
15:55:10.217 [main] INFO  testCases.Tc_loginDDT - User Data Input start
15:55:10.217 [main] INFO  testCases.Tc_loginDDT - username input
15:55:10.219 [main] ERROR testCases.Tc_loginDDT - Test case failed
15:55:10.220 [main] INFO  testCases.Tc_loginDDT - loginfunctionality_DDT test starting
15:55:10.220 [main] INFO  testCases.Tc_loginDDT - User Data Input start
15:55:10.220 [main] INFO  testCases.Tc_loginDDT - username input
15:55:10.222 [main] ERROR testCases.Tc_loginDDT - Test case failed
15:55:10.223 [main] INFO  testCases.Tc_loginDDT - loginfunctionality_DDT test starting
15:55:10.224 [main] INFO  testCases.Tc_loginDDT - User Data Input start
15:55:10.224 [main] INFO  testCases.Tc_loginDDT - username input
15:55:10.226 [main] ERROR testCases.Tc_loginDDT - Test case failed
15:55:10.227 [main] INFO  testCases.Tc_loginDDT - loginfunctionality_DDT test starting
15:55:10.228 [main] INFO  testCases.Tc_loginDDT - User Data Input start
15:55:10.228 [main] INFO  testCases.Tc_loginDDT - username input
15:55:10.230 [main] ERROR testCases.Tc_loginDDT - Test case failed
15:55:10.231 [main] INFO  testCases.Tc_loginDDT - loginfunctionality_DDT test starting
15:55:10.231 [main] INFO  testCases.Tc_loginDDT - User Data Input start
15:55:10.231 [main] INFO  testCases.Tc_loginDDT - username input
15:55:10.233 [main] ERROR testCases.Tc_loginDDT - Test case failed
15:55:10.234 [main] INFO  testCases.Tc_loginDDT - loginfunctionality_DDT test starting
15:55:10.235 [main] INFO  testCases.Tc_loginDDT - User Data Input start
15:55:10.235 [main] INFO  testCases.Tc_loginDDT - username input
15:55:10.237 [main] ERROR testCases.Tc_loginDDT - Test case failed
15:55:10.238 [main] INFO  testCases.Tc_loginDDT - loginfunctionality_DDT test starting
15:55:10.238 [main] INFO  testCases.Tc_loginDDT - User Data Input start
15:55:10.239 [main] INFO  testCases.Tc_loginDDT - username input
15:55:10.241 [main] ERROR testCases.Tc_loginDDT - Test case failed
15:55:10.242 [main] INFO  testCases.Tc_loginDDT - loginfunctionality_DDT test starting
15:55:10.242 [main] INFO  testCases.Tc_loginDDT - User Data Input start
15:55:10.242 [main] INFO  testCases.Tc_loginDDT - username input
15:55:10.244 [main] ERROR testCases.Tc_loginDDT - Test case failed
15:55:10.245 [main] INFO  testCases.Tc_loginDDT - loginfunctionality_DDT test starting
15:55:10.246 [main] INFO  testCases.Tc_loginDDT - User Data Input start
15:55:10.246 [main] INFO  testCases.Tc_loginDDT - username input
15:55:10.248 [main] ERROR testCases.Tc_loginDDT - Test case failed
15:55:10.249 [main] INFO  testCases.Tc_loginDDT - loginfunctionality_DDT test starting
15:55:10.249 [main] INFO  testCases.Tc_loginDDT - User Data Input start
15:55:10.249 [main] INFO  testCases.Tc_loginDDT - username input
15:55:10.252 [main] ERROR testCases.Tc_loginDDT - Test case failed
15:55:10.253 [main] INFO  testCases.Tc_loginDDT - loginfunctionality_DDT test starting
15:55:10.253 [main] INFO  testCases.Tc_loginDDT - User Data Input start
15:55:10.253 [main] INFO  testCases.Tc_loginDDT - username input
15:55:10.255 [main] ERROR testCases.Tc_loginDDT - Test case failed
15:55:10.257 [main] INFO  testCases.Tc_loginDDT - loginfunctionality_DDT test starting
15:55:10.257 [main] INFO  testCases.Tc_loginDDT - User Data Input start
15:55:10.257 [main] INFO  testCases.Tc_loginDDT - username input
15:55:10.260 [main] ERROR testCases.Tc_loginDDT - Test case failed
15:55:10.262 [main] INFO  testCases.Tc_loginDDT - loginfunctionality_DDT test starting
15:55:10.262 [main] INFO  testCases.Tc_loginDDT - User Data Input start
15:55:10.262 [main] INFO  testCases.Tc_loginDDT - username input
15:55:10.265 [main] ERROR testCases.Tc_loginDDT - Test case failed
15:55:10.266 [main] INFO  testCases.Tc_loginDDT - loginfunctionality_DDT test starting
15:55:10.266 [main] INFO  testCases.Tc_loginDDT - User Data Input start
15:55:10.266 [main] INFO  testCases.Tc_loginDDT - username input
15:55:10.269 [main] ERROR testCases.Tc_loginDDT - Test case failed
15:55:10.270 [main] INFO  testCases.Tc_loginDDT - loginfunctionality_DDT test starting
15:55:10.270 [main] INFO  testCases.Tc_loginDDT - User Data Input start
15:55:10.270 [main] INFO  testCases.Tc_loginDDT - username input
15:55:10.273 [main] ERROR testCases.Tc_loginDDT - Test case failed
15:55:10.274 [main] INFO  testCases.Tc_loginDDT - loginfunctionality_DDT test starting
15:55:10.274 [main] INFO  testCases.Tc_loginDDT - User Data Input start
15:55:10.275 [main] INFO  testCases.Tc_loginDDT - username input
15:55:10.277 [main] ERROR testCases.Tc_loginDDT - Test case failed
15:55:10.278 [main] INFO  testCases.Tc_loginDDT - loginfunctionality_DDT test starting
15:55:10.279 [main] INFO  testCases.Tc_loginDDT - User Data Input start
15:55:10.279 [main] INFO  testCases.Tc_loginDDT - username input
15:55:10.281 [main] ERROR testCases.Tc_loginDDT - Test case failed
15:55:10.282 [main] INFO  testCases.Tc_loginDDT - loginfunctionality_DDT test starting
15:55:10.283 [main] INFO  testCases.Tc_loginDDT - User Data Input start
15:55:10.283 [main] INFO  testCases.Tc_loginDDT - username input
15:55:10.285 [main] ERROR testCases.Tc_loginDDT - Test case failed
15:55:10.286 [main] INFO  testCases.Tc_loginDDT - loginfunctionality_DDT test starting
15:55:10.286 [main] INFO  testCases.Tc_loginDDT - User Data Input start
15:55:10.286 [main] INFO  testCases.Tc_loginDDT - username input
15:55:10.289 [main] ERROR testCases.Tc_loginDDT - Test case failed
15:55:10.290 [main] INFO  testCases.Tc_loginDDT - loginfunctionality_DDT test starting
15:55:10.290 [main] INFO  testCases.Tc_loginDDT - User Data Input start
15:55:10.290 [main] INFO  testCases.Tc_loginDDT - username input
15:55:10.293 [main] ERROR testCases.Tc_loginDDT - Test case failed
15:55:10.295 [main] INFO  testCases.Tc_loginDDT - loginfunctionality_DDT test starting
15:55:10.295 [main] INFO  testCases.Tc_loginDDT - User Data Input start
15:55:10.295 [main] INFO  testCases.Tc_loginDDT - username input
15:55:10.298 [main] ERROR testCases.Tc_loginDDT - Test case failed
15:55:10.299 [main] INFO  testCases.Tc_loginDDT - loginfunctionality_DDT test starting
15:55:10.300 [main] INFO  testCases.Tc_loginDDT - User Data Input start
15:55:10.300 [main] INFO  testCases.Tc_loginDDT - username input
15:55:10.302 [main] ERROR testCases.Tc_loginDDT - Test case failed
15:55:10.303 [main] INFO  testCases.Tc_loginDDT - loginfunctionality_DDT test starting
15:55:10.304 [main] INFO  testCases.Tc_loginDDT - User Data Input start
15:55:10.304 [main] INFO  testCases.Tc_loginDDT - username input
15:55:10.306 [main] ERROR testCases.Tc_loginDDT - Test case failed
15:55:10.308 [main] INFO  testCases.Tc_loginDDT - loginfunctionality_DDT test starting
15:55:10.308 [main] INFO  testCases.Tc_loginDDT - User Data Input start
15:55:10.308 [main] INFO  testCases.Tc_loginDDT - username input
15:55:10.311 [main] ERROR testCases.Tc_loginDDT - Test case failed
15:55:10.312 [main] INFO  testCases.Tc_loginDDT - loginfunctionality_DDT test starting
15:55:10.313 [main] INFO  testCases.Tc_loginDDT - User Data Input start
15:55:10.313 [main] INFO  testCases.Tc_loginDDT - username input
15:55:10.316 [main] ERROR testCases.Tc_loginDDT - Test case failed
15:55:10.317 [main] INFO  testCases.Tc_loginDDT - loginfunctionality_DDT test starting
15:55:10.318 [main] INFO  testCases.Tc_loginDDT - User Data Input start
15:55:10.318 [main] INFO  testCases.Tc_loginDDT - username input
15:55:10.320 [main] ERROR testCases.Tc_loginDDT - Test case failed
15:55:10.321 [main] INFO  testCases.Tc_loginDDT - loginfunctionality_DDT test starting
15:55:10.322 [main] INFO  testCases.Tc_loginDDT - User Data Input start
15:55:10.322 [main] INFO  testCases.Tc_loginDDT - username input
15:55:10.324 [main] ERROR testCases.Tc_loginDDT - Test case failed
15:55:10.325 [main] INFO  testCases.Tc_loginDDT - loginfunctionality_DDT test starting
15:55:10.325 [main] INFO  testCases.Tc_loginDDT - User Data Input start
15:55:10.325 [main] INFO  testCases.Tc_loginDDT - username input
15:55:10.328 [main] ERROR testCases.Tc_loginDDT - Test case failed
15:55:10.328 [main] INFO  testCases.Tc_loginDDT - loginfunctionality_DDT test starting
15:55:10.329 [main] INFO  testCases.Tc_loginDDT - User Data Input start
15:55:10.329 [main] INFO  testCases.Tc_loginDDT - username input
15:55:10.331 [main] ERROR testCases.Tc_loginDDT - Test case failed
15:55:10.332 [main] INFO  testCases.Tc_loginDDT - loginfunctionality_DDT test starting
15:55:10.332 [main] INFO  testCases.Tc_loginDDT - User Data Input start
15:55:10.332 [main] INFO  testCases.Tc_loginDDT - username input
15:55:10.334 [main] ERROR testCases.Tc_loginDDT - Test case failed
15:55:10.335 [main] INFO  testCases.Tc_loginDDT - loginfunctionality_DDT test starting
15:55:10.335 [main] INFO  testCases.Tc_loginDDT - User Data Input start
15:55:10.335 [main] INFO  testCases.Tc_loginDDT - username input
15:55:10.338 [main] ERROR testCases.Tc_loginDDT - Test case failed
15:55:10.338 [main] INFO  testCases.Tc_loginDDT - loginfunctionality_DDT test starting
15:55:10.339 [main] INFO  testCases.Tc_loginDDT - User Data Input start
15:55:10.339 [main] INFO  testCases.Tc_loginDDT - username input
15:55:10.341 [main] ERROR testCases.Tc_loginDDT - Test case failed
15:55:10.343 [main] INFO  testCases.Tc_loginDDT - loginfunctionality_DDT test starting
15:55:10.343 [main] INFO  testCases.Tc_loginDDT - User Data Input start
15:55:10.343 [main] INFO  testCases.Tc_loginDDT - username input
15:55:10.345 [main] ERROR testCases.Tc_loginDDT - Test case failed
15:55:10.346 [main] INFO  testCases.Tc_loginDDT - loginfunctionality_DDT test starting
15:55:10.346 [main] INFO  testCases.Tc_loginDDT - User Data Input start
15:55:10.346 [main] INFO  testCases.Tc_loginDDT - username input
15:55:10.349 [main] ERROR testCases.Tc_loginDDT - Test case failed
15:55:10.350 [main] INFO  testCases.Tc_loginDDT - loginfunctionality_DDT test starting
15:55:10.350 [main] INFO  testCases.Tc_loginDDT - User Data Input start
15:55:10.350 [main] INFO  testCases.Tc_loginDDT - username input
15:55:10.353 [main] ERROR testCases.Tc_loginDDT - Test case failed
15:55:10.354 [main] INFO  testCases.Tc_loginDDT - loginfunctionality_DDT test starting
15:55:10.354 [main] INFO  testCases.Tc_loginDDT - User Data Input start
15:55:10.354 [main] INFO  testCases.Tc_loginDDT - username input
15:55:10.357 [main] ERROR testCases.Tc_loginDDT - Test case failed
15:55:10.358 [main] INFO  testCases.Tc_loginDDT - loginfunctionality_DDT test starting
15:55:10.359 [main] INFO  testCases.Tc_loginDDT - User Data Input start
15:55:10.359 [main] INFO  testCases.Tc_loginDDT - username input
15:55:10.362 [main] ERROR testCases.Tc_loginDDT - Test case failed
15:55:10.363 [main] INFO  testCases.Tc_loginDDT - loginfunctionality_DDT test starting
15:55:10.363 [main] INFO  testCases.Tc_loginDDT - User Data Input start
15:55:10.363 [main] INFO  testCases.Tc_loginDDT - username input
15:55:10.365 [main] ERROR testCases.Tc_loginDDT - Test case failed
15:55:10.367 [main] INFO  testCases.Tc_loginDDT - loginfunctionality_DDT test starting
15:55:10.367 [main] INFO  testCases.Tc_loginDDT - User Data Input start
15:55:10.367 [main] INFO  testCases.Tc_loginDDT - username input
15:55:10.369 [main] ERROR testCases.Tc_loginDDT - Test case failed
15:55:10.371 [main] INFO  testCases.Tc_loginDDT - loginfunctionality_DDT test starting
15:55:10.371 [main] INFO  testCases.Tc_loginDDT - User Data Input start
15:55:10.371 [main] INFO  testCases.Tc_loginDDT - username input
15:55:10.373 [main] ERROR testCases.Tc_loginDDT - Test case failed
15:55:10.374 [main] INFO  testCases.Tc_loginDDT - loginfunctionality_DDT test starting
15:55:10.375 [main] INFO  testCases.Tc_loginDDT - User Data Input start
15:55:10.375 [main] INFO  testCases.Tc_loginDDT - username input
15:55:10.378 [main] ERROR testCases.Tc_loginDDT - Test case failed
15:55:10.379 [main] INFO  testCases.Tc_loginDDT - loginfunctionality_DDT test starting
15:55:10.379 [main] INFO  testCases.Tc_loginDDT - User Data Input start
15:55:10.379 [main] INFO  testCases.Tc_loginDDT - username input
15:55:10.382 [main] ERROR testCases.Tc_loginDDT - Test case failed
15:55:10.383 [main] INFO  testCases.Tc_loginDDT - loginfunctionality_DDT test starting
15:55:10.383 [main] INFO  testCases.Tc_loginDDT - User Data Input start
15:55:10.383 [main] INFO  testCases.Tc_loginDDT - username input
15:55:10.386 [main] ERROR testCases.Tc_loginDDT - Test case failed
15:55:10.387 [main] INFO  testCases.Tc_loginDDT - loginfunctionality_DDT test starting
15:55:10.388 [main] INFO  testCases.Tc_loginDDT - User Data Input start
15:55:10.388 [main] INFO  testCases.Tc_loginDDT - username input
15:55:10.390 [main] ERROR testCases.Tc_loginDDT - Test case failed
15:55:10.391 [main] INFO  testCases.Tc_loginDDT - loginfunctionality_DDT test starting
15:55:10.391 [main] INFO  testCases.Tc_loginDDT - User Data Input start
15:55:10.391 [main] INFO  testCases.Tc_loginDDT - username input
15:55:10.394 [main] ERROR testCases.Tc_loginDDT - Test case failed
15:55:10.395 [main] INFO  testCases.Tc_loginDDT - loginfunctionality_DDT test starting
15:55:10.395 [main] INFO  testCases.Tc_loginDDT - User Data Input start
15:55:10.395 [main] INFO  testCases.Tc_loginDDT - username input
15:55:10.398 [main] ERROR testCases.Tc_loginDDT - Test case failed
15:55:10.399 [main] INFO  testCases.Tc_loginDDT - loginfunctionality_DDT test starting
15:55:10.399 [main] INFO  testCases.Tc_loginDDT - User Data Input start
15:55:10.399 [main] INFO  testCases.Tc_loginDDT - username input
15:55:10.401 [main] ERROR testCases.Tc_loginDDT - Test case failed
15:55:10.402 [main] INFO  testCases.Tc_loginDDT - loginfunctionality_DDT test starting
15:55:10.403 [main] INFO  testCases.Tc_loginDDT - User Data Input start
15:55:10.403 [main] INFO  testCases.Tc_loginDDT - username input
15:55:10.405 [main] ERROR testCases.Tc_loginDDT - Test case failed
15:55:10.406 [main] INFO  testCases.Tc_loginDDT - loginfunctionality_DDT test starting
15:55:10.406 [main] INFO  testCases.Tc_loginDDT - User Data Input start
15:55:10.406 [main] INFO  testCases.Tc_loginDDT - username input
15:55:10.408 [main] ERROR testCases.Tc_loginDDT - Test case failed
15:55:10.409 [main] INFO  testCases.Tc_loginDDT - loginfunctionality_DDT test starting
15:55:10.409 [main] INFO  testCases.Tc_loginDDT - User Data Input start
15:55:10.409 [main] INFO  testCases.Tc_loginDDT - username input
15:55:10.411 [main] ERROR testCases.Tc_loginDDT - Test case failed
15:55:10.413 [main] INFO  testCases.Tc_loginDDT - loginfunctionality_DDT test starting
15:55:10.413 [main] INFO  testCases.Tc_loginDDT - User Data Input start
15:55:10.413 [main] INFO  testCases.Tc_loginDDT - username input
15:55:10.415 [main] ERROR testCases.Tc_loginDDT - Test case failed
15:55:10.416 [main] INFO  testCases.Tc_loginDDT - loginfunctionality_DDT test starting
15:55:10.416 [main] INFO  testCases.Tc_loginDDT - User Data Input start
15:55:10.416 [main] INFO  testCases.Tc_loginDDT - username input
15:55:10.419 [main] ERROR testCases.Tc_loginDDT - Test case failed
15:55:10.420 [main] INFO  testCases.Tc_loginDDT - loginfunctionality_DDT test starting
15:55:10.420 [main] INFO  testCases.Tc_loginDDT - User Data Input start
15:55:10.420 [main] INFO  testCases.Tc_loginDDT - username input
15:55:10.423 [main] ERROR testCases.Tc_loginDDT - Test case failed
15:55:10.424 [main] INFO  testCases.Tc_loginDDT - loginfunctionality_DDT test starting
15:55:10.425 [main] INFO  testCases.Tc_loginDDT - User Data Input start
15:55:10.425 [main] INFO  testCases.Tc_loginDDT - username input
15:55:10.428 [main] ERROR testCases.Tc_loginDDT - Test case failed
15:55:10.429 [main] INFO  testCases.Tc_loginDDT - loginfunctionality_DDT test starting
15:55:10.429 [main] INFO  testCases.Tc_loginDDT - User Data Input start
15:55:10.429 [main] INFO  testCases.Tc_loginDDT - username input
15:55:10.432 [main] ERROR testCases.Tc_loginDDT - Test case failed
15:55:10.433 [main] INFO  testCases.Tc_loginDDT - loginfunctionality_DDT test starting
15:55:10.433 [main] INFO  testCases.Tc_loginDDT - User Data Input start
15:55:10.433 [main] INFO  testCases.Tc_loginDDT - username input
15:55:10.436 [main] ERROR testCases.Tc_loginDDT - Test case failed
15:55:10.437 [main] INFO  testCases.Tc_loginDDT - loginfunctionality_DDT test starting
15:55:10.437 [main] INFO  testCases.Tc_loginDDT - User Data Input start
15:55:10.437 [main] INFO  testCases.Tc_loginDDT - username input
15:55:10.439 [main] ERROR testCases.Tc_loginDDT - Test case failed
15:55:10.440 [main] INFO  testCases.Tc_loginDDT - loginfunctionality_DDT test starting
15:55:10.440 [main] INFO  testCases.Tc_loginDDT - User Data Input start
15:55:10.440 [main] INFO  testCases.Tc_loginDDT - username input
15:55:10.442 [main] ERROR testCases.Tc_loginDDT - Test case failed
15:55:10.443 [main] INFO  testCases.Tc_loginDDT - loginfunctionality_DDT test starting
15:55:10.444 [main] INFO  testCases.Tc_loginDDT - User Data Input start
15:55:10.444 [main] INFO  testCases.Tc_loginDDT - username input
15:55:10.446 [main] ERROR testCases.Tc_loginDDT - Test case failed
15:55:10.447 [main] INFO  testCases.Tc_loginDDT - loginfunctionality_DDT test starting
15:55:10.447 [main] INFO  testCases.Tc_loginDDT - User Data Input start
15:55:10.447 [main] INFO  testCases.Tc_loginDDT - username input
15:55:10.449 [main] ERROR testCases.Tc_loginDDT - Test case failed
15:55:10.450 [main] INFO  testCases.Tc_loginDDT - loginfunctionality_DDT test starting
15:55:10.450 [main] INFO  testCases.Tc_loginDDT - User Data Input start
15:55:10.450 [main] INFO  testCases.Tc_loginDDT - username input
15:55:10.452 [main] ERROR testCases.Tc_loginDDT - Test case failed
15:55:10.453 [main] INFO  testCases.Tc_loginDDT - loginfunctionality_DDT test starting
15:55:10.453 [main] INFO  testCases.Tc_loginDDT - User Data Input start
15:55:10.453 [main] INFO  testCases.Tc_loginDDT - username input
15:55:10.455 [main] ERROR testCases.Tc_loginDDT - Test case failed
15:55:10.456 [main] INFO  testCases.Tc_loginDDT - loginfunctionality_DDT test starting
15:55:10.456 [main] INFO  testCases.Tc_loginDDT - User Data Input start
15:55:10.456 [main] INFO  testCases.Tc_loginDDT - username input
15:55:10.458 [main] ERROR testCases.Tc_loginDDT - Test case failed
15:55:10.460 [main] INFO  testCases.Tc_loginDDT - loginfunctionality_DDT test starting
15:55:10.460 [main] INFO  testCases.Tc_loginDDT - User Data Input start
15:55:10.460 [main] INFO  testCases.Tc_loginDDT - username input
15:55:10.463 [main] ERROR testCases.Tc_loginDDT - Test case failed
15:55:10.463 [main] INFO  testCases.Tc_loginDDT - loginfunctionality_DDT test starting
15:55:10.464 [main] INFO  testCases.Tc_loginDDT - User Data Input start
15:55:10.464 [main] INFO  testCases.Tc_loginDDT - username input
15:55:10.466 [main] ERROR testCases.Tc_loginDDT - Test case failed
15:55:10.467 [main] INFO  testCases.Tc_loginDDT - loginfunctionality_DDT test starting
15:55:10.468 [main] INFO  testCases.Tc_loginDDT - User Data Input start
15:55:10.468 [main] INFO  testCases.Tc_loginDDT - username input
15:55:10.470 [main] ERROR testCases.Tc_loginDDT - Test case failed
15:55:10.471 [main] INFO  testCases.Tc_loginDDT - loginfunctionality_DDT test starting
15:55:10.472 [main] INFO  testCases.Tc_loginDDT - User Data Input start
15:55:10.472 [main] INFO  testCases.Tc_loginDDT - username input
15:55:10.474 [main] ERROR testCases.Tc_loginDDT - Test case failed
15:55:10.475 [main] INFO  testCases.Tc_loginDDT - loginfunctionality_DDT test starting
15:55:10.475 [main] INFO  testCases.Tc_loginDDT - User Data Input start
15:55:10.475 [main] INFO  testCases.Tc_loginDDT - username input
15:55:10.477 [main] ERROR testCases.Tc_loginDDT - Test case failed
15:55:10.478 [main] INFO  testCases.Tc_loginDDT - loginfunctionality_DDT test starting
15:55:10.478 [main] INFO  testCases.Tc_loginDDT - User Data Input start
15:55:10.478 [main] INFO  testCases.Tc_loginDDT - username input
15:55:10.480 [main] ERROR testCases.Tc_loginDDT - Test case failed
15:55:10.481 [main] INFO  testCases.Tc_loginDDT - loginfunctionality_DDT test starting
15:55:10.481 [main] INFO  testCases.Tc_loginDDT - User Data Input start
15:55:10.481 [main] INFO  testCases.Tc_loginDDT - username input
15:55:10.483 [main] ERROR testCases.Tc_loginDDT - Test case failed
15:55:10.484 [main] INFO  testCases.Tc_loginDDT - loginfunctionality_DDT test starting
15:55:10.484 [main] INFO  testCases.Tc_loginDDT - User Data Input start
15:55:10.484 [main] INFO  testCases.Tc_loginDDT - username input
15:55:10.486 [main] ERROR testCases.Tc_loginDDT - Test case failed
15:55:10.487 [main] INFO  testCases.Tc_loginDDT - loginfunctionality_DDT test starting
15:55:10.487 [main] INFO  testCases.Tc_loginDDT - User Data Input start
15:55:10.487 [main] INFO  testCases.Tc_loginDDT - username input
15:55:10.489 [main] ERROR testCases.Tc_loginDDT - Test case failed
15:55:10.490 [main] INFO  testCases.Tc_loginDDT - loginfunctionality_DDT test starting
15:55:10.490 [main] INFO  testCases.Tc_loginDDT - User Data Input start
15:55:10.490 [main] INFO  testCases.Tc_loginDDT - username input
15:55:10.492 [main] ERROR testCases.Tc_loginDDT - Test case failed
15:55:10.493 [main] INFO  testCases.Tc_loginDDT - loginfunctionality_DDT test starting
15:55:10.494 [main] INFO  testCases.Tc_loginDDT - User Data Input start
15:55:10.494 [main] INFO  testCases.Tc_loginDDT - username input
15:55:10.496 [main] ERROR testCases.Tc_loginDDT - Test case failed
15:55:10.497 [main] INFO  testCases.Tc_loginDDT - loginfunctionality_DDT test starting
15:55:10.497 [main] INFO  testCases.Tc_loginDDT - User Data Input start
15:55:10.497 [main] INFO  testCases.Tc_loginDDT - username input
15:55:10.499 [main] ERROR testCases.Tc_loginDDT - Test case failed
15:55:10.500 [main] INFO  testCases.Tc_loginDDT - loginfunctionality_DDT test starting
15:55:10.500 [main] INFO  testCases.Tc_loginDDT - User Data Input start
15:55:10.500 [main] INFO  testCases.Tc_loginDDT - username input
15:55:10.503 [main] ERROR testCases.Tc_loginDDT - Test case failed
15:55:10.504 [main] INFO  testCases.Tc_loginDDT - loginfunctionality_DDT test starting
15:55:10.505 [main] INFO  testCases.Tc_loginDDT - User Data Input start
15:55:10.505 [main] INFO  testCases.Tc_loginDDT - username input
15:55:10.507 [main] ERROR testCases.Tc_loginDDT - Test case failed
15:55:10.509 [main] INFO  testCases.Tc_loginDDT - loginfunctionality_DDT test starting
15:55:10.509 [main] INFO  testCases.Tc_loginDDT - User Data Input start
15:55:10.509 [main] INFO  testCases.Tc_loginDDT - username input
15:55:10.512 [main] ERROR testCases.Tc_loginDDT - Test case failed
15:55:10.513 [main] INFO  testCases.Tc_loginDDT - loginfunctionality_DDT test starting
15:55:10.514 [main] INFO  testCases.Tc_loginDDT - User Data Input start
15:55:10.514 [main] INFO  testCases.Tc_loginDDT - username input
15:55:10.516 [main] ERROR testCases.Tc_loginDDT - Test case failed
15:55:10.518 [main] INFO  testCases.Tc_loginDDT - loginfunctionality_DDT test starting
15:55:10.518 [main] INFO  testCases.Tc_loginDDT - User Data Input start
15:55:10.518 [main] INFO  testCases.Tc_loginDDT - username input
15:55:10.520 [main] ERROR testCases.Tc_loginDDT - Test case failed
15:55:10.521 [main] INFO  testCases.Tc_loginDDT - loginfunctionality_DDT test starting
15:55:10.522 [main] INFO  testCases.Tc_loginDDT - User Data Input start
15:55:10.522 [main] INFO  testCases.Tc_loginDDT - username input
15:55:10.524 [main] ERROR testCases.Tc_loginDDT - Test case failed
15:55:10.525 [main] INFO  testCases.Tc_loginDDT - loginfunctionality_DDT test starting
15:55:10.525 [main] INFO  testCases.Tc_loginDDT - User Data Input start
15:55:10.525 [main] INFO  testCases.Tc_loginDDT - username input
15:55:10.527 [main] ERROR testCases.Tc_loginDDT - Test case failed
15:55:10.528 [main] INFO  testCases.Tc_loginDDT - loginfunctionality_DDT test starting
15:55:10.528 [main] INFO  testCases.Tc_loginDDT - User Data Input start
15:55:10.528 [main] INFO  testCases.Tc_loginDDT - username input
15:55:10.530 [main] ERROR testCases.Tc_loginDDT - Test case failed
15:55:10.530 [main] INFO  testCases.Tc_loginDDT - loginfunctionality_DDT test starting
15:55:10.530 [main] INFO  testCases.Tc_loginDDT - User Data Input start
15:55:10.530 [main] INFO  testCases.Tc_loginDDT - username input
15:55:10.532 [main] ERROR testCases.Tc_loginDDT - Test case failed
15:55:10.533 [main] INFO  testCases.Tc_loginDDT - loginfunctionality_DDT test starting
15:55:10.533 [main] INFO  testCases.Tc_loginDDT - User Data Input start
15:55:10.533 [main] INFO  testCases.Tc_loginDDT - username input
15:55:10.535 [main] ERROR testCases.Tc_loginDDT - Test case failed
15:55:10.536 [main] INFO  testCases.Tc_loginDDT - loginfunctionality_DDT test starting
15:55:10.536 [main] INFO  testCases.Tc_loginDDT - User Data Input start
15:55:10.536 [main] INFO  testCases.Tc_loginDDT - username input
15:55:10.537 [main] ERROR testCases.Tc_loginDDT - Test case failed
15:55:10.538 [main] INFO  testCases.Tc_loginDDT - loginfunctionality_DDT test starting
15:55:10.538 [main] INFO  testCases.Tc_loginDDT - User Data Input start
15:55:10.538 [main] INFO  testCases.Tc_loginDDT - username input
15:55:10.540 [main] ERROR testCases.Tc_loginDDT - Test case failed
15:55:10.540 [main] INFO  testCases.Tc_loginDDT - loginfunctionality_DDT test starting
15:55:10.541 [main] INFO  testCases.Tc_loginDDT - User Data Input start
15:55:10.541 [main] INFO  testCases.Tc_loginDDT - username input
15:55:10.542 [main] ERROR testCases.Tc_loginDDT - Test case failed
15:55:10.543 [main] INFO  testCases.Tc_loginDDT - loginfunctionality_DDT test starting
15:55:10.543 [main] INFO  testCases.Tc_loginDDT - User Data Input start
15:55:10.543 [main] INFO  testCases.Tc_loginDDT - username input
15:55:10.545 [main] ERROR testCases.Tc_loginDDT - Test case failed
15:55:10.546 [main] INFO  testCases.Tc_loginDDT - loginfunctionality_DDT test starting
15:55:10.546 [main] INFO  testCases.Tc_loginDDT - User Data Input start
15:55:10.546 [main] INFO  testCases.Tc_loginDDT - username input
15:55:10.547 [main] ERROR testCases.Tc_loginDDT - Test case failed
15:55:10.548 [main] INFO  testCases.Tc_loginDDT - loginfunctionality_DDT test starting
15:55:10.548 [main] INFO  testCases.Tc_loginDDT - User Data Input start
15:55:10.548 [main] INFO  testCases.Tc_loginDDT - username input
15:55:10.550 [main] ERROR testCases.Tc_loginDDT - Test case failed
15:55:10.550 [main] INFO  testCases.Tc_loginDDT - loginfunctionality_DDT test starting
15:55:10.550 [main] INFO  testCases.Tc_loginDDT - User Data Input start
15:55:10.550 [main] INFO  testCases.Tc_loginDDT - username input
15:55:10.552 [main] ERROR testCases.Tc_loginDDT - Test case failed
15:55:10.553 [main] INFO  testCases.Tc_loginDDT - loginfunctionality_DDT test starting
15:55:10.553 [main] INFO  testCases.Tc_loginDDT - User Data Input start
15:55:10.553 [main] INFO  testCases.Tc_loginDDT - username input
15:55:10.555 [main] ERROR testCases.Tc_loginDDT - Test case failed
15:55:10.556 [main] INFO  testCases.Tc_loginDDT - loginfunctionality_DDT test starting
15:55:10.556 [main] INFO  testCases.Tc_loginDDT - User Data Input start
15:55:10.556 [main] INFO  testCases.Tc_loginDDT - username input
15:55:10.558 [main] ERROR testCases.Tc_loginDDT - Test case failed
15:55:10.558 [main] INFO  testCases.Tc_loginDDT - loginfunctionality_DDT test starting
15:55:10.559 [main] INFO  testCases.Tc_loginDDT - User Data Input start
15:55:10.559 [main] INFO  testCases.Tc_loginDDT - username input
15:55:10.561 [main] ERROR testCases.Tc_loginDDT - Test case failed
15:55:10.561 [main] INFO  testCases.Tc_loginDDT - loginfunctionality_DDT test starting
15:55:10.562 [main] INFO  testCases.Tc_loginDDT - User Data Input start
15:55:10.562 [main] INFO  testCases.Tc_loginDDT - username input
15:55:10.563 [main] ERROR testCases.Tc_loginDDT - Test case failed
15:55:10.564 [main] INFO  testCases.Tc_loginDDT - loginfunctionality_DDT test starting
15:55:10.564 [main] INFO  testCases.Tc_loginDDT - User Data Input start
15:55:10.564 [main] INFO  testCases.Tc_loginDDT - username input
15:55:10.566 [main] ERROR testCases.Tc_loginDDT - Test case failed
15:55:10.566 [main] INFO  testCases.Tc_loginDDT - loginfunctionality_DDT test starting
15:55:10.567 [main] INFO  testCases.Tc_loginDDT - User Data Input start
15:55:10.567 [main] INFO  testCases.Tc_loginDDT - username input
15:55:10.568 [main] ERROR testCases.Tc_loginDDT - Test case failed
15:55:10.569 [main] INFO  testCases.Tc_loginDDT - loginfunctionality_DDT test starting
15:55:10.569 [main] INFO  testCases.Tc_loginDDT - User Data Input start
15:55:10.569 [main] INFO  testCases.Tc_loginDDT - username input
15:55:10.570 [main] ERROR testCases.Tc_loginDDT - Test case failed
15:55:10.571 [main] INFO  testCases.Tc_loginDDT - loginfunctionality_DDT test starting
15:55:10.571 [main] INFO  testCases.Tc_loginDDT - User Data Input start
15:55:10.571 [main] INFO  testCases.Tc_loginDDT - username input
15:55:10.573 [main] ERROR testCases.Tc_loginDDT - Test case failed
15:55:10.573 [main] INFO  testCases.Tc_loginDDT - loginfunctionality_DDT test starting
15:55:10.574 [main] INFO  testCases.Tc_loginDDT - User Data Input start
15:55:10.574 [main] INFO  testCases.Tc_loginDDT - username input
15:55:10.575 [main] ERROR testCases.Tc_loginDDT - Test case failed
15:55:10.576 [main] INFO  testCases.Tc_loginDDT - loginfunctionality_DDT test starting
15:55:10.576 [main] INFO  testCases.Tc_loginDDT - User Data Input start
15:55:10.576 [main] INFO  testCases.Tc_loginDDT - username input
15:55:10.578 [main] ERROR testCases.Tc_loginDDT - Test case failed
15:55:10.578 [main] INFO  testCases.Tc_loginDDT - loginfunctionality_DDT test starting
15:55:10.579 [main] INFO  testCases.Tc_loginDDT - User Data Input start
15:55:10.579 [main] INFO  testCases.Tc_loginDDT - username input
15:55:10.580 [main] ERROR testCases.Tc_loginDDT - Test case failed
15:55:10.581 [main] INFO  testCases.Tc_loginDDT - loginfunctionality_DDT test starting
15:55:10.581 [main] INFO  testCases.Tc_loginDDT - User Data Input start
15:55:10.581 [main] INFO  testCases.Tc_loginDDT - username input
15:55:10.582 [main] ERROR testCases.Tc_loginDDT - Test case failed
15:55:10.583 [main] INFO  testCases.Tc_loginDDT - loginfunctionality_DDT test starting
15:55:10.583 [main] INFO  testCases.Tc_loginDDT - User Data Input start
15:55:10.583 [main] INFO  testCases.Tc_loginDDT - username input
15:55:10.585 [main] ERROR testCases.Tc_loginDDT - Test case failed
15:55:10.585 [main] INFO  testCases.Tc_loginDDT - loginfunctionality_DDT test starting
15:55:10.585 [main] INFO  testCases.Tc_loginDDT - User Data Input start
15:55:10.585 [main] INFO  testCases.Tc_loginDDT - username input
15:55:10.587 [main] ERROR testCases.Tc_loginDDT - Test case failed
15:55:10.588 [main] INFO  testCases.Tc_loginDDT - loginfunctionality_DDT test starting
15:55:10.588 [main] INFO  testCases.Tc_loginDDT - User Data Input start
15:55:10.588 [main] INFO  testCases.Tc_loginDDT - username input
15:55:10.590 [main] ERROR testCases.Tc_loginDDT - Test case failed
15:55:10.590 [main] INFO  testCases.Tc_loginDDT - loginfunctionality_DDT test starting
15:55:10.590 [main] INFO  testCases.Tc_loginDDT - User Data Input start
15:55:10.590 [main] INFO  testCases.Tc_loginDDT - username input
15:55:10.592 [main] ERROR testCases.Tc_loginDDT - Test case failed
15:55:10.593 [main] INFO  testCases.Tc_loginDDT - loginfunctionality_DDT test starting
15:55:10.593 [main] INFO  testCases.Tc_loginDDT - User Data Input start
15:55:10.593 [main] INFO  testCases.Tc_loginDDT - username input
15:55:10.595 [main] ERROR testCases.Tc_loginDDT - Test case failed
15:55:10.596 [main] INFO  testCases.Tc_loginDDT - loginfunctionality_DDT test starting
15:55:10.596 [main] INFO  testCases.Tc_loginDDT - User Data Input start
15:55:10.596 [main] INFO  testCases.Tc_loginDDT - username input
15:55:10.598 [main] ERROR testCases.Tc_loginDDT - Test case failed
15:55:10.599 [main] INFO  testCases.Tc_loginDDT - loginfunctionality_DDT test starting
15:55:10.599 [main] INFO  testCases.Tc_loginDDT - User Data Input start
15:55:10.599 [main] INFO  testCases.Tc_loginDDT - username input
15:55:10.601 [main] ERROR testCases.Tc_loginDDT - Test case failed
15:55:10.602 [main] INFO  testCases.Tc_loginDDT - loginfunctionality_DDT test starting
15:55:10.602 [main] INFO  testCases.Tc_loginDDT - User Data Input start
15:55:10.602 [main] INFO  testCases.Tc_loginDDT - username input
15:55:10.604 [main] ERROR testCases.Tc_loginDDT - Test case failed
15:55:10.605 [main] INFO  testCases.Tc_loginDDT - loginfunctionality_DDT test starting
15:55:10.605 [main] INFO  testCases.Tc_loginDDT - User Data Input start
15:55:10.605 [main] INFO  testCases.Tc_loginDDT - username input
15:55:10.607 [main] ERROR testCases.Tc_loginDDT - Test case failed
15:55:10.608 [main] INFO  testCases.Tc_loginDDT - loginfunctionality_DDT test starting
15:55:10.609 [main] INFO  testCases.Tc_loginDDT - User Data Input start
15:55:10.609 [main] INFO  testCases.Tc_loginDDT - username input
15:55:10.611 [main] ERROR testCases.Tc_loginDDT - Test case failed
15:55:10.612 [main] INFO  testCases.Tc_loginDDT - loginfunctionality_DDT test starting
15:55:10.612 [main] INFO  testCases.Tc_loginDDT - User Data Input start
15:55:10.612 [main] INFO  testCases.Tc_loginDDT - username input
15:55:10.614 [main] ERROR testCases.Tc_loginDDT - Test case failed
15:55:10.615 [main] INFO  testCases.Tc_loginDDT - loginfunctionality_DDT test starting
15:55:10.615 [main] INFO  testCases.Tc_loginDDT - User Data Input start
15:55:10.615 [main] INFO  testCases.Tc_loginDDT - username input
15:55:10.617 [main] ERROR testCases.Tc_loginDDT - Test case failed
15:55:10.617 [main] INFO  testCases.Tc_loginDDT - loginfunctionality_DDT test starting
15:55:10.618 [main] INFO  testCases.Tc_loginDDT - User Data Input start
15:55:10.618 [main] INFO  testCases.Tc_loginDDT - username input
15:55:10.619 [main] ERROR testCases.Tc_loginDDT - Test case failed
15:55:10.620 [main] INFO  testCases.Tc_loginDDT - loginfunctionality_DDT test starting
15:55:10.620 [main] INFO  testCases.Tc_loginDDT - User Data Input start
15:55:10.620 [main] INFO  testCases.Tc_loginDDT - username input
15:55:10.622 [main] ERROR testCases.Tc_loginDDT - Test case failed
15:55:10.623 [main] INFO  testCases.Tc_loginDDT - loginfunctionality_DDT test starting
15:55:10.623 [main] INFO  testCases.Tc_loginDDT - User Data Input start
15:55:10.623 [main] INFO  testCases.Tc_loginDDT - username input
15:55:10.625 [main] ERROR testCases.Tc_loginDDT - Test case failed
15:55:10.626 [main] INFO  testCases.Tc_loginDDT - loginfunctionality_DDT test starting
15:55:10.626 [main] INFO  testCases.Tc_loginDDT - User Data Input start
15:55:10.626 [main] INFO  testCases.Tc_loginDDT - username input
15:55:10.628 [main] ERROR testCases.Tc_loginDDT - Test case failed
15:55:10.629 [main] INFO  testCases.Tc_loginDDT - loginfunctionality_DDT test starting
15:55:10.629 [main] INFO  testCases.Tc_loginDDT - User Data Input start
15:55:10.629 [main] INFO  testCases.Tc_loginDDT - username input
15:55:10.631 [main] ERROR testCases.Tc_loginDDT - Test case failed
15:55:10.632 [main] INFO  testCases.Tc_loginDDT - loginfunctionality_DDT test starting
15:55:10.632 [main] INFO  testCases.Tc_loginDDT - User Data Input start
15:55:10.632 [main] INFO  testCases.Tc_loginDDT - username input
15:55:10.634 [main] ERROR testCases.Tc_loginDDT - Test case failed
15:55:10.635 [main] INFO  testCases.Tc_loginDDT - loginfunctionality_DDT test starting
15:55:10.635 [main] INFO  testCases.Tc_loginDDT - User Data Input start
15:55:10.635 [main] INFO  testCases.Tc_loginDDT - username input
15:55:10.637 [main] ERROR testCases.Tc_loginDDT - Test case failed
15:55:10.638 [main] INFO  testCases.Tc_loginDDT - loginfunctionality_DDT test starting
15:55:10.638 [main] INFO  testCases.Tc_loginDDT - User Data Input start
15:55:10.638 [main] INFO  testCases.Tc_loginDDT - username input
15:55:10.640 [main] ERROR testCases.Tc_loginDDT - Test case failed
15:55:10.641 [main] INFO  testCases.Tc_loginDDT - loginfunctionality_DDT test starting
15:55:10.641 [main] INFO  testCases.Tc_loginDDT - User Data Input start
15:55:10.641 [main] INFO  testCases.Tc_loginDDT - username input
15:55:10.643 [main] ERROR testCases.Tc_loginDDT - Test case failed
15:55:10.644 [main] INFO  testCases.Tc_loginDDT - loginfunctionality_DDT test starting
15:55:10.644 [main] INFO  testCases.Tc_loginDDT - User Data Input start
15:55:10.644 [main] INFO  testCases.Tc_loginDDT - username input
15:55:10.647 [main] ERROR testCases.Tc_loginDDT - Test case failed
15:55:10.647 [main] INFO  testCases.Tc_loginDDT - loginfunctionality_DDT test starting
15:55:10.647 [main] INFO  testCases.Tc_loginDDT - User Data Input start
15:55:10.648 [main] INFO  testCases.Tc_loginDDT - username input
15:55:10.649 [main] ERROR testCases.Tc_loginDDT - Test case failed
15:55:10.650 [main] INFO  testCases.Tc_loginDDT - loginfunctionality_DDT test starting
15:55:10.650 [main] INFO  testCases.Tc_loginDDT - User Data Input start
15:55:10.650 [main] INFO  testCases.Tc_loginDDT - username input
15:55:10.652 [main] ERROR testCases.Tc_loginDDT - Test case failed
15:55:10.653 [main] INFO  testCases.Tc_loginDDT - loginfunctionality_DDT test starting
15:55:10.653 [main] INFO  testCases.Tc_loginDDT - User Data Input start
15:55:10.653 [main] INFO  testCases.Tc_loginDDT - username input
15:55:10.655 [main] ERROR testCases.Tc_loginDDT - Test case failed
15:55:10.656 [main] INFO  testCases.Tc_loginDDT - loginfunctionality_DDT test starting
15:55:10.656 [main] INFO  testCases.Tc_loginDDT - User Data Input start
15:55:10.656 [main] INFO  testCases.Tc_loginDDT - username input
15:55:10.658 [main] ERROR testCases.Tc_loginDDT - Test case failed
15:55:10.659 [main] INFO  testCases.Tc_loginDDT - loginfunctionality_DDT test starting
15:55:10.659 [main] INFO  testCases.Tc_loginDDT - User Data Input start
15:55:10.659 [main] INFO  testCases.Tc_loginDDT - username input
15:55:10.661 [main] ERROR testCases.Tc_loginDDT - Test case failed
15:55:10.662 [main] INFO  testCases.Tc_loginDDT - loginfunctionality_DDT test starting
15:55:10.662 [main] INFO  testCases.Tc_loginDDT - User Data Input start
15:55:10.662 [main] INFO  testCases.Tc_loginDDT - username input
15:55:10.664 [main] ERROR testCases.Tc_loginDDT - Test case failed
15:55:10.664 [main] INFO  testCases.Tc_loginDDT - loginfunctionality_DDT test starting
15:55:10.665 [main] INFO  testCases.Tc_loginDDT - User Data Input start
15:55:10.665 [main] INFO  testCases.Tc_loginDDT - username input
15:55:10.667 [main] ERROR testCases.Tc_loginDDT - Test case failed
15:55:10.668 [main] INFO  testCases.Tc_loginDDT - loginfunctionality_DDT test starting
15:55:10.668 [main] INFO  testCases.Tc_loginDDT - User Data Input start
15:55:10.668 [main] INFO  testCases.Tc_loginDDT - username input
15:55:10.671 [main] ERROR testCases.Tc_loginDDT - Test case failed
15:55:10.671 [main] INFO  testCases.Tc_loginDDT - loginfunctionality_DDT test starting
15:55:10.672 [main] INFO  testCases.Tc_loginDDT - User Data Input start
15:55:10.672 [main] INFO  testCases.Tc_loginDDT - username input
15:55:10.673 [main] ERROR testCases.Tc_loginDDT - Test case failed
15:55:10.674 [main] INFO  testCases.Tc_loginDDT - loginfunctionality_DDT test starting
15:55:10.674 [main] INFO  testCases.Tc_loginDDT - User Data Input start
15:55:10.674 [main] INFO  testCases.Tc_loginDDT - username input
15:55:10.677 [main] ERROR testCases.Tc_loginDDT - Test case failed
15:55:10.678 [main] INFO  testCases.Tc_loginDDT - loginfunctionality_DDT test starting
15:55:10.678 [main] INFO  testCases.Tc_loginDDT - User Data Input start
15:55:10.678 [main] INFO  testCases.Tc_loginDDT - username input
15:55:10.680 [main] ERROR testCases.Tc_loginDDT - Test case failed
15:55:10.680 [main] INFO  testCases.Tc_loginDDT - loginfunctionality_DDT test starting
15:55:10.681 [main] INFO  testCases.Tc_loginDDT - User Data Input start
15:55:10.681 [main] INFO  testCases.Tc_loginDDT - username input
15:55:10.682 [main] ERROR testCases.Tc_loginDDT - Test case failed
15:55:10.683 [main] INFO  testCases.Tc_loginDDT - loginfunctionality_DDT test starting
15:55:10.683 [main] INFO  testCases.Tc_loginDDT - User Data Input start
15:55:10.683 [main] INFO  testCases.Tc_loginDDT - username input
15:55:10.685 [main] ERROR testCases.Tc_loginDDT - Test case failed
15:55:10.686 [main] INFO  testCases.Tc_loginDDT - loginfunctionality_DDT test starting
15:55:10.686 [main] INFO  testCases.Tc_loginDDT - User Data Input start
15:55:10.686 [main] INFO  testCases.Tc_loginDDT - username input
15:55:10.688 [main] ERROR testCases.Tc_loginDDT - Test case failed
15:55:10.688 [main] INFO  testCases.Tc_loginDDT - loginfunctionality_DDT test starting
15:55:10.688 [main] INFO  testCases.Tc_loginDDT - User Data Input start
15:55:10.688 [main] INFO  testCases.Tc_loginDDT - username input
15:55:10.690 [main] ERROR testCases.Tc_loginDDT - Test case failed
15:55:10.691 [main] INFO  testCases.Tc_loginDDT - loginfunctionality_DDT test starting
15:55:10.691 [main] INFO  testCases.Tc_loginDDT - User Data Input start
15:55:10.691 [main] INFO  testCases.Tc_loginDDT - username input
15:55:10.694 [main] ERROR testCases.Tc_loginDDT - Test case failed
15:55:10.694 [main] INFO  testCases.Tc_loginDDT - loginfunctionality_DDT test starting
15:55:10.694 [main] INFO  testCases.Tc_loginDDT - User Data Input start
15:55:10.694 [main] INFO  testCases.Tc_loginDDT - username input
15:55:10.696 [main] ERROR testCases.Tc_loginDDT - Test case failed
15:55:10.697 [main] INFO  testCases.Tc_loginDDT - loginfunctionality_DDT test starting
15:55:10.697 [main] INFO  testCases.Tc_loginDDT - User Data Input start
15:55:10.697 [main] INFO  testCases.Tc_loginDDT - username input
15:55:10.699 [main] ERROR testCases.Tc_loginDDT - Test case failed
15:55:10.700 [main] INFO  testCases.Tc_loginDDT - loginfunctionality_DDT test starting
15:55:10.700 [main] INFO  testCases.Tc_loginDDT - User Data Input start
15:55:10.700 [main] INFO  testCases.Tc_loginDDT - username input
15:55:10.702 [main] ERROR testCases.Tc_loginDDT - Test case failed
15:55:10.702 [main] INFO  testCases.Tc_loginDDT - loginfunctionality_DDT test starting
15:55:10.702 [main] INFO  testCases.Tc_loginDDT - User Data Input start
15:55:10.702 [main] INFO  testCases.Tc_loginDDT - username input
15:55:10.704 [main] ERROR testCases.Tc_loginDDT - Test case failed
15:55:10.705 [main] INFO  testCases.Tc_loginDDT - loginfunctionality_DDT test starting
15:55:10.705 [main] INFO  testCases.Tc_loginDDT - User Data Input start
15:55:10.705 [main] INFO  testCases.Tc_loginDDT - username input
15:55:10.707 [main] ERROR testCases.Tc_loginDDT - Test case failed
15:55:10.708 [main] INFO  testCases.Tc_loginDDT - loginfunctionality_DDT test starting
15:55:10.708 [main] INFO  testCases.Tc_loginDDT - User Data Input start
15:55:10.708 [main] INFO  testCases.Tc_loginDDT - username input
15:55:10.710 [main] ERROR testCases.Tc_loginDDT - Test case failed
15:55:10.711 [main] INFO  testCases.Tc_loginDDT - loginfunctionality_DDT test starting
15:55:10.711 [main] INFO  testCases.Tc_loginDDT - User Data Input start
15:55:10.711 [main] INFO  testCases.Tc_loginDDT - username input
15:55:10.713 [main] ERROR testCases.Tc_loginDDT - Test case failed
15:55:10.713 [main] INFO  testCases.Tc_loginDDT - loginfunctionality_DDT test starting
15:55:10.714 [main] INFO  testCases.Tc_loginDDT - User Data Input start
15:55:10.714 [main] INFO  testCases.Tc_loginDDT - username input
15:55:10.715 [main] ERROR testCases.Tc_loginDDT - Test case failed
15:55:10.716 [main] INFO  testCases.Tc_loginDDT - loginfunctionality_DDT test starting
15:55:10.716 [main] INFO  testCases.Tc_loginDDT - User Data Input start
15:55:10.716 [main] INFO  testCases.Tc_loginDDT - username input
15:55:10.718 [main] ERROR testCases.Tc_loginDDT - Test case failed
15:55:10.718 [main] INFO  testCases.Tc_loginDDT - loginfunctionality_DDT test starting
15:55:10.719 [main] INFO  testCases.Tc_loginDDT - User Data Input start
15:55:10.719 [main] INFO  testCases.Tc_loginDDT - username input
15:55:10.721 [main] ERROR testCases.Tc_loginDDT - Test case failed
15:55:10.722 [main] INFO  testCases.Tc_loginDDT - loginfunctionality_DDT test starting
15:55:10.722 [main] INFO  testCases.Tc_loginDDT - User Data Input start
15:55:10.722 [main] INFO  testCases.Tc_loginDDT - username input
15:55:10.724 [main] ERROR testCases.Tc_loginDDT - Test case failed
15:55:10.725 [main] INFO  testCases.Tc_loginDDT - loginfunctionality_DDT test starting
15:55:10.726 [main] INFO  testCases.Tc_loginDDT - User Data Input start
15:55:10.726 [main] INFO  testCases.Tc_loginDDT - username input
15:55:10.728 [main] ERROR testCases.Tc_loginDDT - Test case failed
15:55:10.729 [main] INFO  testCases.Tc_loginDDT - loginfunctionality_DDT test starting
15:55:10.729 [main] INFO  testCases.Tc_loginDDT - User Data Input start
15:55:10.729 [main] INFO  testCases.Tc_loginDDT - username input
15:55:10.732 [main] ERROR testCases.Tc_loginDDT - Test case failed
15:55:10.733 [main] INFO  testCases.Tc_loginDDT - loginfunctionality_DDT test starting
15:55:10.733 [main] INFO  testCases.Tc_loginDDT - User Data Input start
15:55:10.733 [main] INFO  testCases.Tc_loginDDT - username input
15:55:10.735 [main] ERROR testCases.Tc_loginDDT - Test case failed
15:55:10.736 [main] INFO  testCases.Tc_loginDDT - loginfunctionality_DDT test starting
15:55:10.736 [main] INFO  testCases.Tc_loginDDT - User Data Input start
15:55:10.736 [main] INFO  testCases.Tc_loginDDT - username input
15:55:10.738 [main] ERROR testCases.Tc_loginDDT - Test case failed
15:55:10.739 [main] INFO  testCases.Tc_loginDDT - loginfunctionality_DDT test starting
15:55:10.739 [main] INFO  testCases.Tc_loginDDT - User Data Input start
15:55:10.739 [main] INFO  testCases.Tc_loginDDT - username input
15:55:10.741 [main] ERROR testCases.Tc_loginDDT - Test case failed
15:55:10.742 [main] INFO  testCases.Tc_loginDDT - loginfunctionality_DDT test starting
15:55:10.742 [main] INFO  testCases.Tc_loginDDT - User Data Input start
15:55:10.742 [main] INFO  testCases.Tc_loginDDT - username input
15:55:10.744 [main] ERROR testCases.Tc_loginDDT - Test case failed
15:55:10.745 [main] INFO  testCases.Tc_loginDDT - loginfunctionality_DDT test starting
15:55:10.745 [main] INFO  testCases.Tc_loginDDT - User Data Input start
15:55:10.745 [main] INFO  testCases.Tc_loginDDT - username input
15:55:10.747 [main] ERROR testCases.Tc_loginDDT - Test case failed
15:55:10.748 [main] INFO  testCases.Tc_loginDDT - loginfunctionality_DDT test starting
15:55:10.748 [main] INFO  testCases.Tc_loginDDT - User Data Input start
15:55:10.748 [main] INFO  testCases.Tc_loginDDT - username input
15:55:10.750 [main] ERROR testCases.Tc_loginDDT - Test case failed
15:55:10.751 [main] INFO  testCases.Tc_loginDDT - loginfunctionality_DDT test starting
15:55:10.751 [main] INFO  testCases.Tc_loginDDT - User Data Input start
15:55:10.751 [main] INFO  testCases.Tc_loginDDT - username input
15:55:10.754 [main] ERROR testCases.Tc_loginDDT - Test case failed
15:55:10.755 [main] INFO  testCases.Tc_loginDDT - loginfunctionality_DDT test starting
15:55:10.755 [main] INFO  testCases.Tc_loginDDT - User Data Input start
15:55:10.755 [main] INFO  testCases.Tc_loginDDT - username input
15:55:10.759 [main] ERROR testCases.Tc_loginDDT - Test case failed
15:55:10.760 [main] INFO  testCases.Tc_loginDDT - loginfunctionality_DDT test starting
15:55:10.760 [main] INFO  testCases.Tc_loginDDT - User Data Input start
15:55:10.760 [main] INFO  testCases.Tc_loginDDT - username input
15:55:10.763 [main] ERROR testCases.Tc_loginDDT - Test case failed
15:55:10.764 [main] INFO  testCases.Tc_loginDDT - loginfunctionality_DDT test starting
15:55:10.764 [main] INFO  testCases.Tc_loginDDT - User Data Input start
15:55:10.764 [main] INFO  testCases.Tc_loginDDT - username input
15:55:10.767 [main] ERROR testCases.Tc_loginDDT - Test case failed
15:55:10.768 [main] INFO  testCases.Tc_loginDDT - loginfunctionality_DDT test starting
15:55:10.768 [main] INFO  testCases.Tc_loginDDT - User Data Input start
15:55:10.768 [main] INFO  testCases.Tc_loginDDT - username input
15:55:10.771 [main] ERROR testCases.Tc_loginDDT - Test case failed
15:55:10.772 [main] INFO  testCases.Tc_loginDDT - loginfunctionality_DDT test starting
15:55:10.772 [main] INFO  testCases.Tc_loginDDT - User Data Input start
15:55:10.772 [main] INFO  testCases.Tc_loginDDT - username input
15:55:10.775 [main] ERROR testCases.Tc_loginDDT - Test case failed
15:55:10.776 [main] INFO  testCases.Tc_loginDDT - loginfunctionality_DDT test starting
15:55:10.776 [main] INFO  testCases.Tc_loginDDT - User Data Input start
15:55:10.776 [main] INFO  testCases.Tc_loginDDT - username input
15:55:10.779 [main] ERROR testCases.Tc_loginDDT - Test case failed
15:55:10.779 [main] INFO  testCases.Tc_loginDDT - loginfunctionality_DDT test starting
15:55:10.780 [main] INFO  testCases.Tc_loginDDT - User Data Input start
15:55:10.780 [main] INFO  testCases.Tc_loginDDT - username input
15:55:10.782 [main] ERROR testCases.Tc_loginDDT - Test case failed
15:55:10.783 [main] INFO  testCases.Tc_loginDDT - loginfunctionality_DDT test starting
15:55:10.783 [main] INFO  testCases.Tc_loginDDT - User Data Input start
15:55:10.783 [main] INFO  testCases.Tc_loginDDT - username input
15:55:10.786 [main] ERROR testCases.Tc_loginDDT - Test case failed
15:55:10.787 [main] INFO  testCases.Tc_loginDDT - loginfunctionality_DDT test starting
15:55:10.787 [main] INFO  testCases.Tc_loginDDT - User Data Input start
15:55:10.787 [main] INFO  testCases.Tc_loginDDT - username input
15:55:10.789 [main] ERROR testCases.Tc_loginDDT - Test case failed
15:55:10.790 [main] INFO  testCases.Tc_loginDDT - loginfunctionality_DDT test starting
15:55:10.790 [main] INFO  testCases.Tc_loginDDT - User Data Input start
15:55:10.790 [main] INFO  testCases.Tc_loginDDT - username input
15:55:10.792 [main] ERROR testCases.Tc_loginDDT - Test case failed
15:55:10.793 [main] INFO  testCases.Tc_loginDDT - loginfunctionality_DDT test starting
15:55:10.793 [main] INFO  testCases.Tc_loginDDT - User Data Input start
15:55:10.793 [main] INFO  testCases.Tc_loginDDT - username input
15:55:10.794 [main] ERROR testCases.Tc_loginDDT - Test case failed
15:55:10.795 [main] INFO  testCases.Tc_loginDDT - loginfunctionality_DDT test starting
15:55:10.795 [main] INFO  testCases.Tc_loginDDT - User Data Input start
15:55:10.795 [main] INFO  testCases.Tc_loginDDT - username input
15:55:10.797 [main] ERROR testCases.Tc_loginDDT - Test case failed
15:55:10.798 [main] INFO  testCases.Tc_loginDDT - loginfunctionality_DDT test starting
15:55:10.798 [main] INFO  testCases.Tc_loginDDT - User Data Input start
15:55:10.798 [main] INFO  testCases.Tc_loginDDT - username input
15:55:10.800 [main] ERROR testCases.Tc_loginDDT - Test case failed
15:55:10.801 [main] INFO  testCases.Tc_loginDDT - loginfunctionality_DDT test starting
15:55:10.801 [main] INFO  testCases.Tc_loginDDT - User Data Input start
15:55:10.801 [main] INFO  testCases.Tc_loginDDT - username input
15:55:10.804 [main] ERROR testCases.Tc_loginDDT - Test case failed
15:55:10.805 [main] INFO  testCases.Tc_loginDDT - loginfunctionality_DDT test starting
15:55:10.805 [main] INFO  testCases.Tc_loginDDT - User Data Input start
15:55:10.805 [main] INFO  testCases.Tc_loginDDT - username input
15:55:10.807 [main] ERROR testCases.Tc_loginDDT - Test case failed
15:55:10.808 [main] INFO  testCases.Tc_loginDDT - loginfunctionality_DDT test starting
15:55:10.808 [main] INFO  testCases.Tc_loginDDT - User Data Input start
15:55:10.808 [main] INFO  testCases.Tc_loginDDT - username input
15:55:10.810 [main] ERROR testCases.Tc_loginDDT - Test case failed
15:55:10.811 [main] INFO  testCases.Tc_loginDDT - loginfunctionality_DDT test starting
15:55:10.812 [main] INFO  testCases.Tc_loginDDT - User Data Input start
15:55:10.812 [main] INFO  testCases.Tc_loginDDT - username input
15:55:10.814 [main] ERROR testCases.Tc_loginDDT - Test case failed
15:55:10.814 [main] INFO  testCases.Tc_loginDDT - loginfunctionality_DDT test starting
15:55:10.815 [main] INFO  testCases.Tc_loginDDT - User Data Input start
15:55:10.815 [main] INFO  testCases.Tc_loginDDT - username input
15:55:10.817 [main] ERROR testCases.Tc_loginDDT - Test case failed
15:55:10.818 [main] INFO  testCases.Tc_loginDDT - loginfunctionality_DDT test starting
15:55:10.818 [main] INFO  testCases.Tc_loginDDT - User Data Input start
15:55:10.818 [main] INFO  testCases.Tc_loginDDT - username input
15:55:10.821 [main] ERROR testCases.Tc_loginDDT - Test case failed
15:55:10.822 [main] INFO  testCases.Tc_loginDDT - loginfunctionality_DDT test starting
15:55:10.822 [main] INFO  testCases.Tc_loginDDT - User Data Input start
15:55:10.822 [main] INFO  testCases.Tc_loginDDT - username input
15:55:10.824 [main] ERROR testCases.Tc_loginDDT - Test case failed
15:55:10.825 [main] INFO  testCases.Tc_loginDDT - loginfunctionality_DDT test starting
15:55:10.826 [main] INFO  testCases.Tc_loginDDT - User Data Input start
15:55:10.826 [main] INFO  testCases.Tc_loginDDT - username input
15:55:10.828 [main] ERROR testCases.Tc_loginDDT - Test case failed
15:55:10.829 [main] INFO  testCases.Tc_loginDDT - loginfunctionality_DDT test starting
15:55:10.829 [main] INFO  testCases.Tc_loginDDT - User Data Input start
15:55:10.829 [main] INFO  testCases.Tc_loginDDT - username input
15:55:10.831 [main] ERROR testCases.Tc_loginDDT - Test case failed
15:55:10.832 [main] INFO  testCases.Tc_loginDDT - loginfunctionality_DDT test starting
15:55:10.832 [main] INFO  testCases.Tc_loginDDT - User Data Input start
15:55:10.832 [main] INFO  testCases.Tc_loginDDT - username input
15:55:10.834 [main] ERROR testCases.Tc_loginDDT - Test case failed
15:55:10.835 [main] INFO  testCases.Tc_loginDDT - loginfunctionality_DDT test starting
15:55:10.835 [main] INFO  testCases.Tc_loginDDT - User Data Input start
15:55:10.835 [main] INFO  testCases.Tc_loginDDT - username input
15:55:10.837 [main] ERROR testCases.Tc_loginDDT - Test case failed
15:55:10.838 [main] INFO  testCases.Tc_loginDDT - loginfunctionality_DDT test starting
15:55:10.838 [main] INFO  testCases.Tc_loginDDT - User Data Input start
15:55:10.838 [main] INFO  testCases.Tc_loginDDT - username input
15:55:10.840 [main] ERROR testCases.Tc_loginDDT - Test case failed
15:55:10.841 [main] INFO  testCases.Tc_loginDDT - loginfunctionality_DDT test starting
15:55:10.841 [main] INFO  testCases.Tc_loginDDT - User Data Input start
15:55:10.842 [main] INFO  testCases.Tc_loginDDT - username input
15:55:10.844 [main] ERROR testCases.Tc_loginDDT - Test case failed
15:55:10.845 [main] INFO  testCases.Tc_loginDDT - loginfunctionality_DDT test starting
15:55:10.845 [main] INFO  testCases.Tc_loginDDT - User Data Input start
15:55:10.845 [main] INFO  testCases.Tc_loginDDT - username input
15:55:10.848 [main] ERROR testCases.Tc_loginDDT - Test case failed
15:55:10.849 [main] INFO  testCases.Tc_loginDDT - loginfunctionality_DDT test starting
15:55:10.849 [main] INFO  testCases.Tc_loginDDT - User Data Input start
15:55:10.849 [main] INFO  testCases.Tc_loginDDT - username input
15:55:10.852 [main] ERROR testCases.Tc_loginDDT - Test case failed
15:55:10.853 [main] INFO  testCases.Tc_loginDDT - loginfunctionality_DDT test starting
15:55:10.853 [main] INFO  testCases.Tc_loginDDT - User Data Input start
15:55:10.853 [main] INFO  testCases.Tc_loginDDT - username input
15:55:10.856 [main] ERROR testCases.Tc_loginDDT - Test case failed
15:55:10.859 [main] INFO  testCases.Tc_loginDDT - loginfunctionality_DDT test starting
15:55:10.859 [main] INFO  testCases.Tc_loginDDT - User Data Input start
15:55:10.859 [main] INFO  testCases.Tc_loginDDT - username input
15:55:10.862 [main] ERROR testCases.Tc_loginDDT - Test case failed
15:55:10.863 [main] INFO  testCases.Tc_loginDDT - loginfunctionality_DDT test starting
15:55:10.863 [main] INFO  testCases.Tc_loginDDT - User Data Input start
15:55:10.863 [main] INFO  testCases.Tc_loginDDT - username input
15:55:10.866 [main] ERROR testCases.Tc_loginDDT - Test case failed
15:55:10.867 [main] INFO  testCases.Tc_loginDDT - loginfunctionality_DDT test starting
15:55:10.867 [main] INFO  testCases.Tc_loginDDT - User Data Input start
15:55:10.867 [main] INFO  testCases.Tc_loginDDT - username input
15:55:10.870 [main] ERROR testCases.Tc_loginDDT - Test case failed
15:55:10.872 [main] INFO  testCases.Tc_loginDDT - loginfunctionality_DDT test starting
15:55:10.872 [main] INFO  testCases.Tc_loginDDT - User Data Input start
15:55:10.872 [main] INFO  testCases.Tc_loginDDT - username input
15:55:10.874 [main] ERROR testCases.Tc_loginDDT - Test case failed
15:55:10.876 [main] INFO  testCases.Tc_loginDDT - loginfunctionality_DDT test starting
15:55:10.876 [main] INFO  testCases.Tc_loginDDT - User Data Input start
15:55:10.876 [main] INFO  testCases.Tc_loginDDT - username input
15:55:10.878 [main] ERROR testCases.Tc_loginDDT - Test case failed
15:55:10.879 [main] INFO  testCases.Tc_loginDDT - loginfunctionality_DDT test starting
15:55:10.879 [main] INFO  testCases.Tc_loginDDT - User Data Input start
15:55:10.879 [main] INFO  testCases.Tc_loginDDT - username input
15:55:10.881 [main] ERROR testCases.Tc_loginDDT - Test case failed
15:55:10.882 [main] INFO  testCases.Tc_loginDDT - loginfunctionality_DDT test starting
15:55:10.882 [main] INFO  testCases.Tc_loginDDT - User Data Input start
15:55:10.882 [main] INFO  testCases.Tc_loginDDT - username input
15:55:10.885 [main] ERROR testCases.Tc_loginDDT - Test case failed
15:55:10.886 [main] INFO  testCases.Tc_loginDDT - loginfunctionality_DDT test starting
15:55:10.886 [main] INFO  testCases.Tc_loginDDT - User Data Input start
15:55:10.886 [main] INFO  testCases.Tc_loginDDT - username input
15:55:10.888 [main] ERROR testCases.Tc_loginDDT - Test case failed
15:55:10.889 [main] INFO  testCases.Tc_loginDDT - loginfunctionality_DDT test starting
15:55:10.889 [main] INFO  testCases.Tc_loginDDT - User Data Input start
15:55:10.890 [main] INFO  testCases.Tc_loginDDT - username input
15:55:10.892 [main] ERROR testCases.Tc_loginDDT - Test case failed
15:55:10.893 [main] INFO  testCases.Tc_loginDDT - loginfunctionality_DDT test starting
15:55:10.893 [main] INFO  testCases.Tc_loginDDT - User Data Input start
15:55:10.893 [main] INFO  testCases.Tc_loginDDT - username input
15:55:10.895 [main] ERROR testCases.Tc_loginDDT - Test case failed
15:55:10.896 [main] INFO  testCases.Tc_loginDDT - loginfunctionality_DDT test starting
15:55:10.896 [main] INFO  testCases.Tc_loginDDT - User Data Input start
15:55:10.896 [main] INFO  testCases.Tc_loginDDT - username input
15:55:10.899 [main] ERROR testCases.Tc_loginDDT - Test case failed
15:55:10.900 [main] INFO  testCases.Tc_loginDDT - loginfunctionality_DDT test starting
15:55:10.900 [main] INFO  testCases.Tc_loginDDT - User Data Input start
15:55:10.900 [main] INFO  testCases.Tc_loginDDT - username input
15:55:10.902 [main] ERROR testCases.Tc_loginDDT - Test case failed
15:55:10.903 [main] INFO  testCases.Tc_loginDDT - loginfunctionality_DDT test starting
15:55:10.904 [main] INFO  testCases.Tc_loginDDT - User Data Input start
15:55:10.904 [main] INFO  testCases.Tc_loginDDT - username input
15:55:10.906 [main] ERROR testCases.Tc_loginDDT - Test case failed
15:55:10.907 [main] INFO  testCases.Tc_loginDDT - loginfunctionality_DDT test starting
15:55:10.907 [main] INFO  testCases.Tc_loginDDT - User Data Input start
15:55:10.907 [main] INFO  testCases.Tc_loginDDT - username input
15:55:10.910 [main] ERROR testCases.Tc_loginDDT - Test case failed
15:55:10.911 [main] INFO  testCases.Tc_loginDDT - loginfunctionality_DDT test starting
15:55:10.912 [main] INFO  testCases.Tc_loginDDT - User Data Input start
15:55:10.912 [main] INFO  testCases.Tc_loginDDT - username input
15:55:10.914 [main] ERROR testCases.Tc_loginDDT - Test case failed
15:55:10.916 [main] INFO  testCases.Tc_loginDDT - loginfunctionality_DDT test starting
15:55:10.916 [main] INFO  testCases.Tc_loginDDT - User Data Input start
15:55:10.916 [main] INFO  testCases.Tc_loginDDT - username input
15:55:10.919 [main] ERROR testCases.Tc_loginDDT - Test case failed
15:55:10.920 [main] INFO  testCases.Tc_loginDDT - loginfunctionality_DDT test starting
15:55:10.920 [main] INFO  testCases.Tc_loginDDT - User Data Input start
15:55:10.920 [main] INFO  testCases.Tc_loginDDT - username input
15:55:10.922 [main] ERROR testCases.Tc_loginDDT - Test case failed
15:55:10.923 [main] INFO  testCases.Tc_loginDDT - loginfunctionality_DDT test starting
15:55:10.923 [main] INFO  testCases.Tc_loginDDT - User Data Input start
15:55:10.923 [main] INFO  testCases.Tc_loginDDT - username input
15:55:10.925 [main] ERROR testCases.Tc_loginDDT - Test case failed
15:55:10.926 [main] INFO  testCases.Tc_loginDDT - loginfunctionality_DDT test starting
15:55:10.926 [main] INFO  testCases.Tc_loginDDT - User Data Input start
15:55:10.926 [main] INFO  testCases.Tc_loginDDT - username input
15:55:10.929 [main] ERROR testCases.Tc_loginDDT - Test case failed
15:55:10.930 [main] INFO  testCases.Tc_loginDDT - loginfunctionality_DDT test starting
15:55:10.930 [main] INFO  testCases.Tc_loginDDT - User Data Input start
15:55:10.930 [main] INFO  testCases.Tc_loginDDT - username input
15:55:10.932 [main] ERROR testCases.Tc_loginDDT - Test case failed
15:55:10.934 [main] INFO  testCases.Tc_loginDDT - loginfunctionality_DDT test starting
15:55:10.934 [main] INFO  testCases.Tc_loginDDT - User Data Input start
15:55:10.934 [main] INFO  testCases.Tc_loginDDT - username input
15:55:10.937 [main] ERROR testCases.Tc_loginDDT - Test case failed
15:55:10.938 [main] INFO  testCases.Tc_loginDDT - loginfunctionality_DDT test starting
15:55:10.938 [main] INFO  testCases.Tc_loginDDT - User Data Input start
15:55:10.938 [main] INFO  testCases.Tc_loginDDT - username input
15:55:10.941 [main] ERROR testCases.Tc_loginDDT - Test case failed
15:55:10.942 [main] INFO  testCases.Tc_loginDDT - loginfunctionality_DDT test starting
15:55:10.943 [main] INFO  testCases.Tc_loginDDT - User Data Input start
15:55:10.943 [main] INFO  testCases.Tc_loginDDT - username input
15:55:10.945 [main] ERROR testCases.Tc_loginDDT - Test case failed
15:55:10.946 [main] INFO  testCases.Tc_loginDDT - loginfunctionality_DDT test starting
15:55:10.946 [main] INFO  testCases.Tc_loginDDT - User Data Input start
15:55:10.946 [main] INFO  testCases.Tc_loginDDT - username input
15:55:10.949 [main] ERROR testCases.Tc_loginDDT - Test case failed
15:55:10.950 [main] INFO  testCases.Tc_loginDDT - loginfunctionality_DDT test starting
15:55:10.950 [main] INFO  testCases.Tc_loginDDT - User Data Input start
15:55:10.950 [main] INFO  testCases.Tc_loginDDT - username input
15:55:10.953 [main] ERROR testCases.Tc_loginDDT - Test case failed
15:55:10.954 [main] INFO  testCases.Tc_loginDDT - loginfunctionality_DDT test starting
15:55:10.954 [main] INFO  testCases.Tc_loginDDT - User Data Input start
15:55:10.954 [main] INFO  testCases.Tc_loginDDT - username input
15:55:10.956 [main] ERROR testCases.Tc_loginDDT - Test case failed
15:55:10.957 [main] INFO  testCases.Tc_loginDDT - loginfunctionality_DDT test starting
15:55:10.957 [main] INFO  testCases.Tc_loginDDT - User Data Input start
15:55:10.957 [main] INFO  testCases.Tc_loginDDT - username input
15:55:10.960 [main] ERROR testCases.Tc_loginDDT - Test case failed
15:55:10.960 [main] INFO  testCases.Tc_loginDDT - loginfunctionality_DDT test starting
15:55:10.961 [main] INFO  testCases.Tc_loginDDT - User Data Input start
15:55:10.961 [main] INFO  testCases.Tc_loginDDT - username input
15:55:10.962 [main] ERROR testCases.Tc_loginDDT - Test case failed
15:55:10.963 [main] INFO  testCases.Tc_loginDDT - loginfunctionality_DDT test starting
15:55:10.963 [main] INFO  testCases.Tc_loginDDT - User Data Input start
15:55:10.963 [main] INFO  testCases.Tc_loginDDT - username input
15:55:10.965 [main] ERROR testCases.Tc_loginDDT - Test case failed
15:55:10.966 [main] INFO  testCases.Tc_loginDDT - loginfunctionality_DDT test starting
15:55:10.966 [main] INFO  testCases.Tc_loginDDT - User Data Input start
15:55:10.966 [main] INFO  testCases.Tc_loginDDT - username input
15:55:10.969 [main] ERROR testCases.Tc_loginDDT - Test case failed
15:55:10.970 [main] INFO  testCases.Tc_loginDDT - loginfunctionality_DDT test starting
15:55:10.971 [main] INFO  testCases.Tc_loginDDT - User Data Input start
15:55:10.971 [main] INFO  testCases.Tc_loginDDT - username input
15:55:10.973 [main] ERROR testCases.Tc_loginDDT - Test case failed
15:55:10.974 [main] INFO  testCases.Tc_loginDDT - loginfunctionality_DDT test starting
15:55:10.974 [main] INFO  testCases.Tc_loginDDT - User Data Input start
15:55:10.974 [main] INFO  testCases.Tc_loginDDT - username input
15:55:10.977 [main] ERROR testCases.Tc_loginDDT - Test case failed
15:55:10.977 [main] INFO  testCases.Tc_loginDDT - loginfunctionality_DDT test starting
15:55:10.978 [main] INFO  testCases.Tc_loginDDT - User Data Input start
15:55:10.978 [main] INFO  testCases.Tc_loginDDT - username input
15:55:10.980 [main] ERROR testCases.Tc_loginDDT - Test case failed
15:55:10.981 [main] INFO  testCases.Tc_loginDDT - loginfunctionality_DDT test starting
15:55:10.981 [main] INFO  testCases.Tc_loginDDT - User Data Input start
15:55:10.981 [main] INFO  testCases.Tc_loginDDT - username input
15:55:10.984 [main] ERROR testCases.Tc_loginDDT - Test case failed
15:55:10.985 [main] INFO  testCases.Tc_loginDDT - loginfunctionality_DDT test starting
15:55:10.985 [main] INFO  testCases.Tc_loginDDT - User Data Input start
15:55:10.985 [main] INFO  testCases.Tc_loginDDT - username input
15:55:10.988 [main] ERROR testCases.Tc_loginDDT - Test case failed
15:55:10.989 [main] INFO  testCases.Tc_loginDDT - loginfunctionality_DDT test starting
15:55:10.989 [main] INFO  testCases.Tc_loginDDT - User Data Input start
15:55:10.989 [main] INFO  testCases.Tc_loginDDT - username input
15:55:10.991 [main] ERROR testCases.Tc_loginDDT - Test case failed
15:55:10.993 [main] INFO  testCases.Tc_loginDDT - loginfunctionality_DDT test starting
15:55:10.993 [main] INFO  testCases.Tc_loginDDT - User Data Input start
15:55:10.993 [main] INFO  testCases.Tc_loginDDT - username input
15:55:10.995 [main] ERROR testCases.Tc_loginDDT - Test case failed
15:55:10.996 [main] INFO  testCases.Tc_loginDDT - loginfunctionality_DDT test starting
15:55:10.996 [main] INFO  testCases.Tc_loginDDT - User Data Input start
15:55:10.996 [main] INFO  testCases.Tc_loginDDT - username input
15:55:10.999 [main] ERROR testCases.Tc_loginDDT - Test case failed
15:55:11.000 [main] INFO  testCases.Tc_loginDDT - loginfunctionality_DDT test starting
15:55:11.000 [main] INFO  testCases.Tc_loginDDT - User Data Input start
15:55:11.000 [main] INFO  testCases.Tc_loginDDT - username input
15:55:11.002 [main] ERROR testCases.Tc_loginDDT - Test case failed
15:55:11.003 [main] INFO  testCases.Tc_loginDDT - loginfunctionality_DDT test starting
15:55:11.003 [main] INFO  testCases.Tc_loginDDT - User Data Input start
15:55:11.003 [main] INFO  testCases.Tc_loginDDT - username input
15:55:11.006 [main] ERROR testCases.Tc_loginDDT - Test case failed
15:55:11.007 [main] INFO  testCases.Tc_loginDDT - loginfunctionality_DDT test starting
15:55:11.007 [main] INFO  testCases.Tc_loginDDT - User Data Input start
15:55:11.007 [main] INFO  testCases.Tc_loginDDT - username input
15:55:11.009 [main] ERROR testCases.Tc_loginDDT - Test case failed
15:55:11.010 [main] INFO  testCases.Tc_loginDDT - loginfunctionality_DDT test starting
15:55:11.010 [main] INFO  testCases.Tc_loginDDT - User Data Input start
15:55:11.010 [main] INFO  testCases.Tc_loginDDT - username input
15:55:11.012 [main] ERROR testCases.Tc_loginDDT - Test case failed
15:55:11.013 [main] INFO  testCases.Tc_loginDDT - loginfunctionality_DDT test starting
15:55:11.013 [main] INFO  testCases.Tc_loginDDT - User Data Input start
15:55:11.013 [main] INFO  testCases.Tc_loginDDT - username input
15:55:11.015 [main] ERROR testCases.Tc_loginDDT - Test case failed
15:55:11.017 [main] INFO  testCases.Tc_loginDDT - loginfunctionality_DDT test starting
15:55:11.017 [main] INFO  testCases.Tc_loginDDT - User Data Input start
15:55:11.017 [main] INFO  testCases.Tc_loginDDT - username input
15:55:11.019 [main] ERROR testCases.Tc_loginDDT - Test case failed
15:55:11.020 [main] INFO  testCases.Tc_loginDDT - loginfunctionality_DDT test starting
15:55:11.020 [main] INFO  testCases.Tc_loginDDT - User Data Input start
15:55:11.020 [main] INFO  testCases.Tc_loginDDT - username input
15:55:11.022 [main] ERROR testCases.Tc_loginDDT - Test case failed
15:55:11.023 [main] INFO  testCases.Tc_loginDDT - loginfunctionality_DDT test starting
15:55:11.023 [main] INFO  testCases.Tc_loginDDT - User Data Input start
15:55:11.023 [main] INFO  testCases.Tc_loginDDT - username input
15:55:11.026 [main] ERROR testCases.Tc_loginDDT - Test case failed
15:55:11.027 [main] INFO  testCases.Tc_loginDDT - loginfunctionality_DDT test starting
15:55:11.027 [main] INFO  testCases.Tc_loginDDT - User Data Input start
15:55:11.027 [main] INFO  testCases.Tc_loginDDT - username input
15:55:11.029 [main] ERROR testCases.Tc_loginDDT - Test case failed
15:55:11.030 [main] INFO  testCases.Tc_loginDDT - loginfunctionality_DDT test starting
15:55:11.030 [main] INFO  testCases.Tc_loginDDT - User Data Input start
15:55:11.030 [main] INFO  testCases.Tc_loginDDT - username input
15:55:11.032 [main] ERROR testCases.Tc_loginDDT - Test case failed
15:55:11.032 [main] INFO  testCases.Tc_loginDDT - loginfunctionality_DDT test starting
15:55:11.033 [main] INFO  testCases.Tc_loginDDT - User Data Input start
15:55:11.033 [main] INFO  testCases.Tc_loginDDT - username input
15:55:11.034 [main] ERROR testCases.Tc_loginDDT - Test case failed
15:55:11.035 [main] INFO  testCases.Tc_loginDDT - loginfunctionality_DDT test starting
15:55:11.035 [main] INFO  testCases.Tc_loginDDT - User Data Input start
15:55:11.035 [main] INFO  testCases.Tc_loginDDT - username input
15:55:11.037 [main] ERROR testCases.Tc_loginDDT - Test case failed
15:55:11.038 [main] INFO  testCases.Tc_loginDDT - loginfunctionality_DDT test starting
15:55:11.038 [main] INFO  testCases.Tc_loginDDT - User Data Input start
15:55:11.038 [main] INFO  testCases.Tc_loginDDT - username input
15:55:11.040 [main] ERROR testCases.Tc_loginDDT - Test case failed
15:55:11.041 [main] INFO  testCases.Tc_loginDDT - loginfunctionality_DDT test starting
15:55:11.041 [main] INFO  testCases.Tc_loginDDT - User Data Input start
15:55:11.041 [main] INFO  testCases.Tc_loginDDT - username input
15:55:11.043 [main] ERROR testCases.Tc_loginDDT - Test case failed
15:55:11.044 [main] INFO  testCases.Tc_loginDDT - loginfunctionality_DDT test starting
15:55:11.044 [main] INFO  testCases.Tc_loginDDT - User Data Input start
15:55:11.044 [main] INFO  testCases.Tc_loginDDT - username input
15:55:11.046 [main] ERROR testCases.Tc_loginDDT - Test case failed
15:55:11.047 [main] INFO  testCases.Tc_loginDDT - loginfunctionality_DDT test starting
15:55:11.047 [main] INFO  testCases.Tc_loginDDT - User Data Input start
15:55:11.047 [main] INFO  testCases.Tc_loginDDT - username input
15:55:11.049 [main] ERROR testCases.Tc_loginDDT - Test case failed
15:55:11.050 [main] INFO  testCases.Tc_loginDDT - loginfunctionality_DDT test starting
15:55:11.050 [main] INFO  testCases.Tc_loginDDT - User Data Input start
15:55:11.050 [main] INFO  testCases.Tc_loginDDT - username input
15:55:11.051 [main] ERROR testCases.Tc_loginDDT - Test case failed
15:55:11.052 [main] INFO  testCases.Tc_loginDDT - loginfunctionality_DDT test starting
15:55:11.052 [main] INFO  testCases.Tc_loginDDT - User Data Input start
15:55:11.052 [main] INFO  testCases.Tc_loginDDT - username input
15:55:11.054 [main] ERROR testCases.Tc_loginDDT - Test case failed
15:55:11.055 [main] INFO  testCases.Tc_loginDDT - loginfunctionality_DDT test starting
15:55:11.055 [main] INFO  testCases.Tc_loginDDT - User Data Input start
15:55:11.055 [main] INFO  testCases.Tc_loginDDT - username input
15:55:11.057 [main] ERROR testCases.Tc_loginDDT - Test case failed
15:55:11.058 [main] INFO  testCases.Tc_loginDDT - loginfunctionality_DDT test starting
15:55:11.058 [main] INFO  testCases.Tc_loginDDT - User Data Input start
15:55:11.058 [main] INFO  testCases.Tc_loginDDT - username input
15:55:11.061 [main] ERROR testCases.Tc_loginDDT - Test case failed
15:55:11.062 [main] INFO  testCases.Tc_loginDDT - loginfunctionality_DDT test starting
15:55:11.062 [main] INFO  testCases.Tc_loginDDT - User Data Input start
15:55:11.062 [main] INFO  testCases.Tc_loginDDT - username input
15:55:11.064 [main] ERROR testCases.Tc_loginDDT - Test case failed
15:55:11.064 [main] INFO  testCases.Tc_loginDDT - loginfunctionality_DDT test starting
15:55:11.065 [main] INFO  testCases.Tc_loginDDT - User Data Input start
15:55:11.065 [main] INFO  testCases.Tc_loginDDT - username input
15:55:11.067 [main] ERROR testCases.Tc_loginDDT - Test case failed
15:55:11.067 [main] INFO  testCases.Tc_loginDDT - loginfunctionality_DDT test starting
15:55:11.068 [main] INFO  testCases.Tc_loginDDT - User Data Input start
15:55:11.068 [main] INFO  testCases.Tc_loginDDT - username input
15:55:11.070 [main] ERROR testCases.Tc_loginDDT - Test case failed
15:55:11.070 [main] INFO  testCases.Tc_loginDDT - loginfunctionality_DDT test starting
15:55:11.070 [main] INFO  testCases.Tc_loginDDT - User Data Input start
15:55:11.070 [main] INFO  testCases.Tc_loginDDT - username input
15:55:11.072 [main] ERROR testCases.Tc_loginDDT - Test case failed
15:55:11.074 [main] INFO  testCases.Tc_loginDDT - loginfunctionality_DDT test starting
15:55:11.074 [main] INFO  testCases.Tc_loginDDT - User Data Input start
15:55:11.074 [main] INFO  testCases.Tc_loginDDT - username input
15:55:11.077 [main] ERROR testCases.Tc_loginDDT - Test case failed
15:55:11.078 [main] INFO  testCases.Tc_loginDDT - loginfunctionality_DDT test starting
15:55:11.078 [main] INFO  testCases.Tc_loginDDT - User Data Input start
15:55:11.078 [main] INFO  testCases.Tc_loginDDT - username input
15:55:11.080 [main] ERROR testCases.Tc_loginDDT - Test case failed
15:55:11.081 [main] INFO  testCases.Tc_loginDDT - loginfunctionality_DDT test starting
15:55:11.081 [main] INFO  testCases.Tc_loginDDT - User Data Input start
15:55:11.081 [main] INFO  testCases.Tc_loginDDT - username input
15:55:11.083 [main] ERROR testCases.Tc_loginDDT - Test case failed
15:55:11.084 [main] INFO  testCases.Tc_loginDDT - loginfunctionality_DDT test starting
15:55:11.084 [main] INFO  testCases.Tc_loginDDT - User Data Input start
15:55:11.084 [main] INFO  testCases.Tc_loginDDT - username input
15:55:11.087 [main] ERROR testCases.Tc_loginDDT - Test case failed
15:55:11.087 [main] INFO  testCases.Tc_loginDDT - loginfunctionality_DDT test starting
15:55:11.088 [main] INFO  testCases.Tc_loginDDT - User Data Input start
15:55:11.088 [main] INFO  testCases.Tc_loginDDT - username input
15:55:11.090 [main] ERROR testCases.Tc_loginDDT - Test case failed
15:55:11.091 [main] INFO  testCases.Tc_loginDDT - loginfunctionality_DDT test starting
15:55:11.091 [main] INFO  testCases.Tc_loginDDT - User Data Input start
15:55:11.091 [main] INFO  testCases.Tc_loginDDT - username input
15:55:11.093 [main] ERROR testCases.Tc_loginDDT - Test case failed
15:55:11.094 [main] INFO  testCases.Tc_loginDDT - loginfunctionality_DDT test starting
15:55:11.094 [main] INFO  testCases.Tc_loginDDT - User Data Input start
15:55:11.094 [main] INFO  testCases.Tc_loginDDT - username input
15:55:11.097 [main] ERROR testCases.Tc_loginDDT - Test case failed
15:55:11.097 [main] INFO  testCases.Tc_loginDDT - loginfunctionality_DDT test starting
15:55:11.097 [main] INFO  testCases.Tc_loginDDT - User Data Input start
15:55:11.097 [main] INFO  testCases.Tc_loginDDT - username input
15:55:11.103 [main] ERROR testCases.Tc_loginDDT - Test case failed
15:55:11.104 [main] INFO  testCases.Tc_loginDDT - loginfunctionality_DDT test starting
15:55:11.104 [main] INFO  testCases.Tc_loginDDT - User Data Input start
15:55:11.104 [main] INFO  testCases.Tc_loginDDT - username input
15:55:11.106 [main] ERROR testCases.Tc_loginDDT - Test case failed
15:55:11.107 [main] INFO  testCases.Tc_loginDDT - loginfunctionality_DDT test starting
15:55:11.107 [main] INFO  testCases.Tc_loginDDT - User Data Input start
15:55:11.107 [main] INFO  testCases.Tc_loginDDT - username input
15:55:11.110 [main] ERROR testCases.Tc_loginDDT - Test case failed
15:55:11.111 [main] INFO  testCases.Tc_loginDDT - loginfunctionality_DDT test starting
15:55:11.111 [main] INFO  testCases.Tc_loginDDT - User Data Input start
15:55:11.111 [main] INFO  testCases.Tc_loginDDT - username input
15:55:11.113 [main] ERROR testCases.Tc_loginDDT - Test case failed
15:55:11.114 [main] INFO  testCases.Tc_loginDDT - loginfunctionality_DDT test starting
15:55:11.114 [main] INFO  testCases.Tc_loginDDT - User Data Input start
15:55:11.114 [main] INFO  testCases.Tc_loginDDT - username input
15:55:11.116 [main] ERROR testCases.Tc_loginDDT - Test case failed
15:55:11.117 [main] INFO  testCases.Tc_loginDDT - loginfunctionality_DDT test starting
15:55:11.117 [main] INFO  testCases.Tc_loginDDT - User Data Input start
15:55:11.118 [main] INFO  testCases.Tc_loginDDT - username input
15:55:11.120 [main] ERROR testCases.Tc_loginDDT - Test case failed
15:55:11.121 [main] INFO  testCases.Tc_loginDDT - loginfunctionality_DDT test starting
15:55:11.121 [main] INFO  testCases.Tc_loginDDT - User Data Input start
15:55:11.121 [main] INFO  testCases.Tc_loginDDT - username input
15:55:11.123 [main] ERROR testCases.Tc_loginDDT - Test case failed
15:55:11.124 [main] INFO  testCases.Tc_loginDDT - loginfunctionality_DDT test starting
15:55:11.124 [main] INFO  testCases.Tc_loginDDT - User Data Input start
15:55:11.124 [main] INFO  testCases.Tc_loginDDT - username input
15:55:11.127 [main] ERROR testCases.Tc_loginDDT - Test case failed
15:55:11.128 [main] INFO  testCases.Tc_loginDDT - loginfunctionality_DDT test starting
15:55:11.128 [main] INFO  testCases.Tc_loginDDT - User Data Input start
15:55:11.128 [main] INFO  testCases.Tc_loginDDT - username input
15:55:11.130 [main] ERROR testCases.Tc_loginDDT - Test case failed
15:55:11.131 [main] INFO  testCases.Tc_loginDDT - loginfunctionality_DDT test starting
15:55:11.131 [main] INFO  testCases.Tc_loginDDT - User Data Input start
15:55:11.131 [main] INFO  testCases.Tc_loginDDT - username input
15:55:11.134 [main] ERROR testCases.Tc_loginDDT - Test case failed
15:55:11.135 [main] INFO  testCases.Tc_loginDDT - loginfunctionality_DDT test starting
15:55:11.135 [main] INFO  testCases.Tc_loginDDT - User Data Input start
15:55:11.135 [main] INFO  testCases.Tc_loginDDT - username input
15:55:11.137 [main] ERROR testCases.Tc_loginDDT - Test case failed
15:55:11.138 [main] INFO  testCases.Tc_loginDDT - loginfunctionality_DDT test starting
15:55:11.138 [main] INFO  testCases.Tc_loginDDT - User Data Input start
15:55:11.138 [main] INFO  testCases.Tc_loginDDT - username input
15:55:11.141 [main] ERROR testCases.Tc_loginDDT - Test case failed
15:55:11.142 [main] INFO  testCases.Tc_loginDDT - loginfunctionality_DDT test starting
15:55:11.143 [main] INFO  testCases.Tc_loginDDT - User Data Input start
15:55:11.143 [main] INFO  testCases.Tc_loginDDT - username input
15:55:11.145 [main] ERROR testCases.Tc_loginDDT - Test case failed
15:55:11.146 [main] INFO  testCases.Tc_loginDDT - loginfunctionality_DDT test starting
15:55:11.147 [main] INFO  testCases.Tc_loginDDT - User Data Input start
15:55:11.147 [main] INFO  testCases.Tc_loginDDT - username input
15:55:11.149 [main] ERROR testCases.Tc_loginDDT - Test case failed
15:55:11.151 [main] INFO  testCases.Tc_loginDDT - loginfunctionality_DDT test starting
15:55:11.151 [main] INFO  testCases.Tc_loginDDT - User Data Input start
15:55:11.151 [main] INFO  testCases.Tc_loginDDT - username input
15:55:11.154 [main] ERROR testCases.Tc_loginDDT - Test case failed
15:55:11.154 [main] INFO  testCases.Tc_loginDDT - loginfunctionality_DDT test starting
15:55:11.155 [main] INFO  testCases.Tc_loginDDT - User Data Input start
15:55:11.155 [main] INFO  testCases.Tc_loginDDT - username input
15:55:11.157 [main] ERROR testCases.Tc_loginDDT - Test case failed
15:55:11.158 [main] INFO  testCases.Tc_loginDDT - loginfunctionality_DDT test starting
15:55:11.158 [main] INFO  testCases.Tc_loginDDT - User Data Input start
15:55:11.158 [main] INFO  testCases.Tc_loginDDT - username input
15:55:11.160 [main] ERROR testCases.Tc_loginDDT - Test case failed
15:55:11.162 [main] INFO  testCases.Tc_loginDDT - loginfunctionality_DDT test starting
15:55:11.162 [main] INFO  testCases.Tc_loginDDT - User Data Input start
15:55:11.162 [main] INFO  testCases.Tc_loginDDT - username input
15:55:11.164 [main] ERROR testCases.Tc_loginDDT - Test case failed
15:55:11.165 [main] INFO  testCases.Tc_loginDDT - loginfunctionality_DDT test starting
15:55:11.165 [main] INFO  testCases.Tc_loginDDT - User Data Input start
15:55:11.165 [main] INFO  testCases.Tc_loginDDT - username input
15:55:11.167 [main] ERROR testCases.Tc_loginDDT - Test case failed
15:55:11.167 [main] INFO  testCases.Tc_loginDDT - loginfunctionality_DDT test starting
15:55:11.167 [main] INFO  testCases.Tc_loginDDT - User Data Input start
15:55:11.167 [main] INFO  testCases.Tc_loginDDT - username input
15:55:11.169 [main] ERROR testCases.Tc_loginDDT - Test case failed
15:55:11.170 [main] INFO  testCases.Tc_loginDDT - loginfunctionality_DDT test starting
15:55:11.170 [main] INFO  testCases.Tc_loginDDT - User Data Input start
15:55:11.170 [main] INFO  testCases.Tc_loginDDT - username input
15:55:11.172 [main] ERROR testCases.Tc_loginDDT - Test case failed
15:55:11.172 [main] INFO  testCases.Tc_loginDDT - loginfunctionality_DDT test starting
15:55:11.173 [main] INFO  testCases.Tc_loginDDT - User Data Input start
15:55:11.173 [main] INFO  testCases.Tc_loginDDT - username input
15:55:11.175 [main] ERROR testCases.Tc_loginDDT - Test case failed
15:55:11.176 [main] INFO  testCases.Tc_loginDDT - loginfunctionality_DDT test starting
15:55:11.176 [main] INFO  testCases.Tc_loginDDT - User Data Input start
15:55:11.176 [main] INFO  testCases.Tc_loginDDT - username input
15:55:11.178 [main] ERROR testCases.Tc_loginDDT - Test case failed
15:55:11.179 [main] INFO  testCases.Tc_loginDDT - loginfunctionality_DDT test starting
15:55:11.179 [main] INFO  testCases.Tc_loginDDT - User Data Input start
15:55:11.179 [main] INFO  testCases.Tc_loginDDT - username input
15:55:11.180 [main] ERROR testCases.Tc_loginDDT - Test case failed
15:55:11.181 [main] INFO  testCases.Tc_loginDDT - loginfunctionality_DDT test starting
15:55:11.181 [main] INFO  testCases.Tc_loginDDT - User Data Input start
15:55:11.181 [main] INFO  testCases.Tc_loginDDT - username input
15:55:11.183 [main] ERROR testCases.Tc_loginDDT - Test case failed
15:55:11.184 [main] INFO  testCases.Tc_loginDDT - loginfunctionality_DDT test starting
15:55:11.184 [main] INFO  testCases.Tc_loginDDT - User Data Input start
15:55:11.184 [main] INFO  testCases.Tc_loginDDT - username input
15:55:11.186 [main] ERROR testCases.Tc_loginDDT - Test case failed
15:55:11.186 [main] INFO  testCases.Tc_loginDDT - loginfunctionality_DDT test starting
15:55:11.187 [main] INFO  testCases.Tc_loginDDT - User Data Input start
15:55:11.187 [main] INFO  testCases.Tc_loginDDT - username input
15:55:11.188 [main] ERROR testCases.Tc_loginDDT - Test case failed
15:55:11.189 [main] INFO  testCases.Tc_loginDDT - loginfunctionality_DDT test starting
15:55:11.189 [main] INFO  testCases.Tc_loginDDT - User Data Input start
15:55:11.189 [main] INFO  testCases.Tc_loginDDT - username input
15:55:11.191 [main] ERROR testCases.Tc_loginDDT - Test case failed
15:55:11.191 [main] INFO  testCases.Tc_loginDDT - loginfunctionality_DDT test starting
15:55:11.192 [main] INFO  testCases.Tc_loginDDT - User Data Input start
15:55:11.192 [main] INFO  testCases.Tc_loginDDT - username input
15:55:11.194 [main] ERROR testCases.Tc_loginDDT - Test case failed
15:55:11.194 [main] INFO  testCases.Tc_loginDDT - loginfunctionality_DDT test starting
15:55:11.194 [main] INFO  testCases.Tc_loginDDT - User Data Input start
15:55:11.194 [main] INFO  testCases.Tc_loginDDT - username input
15:55:11.196 [main] ERROR testCases.Tc_loginDDT - Test case failed
15:55:11.197 [main] INFO  testCases.Tc_loginDDT - loginfunctionality_DDT test starting
15:55:11.197 [main] INFO  testCases.Tc_loginDDT - User Data Input start
15:55:11.197 [main] INFO  testCases.Tc_loginDDT - username input
15:55:11.199 [main] ERROR testCases.Tc_loginDDT - Test case failed
15:55:11.200 [main] INFO  testCases.Tc_loginDDT - loginfunctionality_DDT test starting
15:55:11.200 [main] INFO  testCases.Tc_loginDDT - User Data Input start
15:55:11.200 [main] INFO  testCases.Tc_loginDDT - username input
15:55:11.202 [main] ERROR testCases.Tc_loginDDT - Test case failed
15:55:11.202 [main] INFO  testCases.Tc_loginDDT - loginfunctionality_DDT test starting
15:55:11.202 [main] INFO  testCases.Tc_loginDDT - User Data Input start
15:55:11.202 [main] INFO  testCases.Tc_loginDDT - username input
15:55:11.204 [main] ERROR testCases.Tc_loginDDT - Test case failed
15:55:11.205 [main] INFO  testCases.Tc_loginDDT - loginfunctionality_DDT test starting
15:55:11.205 [main] INFO  testCases.Tc_loginDDT - User Data Input start
15:55:11.205 [main] INFO  testCases.Tc_loginDDT - username input
15:55:11.206 [main] ERROR testCases.Tc_loginDDT - Test case failed
15:55:11.207 [main] INFO  testCases.Tc_loginDDT - loginfunctionality_DDT test starting
15:55:11.207 [main] INFO  testCases.Tc_loginDDT - User Data Input start
15:55:11.207 [main] INFO  testCases.Tc_loginDDT - username input
15:55:11.209 [main] ERROR testCases.Tc_loginDDT - Test case failed
15:55:11.210 [main] INFO  testCases.Tc_loginDDT - loginfunctionality_DDT test starting
15:55:11.210 [main] INFO  testCases.Tc_loginDDT - User Data Input start
15:55:11.210 [main] INFO  testCases.Tc_loginDDT - username input
15:55:11.212 [main] ERROR testCases.Tc_loginDDT - Test case failed
15:55:11.213 [main] INFO  testCases.Tc_loginDDT - loginfunctionality_DDT test starting
15:55:11.213 [main] INFO  testCases.Tc_loginDDT - User Data Input start
15:55:11.213 [main] INFO  testCases.Tc_loginDDT - username input
15:55:11.214 [main] ERROR testCases.Tc_loginDDT - Test case failed
15:55:11.215 [main] INFO  testCases.Tc_loginDDT - loginfunctionality_DDT test starting
15:55:11.215 [main] INFO  testCases.Tc_loginDDT - User Data Input start
15:55:11.215 [main] INFO  testCases.Tc_loginDDT - username input
15:55:11.217 [main] ERROR testCases.Tc_loginDDT - Test case failed
15:55:11.218 [main] INFO  testCases.Tc_loginDDT - loginfunctionality_DDT test starting
15:55:11.218 [main] INFO  testCases.Tc_loginDDT - User Data Input start
15:55:11.218 [main] INFO  testCases.Tc_loginDDT - username input
15:55:11.219 [main] ERROR testCases.Tc_loginDDT - Test case failed
15:55:11.220 [main] INFO  testCases.Tc_loginDDT - loginfunctionality_DDT test starting
15:55:11.220 [main] INFO  testCases.Tc_loginDDT - User Data Input start
15:55:11.220 [main] INFO  testCases.Tc_loginDDT - username input
15:55:11.222 [main] ERROR testCases.Tc_loginDDT - Test case failed
15:55:11.222 [main] INFO  testCases.Tc_loginDDT - loginfunctionality_DDT test starting
15:55:11.222 [main] INFO  testCases.Tc_loginDDT - User Data Input start
15:55:11.222 [main] INFO  testCases.Tc_loginDDT - username input
15:55:11.224 [main] ERROR testCases.Tc_loginDDT - Test case failed
15:55:11.225 [main] INFO  testCases.Tc_loginDDT - loginfunctionality_DDT test starting
15:55:11.226 [main] INFO  testCases.Tc_loginDDT - User Data Input start
15:55:11.226 [main] INFO  testCases.Tc_loginDDT - username input
15:55:11.227 [main] ERROR testCases.Tc_loginDDT - Test case failed
15:55:11.228 [main] INFO  testCases.Tc_loginDDT - loginfunctionality_DDT test starting
15:55:11.228 [main] INFO  testCases.Tc_loginDDT - User Data Input start
15:55:11.228 [main] INFO  testCases.Tc_loginDDT - username input
15:55:11.230 [main] ERROR testCases.Tc_loginDDT - Test case failed
15:55:11.231 [main] INFO  testCases.Tc_loginDDT - loginfunctionality_DDT test starting
15:55:11.231 [main] INFO  testCases.Tc_loginDDT - User Data Input start
15:55:11.231 [main] INFO  testCases.Tc_loginDDT - username input
15:55:11.234 [main] ERROR testCases.Tc_loginDDT - Test case failed
15:55:11.235 [main] INFO  testCases.Tc_loginDDT - loginfunctionality_DDT test starting
15:55:11.235 [main] INFO  testCases.Tc_loginDDT - User Data Input start
15:55:11.235 [main] INFO  testCases.Tc_loginDDT - username input
15:55:11.237 [main] ERROR testCases.Tc_loginDDT - Test case failed
15:55:11.238 [main] INFO  testCases.Tc_loginDDT - loginfunctionality_DDT test starting
15:55:11.238 [main] INFO  testCases.Tc_loginDDT - User Data Input start
15:55:11.238 [main] INFO  testCases.Tc_loginDDT - username input
15:55:11.240 [main] ERROR testCases.Tc_loginDDT - Test case failed
15:55:11.241 [main] INFO  testCases.Tc_loginDDT - loginfunctionality_DDT test starting
15:55:11.241 [main] INFO  testCases.Tc_loginDDT - User Data Input start
15:55:11.241 [main] INFO  testCases.Tc_loginDDT - username input
15:55:11.243 [main] ERROR testCases.Tc_loginDDT - Test case failed
15:55:11.244 [main] INFO  testCases.Tc_loginDDT - loginfunctionality_DDT test starting
15:55:11.244 [main] INFO  testCases.Tc_loginDDT - User Data Input start
15:55:11.244 [main] INFO  testCases.Tc_loginDDT - username input
15:55:11.246 [main] ERROR testCases.Tc_loginDDT - Test case failed
21:11:38.920 [main] INFO  testCases.Tc_login - OS: windows
21:11:38.924 [main] INFO  testCases.Tc_login - Browser: chrome
21:11:58.781 [main] INFO  testCases.Tc_login - loginfunctionality test starting
21:11:58.881 [main] INFO  testCases.Tc_login - User Data Input start
21:11:58.882 [main] INFO  testCases.Tc_login - username input
21:11:59.124 [main] INFO  testCases.Tc_login - passwd input
21:11:59.342 [main] INFO  testCases.Tc_login - click on T&C Radio button
21:11:59.503 [main] INFO  testCases.Tc_login - Click On Signin button
21:11:59.649 [main] INFO  testCases.Tc_login - verify the login sucessful or not 
21:12:02.175 [main] INFO  testCases.Tc_login - loginfunctionality test finished
21:22:34.980 [main] INFO  testCases.Tc_login - OS: windows
21:22:34.985 [main] INFO  testCases.Tc_login - Browser: chrome
21:22:40.892 [main] INFO  testCases.Tc_login - loginfunctionality test starting
21:22:41.031 [main] INFO  testCases.Tc_login - User Data Input start
21:22:41.035 [main] INFO  testCases.Tc_login - username input
21:22:41.261 [main] INFO  testCases.Tc_login - passwd input
21:22:41.446 [main] INFO  testCases.Tc_login - click on T&C Radio button
21:22:41.640 [main] INFO  testCases.Tc_login - Click On Signin button
21:22:41.842 [main] INFO  testCases.Tc_login - verify the login sucessful or not 
21:22:44.742 [main] INFO  testCases.Tc_login - loginfunctionality test finished
21:22:45.147 [main] INFO  testCases.Tc_login - OS: windows
21:22:45.147 [main] INFO  testCases.Tc_login - Browser: edge
21:22:45.387 [main] INFO  testCases.Tc_login - OS: windows
21:22:45.387 [main] INFO  testCases.Tc_login - Browser: firefox
21:22:51.781 [main] INFO  testCases.Tc_login - loginfunctionality test starting
21:22:51.782 [main] INFO  testCases.Tc_login - User Data Input start
21:22:51.782 [main] INFO  testCases.Tc_login - username input
21:22:51.875 [main] INFO  testCases.Tc_login - passwd input
21:22:51.913 [main] INFO  testCases.Tc_login - click on T&C Radio button
21:22:52.010 [main] INFO  testCases.Tc_login - Click On Signin button
21:22:52.122 [main] INFO  testCases.Tc_login - verify the login sucessful or not 
21:22:54.610 [main] INFO  testCases.Tc_login - loginfunctionality test finished
13:23:35.282 [main] INFO  testCases.Tc_login - OS: windows
13:23:35.286 [main] INFO  testCases.Tc_login - Browser: chrome
13:23:46.366 [main] INFO  testCases.Tc_login - loginfunctionality test starting
13:23:46.417 [main] INFO  testCases.Tc_login - User Data Input start
13:23:46.417 [main] INFO  testCases.Tc_login - username input
13:23:46.542 [main] INFO  testCases.Tc_login - passwd input
13:23:46.665 [main] INFO  testCases.Tc_login - click on T&C Radio button
13:23:46.764 [main] INFO  testCases.Tc_login - Click On Signin button
13:23:46.866 [main] INFO  testCases.Tc_login - verify the login sucessful or not 
13:23:51.237 [main] INFO  testCases.Tc_login - loginfunctionality test finished
13:23:51.438 [main] INFO  testCases.Tc_login - OS: windows
13:23:51.439 [main] INFO  testCases.Tc_login - Browser: edge
13:23:51.656 [main] INFO  testCases.Tc_login - OS: windows
13:23:51.656 [main] INFO  testCases.Tc_login - Browser: firefox
13:23:57.323 [main] INFO  testCases.Tc_login - loginfunctionality test starting
13:23:57.324 [main] INFO  testCases.Tc_login - User Data Input start
13:23:57.324 [main] INFO  testCases.Tc_login - username input
13:23:57.423 [main] INFO  testCases.Tc_login - passwd input
13:23:57.453 [main] INFO  testCases.Tc_login - click on T&C Radio button
13:23:57.533 [main] INFO  testCases.Tc_login - Click On Signin button
13:23:57.615 [main] INFO  testCases.Tc_login - verify the login sucessful or not 
13:24:00.246 [main] INFO  testCases.Tc_login - loginfunctionality test finished
13:25:43.345 [main] INFO  testCases.Tc_login - OS: windows
13:25:43.348 [main] INFO  testCases.Tc_login - Browser: chrome
13:25:52.204 [main] INFO  testCases.Tc_login - loginfunctionality test starting
13:25:52.224 [main] INFO  testCases.Tc_login - User Data Input start
13:25:52.224 [main] INFO  testCases.Tc_login - username input
13:25:52.334 [main] INFO  testCases.Tc_login - passwd input
13:25:52.443 [main] INFO  testCases.Tc_login - click on T&C Radio button
13:25:52.537 [main] INFO  testCases.Tc_login - Click On Signin button
13:25:52.627 [main] INFO  testCases.Tc_login - verify the login sucessful or not 
13:25:55.849 [main] INFO  testCases.Tc_login - loginfunctionality test finished
13:31:38.388 [main] INFO  testCases.Tc_login - OS: windows
13:31:38.393 [main] INFO  testCases.Tc_login - Browser: chrome
13:31:46.424 [main] INFO  testCases.Tc_login - loginfunctionality test starting
13:31:46.478 [main] INFO  testCases.Tc_login - User Data Input start
13:31:46.478 [main] INFO  testCases.Tc_login - username input
13:31:46.597 [main] INFO  testCases.Tc_login - passwd input
13:31:46.705 [main] INFO  testCases.Tc_login - click on T&C Radio button
13:31:46.811 [main] INFO  testCases.Tc_login - Click On Signin button
13:31:46.916 [main] INFO  testCases.Tc_login - verify the login sucessful or not 
13:31:50.171 [main] INFO  testCases.Tc_login - loginfunctionality test finished
13:33:21.875 [main] INFO  testCases.Tc_login - OS: windows
13:33:21.880 [main] INFO  testCases.Tc_login - Browser: chrome
13:33:28.234 [main] INFO  testCases.Tc_login - loginfunctionality test starting
13:33:28.258 [main] INFO  testCases.Tc_login - User Data Input start
13:33:28.259 [main] INFO  testCases.Tc_login - username input
13:33:28.361 [main] INFO  testCases.Tc_login - passwd input
13:33:28.473 [main] INFO  testCases.Tc_login - click on T&C Radio button
13:33:28.562 [main] INFO  testCases.Tc_login - Click On Signin button
13:33:28.668 [main] INFO  testCases.Tc_login - verify the login sucessful or not 
13:33:31.880 [main] INFO  testCases.Tc_login - loginfunctionality test finished
13:33:32.085 [main] INFO  testCases.Tc_login - OS: windows
13:33:32.085 [main] INFO  testCases.Tc_login - Browser: edge
13:33:32.269 [main] INFO  testCases.Tc_login - OS: windows
13:33:32.269 [main] INFO  testCases.Tc_login - Browser: firefox
13:33:37.222 [main] INFO  testCases.Tc_login - loginfunctionality test starting
13:33:37.223 [main] INFO  testCases.Tc_login - User Data Input start
13:33:37.223 [main] INFO  testCases.Tc_login - username input
13:33:37.324 [main] INFO  testCases.Tc_login - passwd input
13:33:37.353 [main] INFO  testCases.Tc_login - click on T&C Radio button
13:33:37.427 [main] INFO  testCases.Tc_login - Click On Signin button
13:33:37.507 [main] INFO  testCases.Tc_login - verify the login sucessful or not 
13:33:40.227 [main] INFO  testCases.Tc_login - loginfunctionality test finished
